First Name,Last Name,Title,Company,Company Domain,Website Link,Location,Person Linkedin Url,Apollo Profile Url
Andrea,Petro,Co-Founder,AdCap Growth Partners,adcapgp.com,http://www.adcapgp.com,"New York, New York",http://www.linkedin.com/in/andrea-petro-13b660327,https://app.apollo.io/#/people/670ad67d27e41f000118d383
Matthew,Daniel,Co-Founder,Columbus Wealth Management,cbuswm.com,http://www.cbuswm.com,"Columbus, Ohio",http://www.linkedin.com/in/matthew-j-daniel,https://app.apollo.io/#/people/66fd46bad8d3dd00017b3cb1
Nimisha,Melag,Co-Founder,iSpeed Canada Fintech Inc,ispeedtax.ca,http://www.ispeedtax.ca,"Palo Alto, California",http://www.linkedin.com/in/nimisha-m,https://app.apollo.io/#/people/6871e5efdd9ddc00017d3862
Paul,Waller,Co-Founder and Managing Director,Mackie & Waller Wealth Management Group,mackiewaller.com,http://www.mackiewaller.com,"Mattoon, Illinois",http://www.linkedin.com/in/paul-waller-cfp%c2%ae-3984b0b1,https://app.apollo.io/#/people/5e07fafeed90a70001ad3eb9
Stephanie,Ackler,President & Co-Founder,AKD Wealth Partners of Wells Fargo Advisors Financial Network,akdwealthpartners.com,http://www.akdwealthpartners.com,"New York, New York",http://www.linkedin.com/in/stephanieackler,https://app.apollo.io/#/people/54a4cc347468692fa28b7064
Paul,Jarvis,Director and Co-Founder,BFD Financial Planning,bfdfinancialplanning.com,http://www.bfdfinancialplanning.com,"Castle Hill, Australia",http://www.linkedin.com/in/paul-jarvis,https://app.apollo.io/#/people/635964f21f90e10001495b8a
Sean,Cawley,"Co-Founder, Wealth Management Advisor",Resolute Wealth Management,resolutewealthmanagement.com,http://www.resolutewealthmanagement.com,"Brentwood, Tennessee",http://www.linkedin.com/in/sean-cawley-cfp%c2%ae-57a47aa3,https://app.apollo.io/#/people/671ce41947201e0001250419
Jim,Harasha,Co-Founder,The BREAKTHRU Multi-Family Office,bluleadership.com,http://www.bluleadership.com,"Milwaukee, Wisconsin",http://www.linkedin.com/in/jim-harasha-49193846,https://app.apollo.io/#/people/54a5a0cc746869320955759e
Kristin,Printon,Co-Founder & Vice President,Moxie Wealth Management,moxiewealthmanagement.com,http://www.moxiewealthmanagement.com,"Minneapolis, Minnesota",http://www.linkedin.com/in/kristinbrandliprinton,https://app.apollo.io/#/people/57def307a6da987b3d42341a
Matthew,Bristow,Co-Founder and Managing Director,ClearRidge Investment Banking and Transaction Advisory,clearridgecapital.com,http://www.clearridgecapital.com,"Tulsa, Oklahoma",http://www.linkedin.com/in/matthewbristow,https://app.apollo.io/#/people/66fe404cc1602800010401f8
Kevin,McLoughlin,CIO and Co-Founder,"Trio Wealth Management, LLC",triowm.com,http://www.triowm.com,"McLean, Virginia",http://www.linkedin.com/in/kdmfinancialplanner,https://app.apollo.io/#/people/66f2dbc94a19da00017b0b6e
Hays,Evans,Co-Founder,Clover Capital Partners,clovercappartners.com,http://www.clovercappartners.com,"Atlanta, Georgia",http://www.linkedin.com/in/haysevans,https://app.apollo.io/#/people/54c1b0bc7468691639926636
Rick,Sanchez,Co-Founder,Leveridge,leveridge.ai,http://www.leveridge.ai,"Los Angeles, California",http://www.linkedin.com/in/rick-sanchez-re-strategy,https://app.apollo.io/#/people/664d632d3ae5cd00018cac5e
Erez,Lankri,Co-Founder & CEO,Lucid Financials,lucid.now,http://www.lucid.now,"New York, New York",http://www.linkedin.com/in/lankrierez,https://app.apollo.io/#/people/678fa7de27deb400018e446e
James,Olsen,"President & Chief Investment Officer, Co-founder",Malvern Capital Management,malverncap.com,http://www.malverncap.com,"Phoenixville, Pennsylvania",http://www.linkedin.com/in/james-olsen-cfa-cfp%c2%ae-35849615,https://app.apollo.io/#/people/671341c4f35cdc00017a46b4
Kristen,Engeron,Co-Founder,Dynamic Tax & CFO,dynamictaxcfo.com,http://www.dynamictaxcfo.com,"Houma, Louisiana",http://www.linkedin.com/in/kristen-engeron-25271438,https://app.apollo.io/#/people/57da07a6a6da9876007e1f42
Philip,Bagdade,Co-Founder,"Blue River Capital Management, LLC",brcm.co,http://www.brcm.co,"Portland, Oregon",http://www.linkedin.com/in/philipbagdadecfa,https://app.apollo.io/#/people/5b605f2b060cd45c1b251694
Joe,Funderburk,Co-Founder/Partner - 3D Wealth Management,3D Wealth Management,3dwealthmanagement.com,https://3dwealthmanagement.com,"Greenville, South Carolina",http://www.linkedin.com/in/joefunderburk,https://app.apollo.io/#/people/54a82fd8746869682965e065
Ritesh,Katwala,Co-Founder,City Capital Office,citycapitaloffice.com,http://www.citycapitaloffice.com,"Naperville, Illinois",http://www.linkedin.com/in/ritesh-katwala-b821b010,https://app.apollo.io/#/people/66f9992aad8db20001341f75
Jeffrey,Feldberg,Co-Founder,deepwealth.com,deepwealth.com,https://deepwealth.com,"Hallandale Beach, Florida",http://www.linkedin.com/in/jeffreyfeldberg,https://app.apollo.io/#/people/66f5f33d4295c1000198675c
Max,Mitrofanov,Co-Founder/CEO,23 Street,23street.com,http://www.23street.com,"New York, New York",http://www.linkedin.com/in/maxmitrofanov,https://app.apollo.io/#/people/6512477192ac1100013aff41
Luca,Wallace,Co-Founder,Syndex Capital,syndexgroup.com,http://www.syndexgroup.com,"Lexington, Kentucky",http://www.linkedin.com/in/luca-wallace502,https://app.apollo.io/#/people/57d75503a6da985b98e51dd2
Queenie,Tan,Co-Founder,Billroo,billroo.com,http://www.billroo.com,"Sydney, Australia",http://www.linkedin.com/in/queenietan,https://app.apollo.io/#/people/602f1a5e1a732200011484ff
Janean,Hicks,Director | Co-Founder,Savi Wealth Pty Ltd,saviwealth.com.au,http://www.saviwealth.com.au,"Perth, Australia",http://www.linkedin.com/in/janean-hicks-b420b323,https://app.apollo.io/#/people/54a4120574686938ac39602a
Queenie,Peng,Co-Founder,Receipt AI,receipt-ai.com,http://www.receipt-ai.com,"Chicago, Illinois",http://www.linkedin.com/in/queeniepeng,https://app.apollo.io/#/people/5f84c42204d49a00012b543c
James,Hokans,"Co-Founder, Senior Advisor, Investor",Jiwambe,jiwambe.com,http://www.jiwambe.com,"Little Rock, Arkansas",http://www.linkedin.com/in/hokans,https://app.apollo.io/#/people/54a5072874686934420efa76
Ashley,Dickson,Co-Founder,Next Bloom Wealth,nextbloomwealth.com,http://www.nextbloomwealth.com,United States,http://www.linkedin.com/in/ashleycdickson,https://app.apollo.io/#/people/54a4fb6c7468692cf06d4c73
Pam,Guggenheim,Co-Founder | Partner,Arrowood Capital &Partners,arrowood-capital.com,http://www.arrowood-capital.com,"Columbus, Ohio",http://www.linkedin.com/in/pam-guggenheim-chsnc%c2%ae-23758815,https://app.apollo.io/#/people/63a4591e23a6a40001932d3c
Juan,Bohorquez,CFO & Co-Founder,Key Capital Colombia,keycapital.co,http://www.keycapital.co,"Davenport, Florida",http://www.linkedin.com/in/juan-c-bohorquez-2b605b188,https://app.apollo.io/#/people/67460d0016429c0001fa8f35
Tim,Gandre,Co-Founder,Prazak Gandre Wealth Advisors,pg-wealthadvisors.com,http://www.pg-wealthadvisors.com,"Houston, Texas",http://www.linkedin.com/in/tim-gandre-b7b5494,https://app.apollo.io/#/people/55cad69cf3e5bb6a1b02f780
Sue,Schaeffer,"Co-Founder, Partner",Quorum Private Wealth,quorumpw.com,http://www.quorumpw.com,"Danville, California",http://www.linkedin.com/in/susan-mazzetti-quorumpw,https://app.apollo.io/#/people/63f75d8b95e3c60001841859
Mike,Todd,Co-Founder Wealth Partner,Cleartrek Wealth Partners,cleartrekwealth.com,http://www.cleartrekwealth.com,"Lincoln, Nebraska",http://www.linkedin.com/in/mike-todd-029b183,https://app.apollo.io/#/people/66f3ddb27dbe040001d00ae0
Paul,Evans,Wealth Advisor & Co-Founder,SilverTree Wealth Partners,silvertreewealthpartners.com,http://www.silvertreewealthpartners.com,"Scottsdale, Arizona",http://www.linkedin.com/in/paul-evans-711981213,https://app.apollo.io/#/people/6129c4c897ddd40001e8dde4
Travis,Poodiack,Co-Founder,Birch Financial Group,birchfinancialgroup.com,http://www.birchfinancialgroup.com,"Keene, New Hampshire",http://www.linkedin.com/in/travis-birch,https://app.apollo.io/#/people/66f821b1eee1360001b8c180
Julia,Ye,Co-Founder,Exponent Funds,exponentfunds.com,https://exponentfunds.com,"Los Angeles, California",http://www.linkedin.com/in/julia-ye-17157412a,https://app.apollo.io/#/people/66ffc2afb358ea0001081764
Kyle,Thorpe,Co-Founder,Links Private Wealth,linkspw.com,http://www.linkspw.com,"Buffalo Grove, Illinois",http://www.linkedin.com/in/thorpekyle,https://app.apollo.io/#/people/54a808c574686965d94e0b5d
Will,Snider,"Co-Founder, COO",Portside Wealth Group,portsidewealth.com,http://www.portsidewealth.com,"Mapleton, Utah",http://www.linkedin.com/in/wsnider28,https://app.apollo.io/#/people/66fd005bd7e5be000156de1d
Martin,,Co-Founder,"Investment Research Partners, LLC",investmentresearchpartners.com,http://www.investmentresearchpartners.com,"State College, Pennsylvania",http://www.linkedin.com/in/martin-a-w-08747264,https://app.apollo.io/#/people/669506a88baae3000149fbc7
Benjamin,Cary,Co-Founder,Harbor Point Merchant Services Inc,harborpointmerchant.com,https://harborpointmerchant.com,"Huntington Beach, California",http://www.linkedin.com/in/benjamin-cary-1a7551194,https://app.apollo.io/#/people/6132fd8f84dae2000158ad6a
Marc-Antoine,Caya,Co-Founder and CEO,goPeer,gopeer.ca,http://www.gopeer.ca,"San Francisco, California",http://www.linkedin.com/in/mcaya,https://app.apollo.io/#/people/66fe6cb1cf38fb0001895e73
Mark,Applegate,Co-Founder / COO,Doc Wealth,docwealth.io,http://www.docwealth.io,"Orlando, Florida",http://www.linkedin.com/in/mark-applegate-6b928b39,https://app.apollo.io/#/people/66f68cc10e6d7300016edb94
Katy,King,Co-Founder,"Oakwood Capital Partners, LLC",oakwoodcp.com,http://www.oakwoodcp.com,"Fort Myers, Florida",http://www.linkedin.com/in/katy-king-322701395,https://app.apollo.io/#/people/691247ad8e08ee000110e7a9
Joy,Cohen,Co-Founder,Financially Empowered,financiallyempowered.com,http://www.financiallyempowered.com,"Los Angeles, California",http://www.linkedin.com/in/joy-prefer-cohen-23b48041,https://app.apollo.io/#/people/54c19c0974686916395b3029
Jontae,James,Co-Founder & CEO,OtakuCash - Power Up IRL,otakucash.com,http://www.otakucash.com,"Sacramento, California",http://www.linkedin.com/in/jontae,https://app.apollo.io/#/people/66f43f69cfdf8b0001211c42
Khaled,Tizani,Co-Founder,"LoanTitan, Inc.",loantitan.com,http://www.loantitan.com,"Los Angeles, California",http://www.linkedin.com/in/khaled-tizani-61261898,https://app.apollo.io/#/people/54c2a9fb7468697af7190cb7
Patrick,Callahan,Wealth Advisor / Co-Founder,Xception Family Office,xceptionfamilyoffice.com,http://www.xceptionfamilyoffice.com,"Atlanta, Georgia",http://www.linkedin.com/in/m-patrick-callahan-jd-6b68583,https://app.apollo.io/#/people/54abc31e7468692a6b39830b
Rachelle,Morlok,President and Co-Founder,Bloom International,bloom-international.com,http://www.bloom-international.com,"Kansas City, Missouri",http://www.linkedin.com/in/rachelle-morlok-078024197,https://app.apollo.io/#/people/60c1758ee2047300012a358a
Tyler,Pahl,Wealth Advisor / Co-Founder,Millstone Wealth Management,millstonewm.com,http://www.millstonewm.com,"Saint Paul, Minnesota",http://www.linkedin.com/in/tyler-pahl-70a0a744,https://app.apollo.io/#/people/66fb5f90a8908c00018934dc
Wes,Niblack,Co-Founder/Managing Partner,Ark Wealth Management,arkwealthmgmt.com,http://www.arkwealthmgmt.com,"Tacoma, Washington",http://www.linkedin.com/in/wes-niblack-cfp%c2%ae-b82b4533,https://app.apollo.io/#/people/609a09f49d56a500010930d7
Mariel,Braun,Co-Founder & Partner,Bellwether Advisory Group,bellwetherag.com,http://www.bellwetherag.com,"Houston, Texas",http://www.linkedin.com/in/marielbraun,https://app.apollo.io/#/people/5ba027e1324d44800b76fe50
Farid,Karimi,Co-Founder,Zip Capital Group,zipcapitalgroup.com,http://www.zipcapitalgroup.com,"Irvine, California",http://www.linkedin.com/in/farid-karimi-246a6840b,https://app.apollo.io/#/people/6a19036ac6ebec00011c93c9
Joe,Barrett,Co-Founder / Chief Investment Officer,Barrett Capital Partners LLC,barrettcapitalpartners.com,http://www.barrettcapitalpartners.com,"Boston, Massachusetts",http://www.linkedin.com/in/joebarrettbcp,https://app.apollo.io/#/people/66fd0216d7e5be00015771b3
Scott,Hefty,"Co-Founder, Serae Wealth",Serae Wealth,seraewealth.com,http://www.seraewealth.com,"Houston, Texas",http://www.linkedin.com/in/scott-hefty-cfp-chfc-cts,https://app.apollo.io/#/people/68a0e4e27874eb0001f8b1bd
Kevin,Salazar,Partner & Co-Founder,Access Wealth Partners,accesswealthpartners.com,http://www.accesswealthpartners.com,"Charlotte, North Carolina",http://www.linkedin.com/in/salazarkevin,https://app.apollo.io/#/people/54c2540d7468697af7c9508f
Jarrett,Yehlen,Co-Founder & Partner,Itasca Wealth,itascawealth.com,https://itascawealth.com,"Saint Paul, Minnesota",http://www.linkedin.com/in/jarrett-yehlen-cfp%c2%ae-9755899,https://app.apollo.io/#/people/670608bf711a7f000162da16
Keira,Barr,Co-Founder and President,"Aegis Consulting Group, LLC",aegisconsults.com,http://www.aegisconsults.com,"Bend, Oregon",http://www.linkedin.com/in/keirabarr,https://app.apollo.io/#/people/66f4553922d5d500011cb9f7
Suzanne,Ley,Chief Executive Officer & Chief Financial Officer | Fintech Neo-Bank | Co-Founder,Qrescendo,qrescendo.co,http://www.qrescendo.co,"New York, New York",http://www.linkedin.com/in/suzanne-ley,https://app.apollo.io/#/people/6100550f7b708d0001615ac2
Tighe,Blazier,Co-Founder,SuVit,suvitaglobal.com,http://www.suvitaglobal.com,"Naples, Florida",http://www.linkedin.com/in/tighe-blazier-a122ab9,https://app.apollo.io/#/people/6824b2e5a3cbbd0001c8244a
Jay,Arshad,Co Founder,MedFactor,medfactorinc.com,http://www.medfactorinc.com,"Phoenix, Arizona",http://www.linkedin.com/in/jayarshad,https://app.apollo.io/#/people/607fac7344af7d000158e051
Sneha,Sadhre,Co-Founder,Agile Receivables,agilereceivables.com,http://www.agilereceivables.com,United States,http://www.linkedin.com/in/sneha-sadhre-agile-receivables,https://app.apollo.io/#/people/6803439f0351040001ea3575
Nima,Shamsili,Co-Founder & CEO,Likety,likety.com,http://www.likety.com,"Los Angeles, California",http://www.linkedin.com/in/nima-shamsili,https://app.apollo.io/#/people/690e1aa52008ff00019d8e7f
Greg,Carrico,Co-Founder and President,Legacy Wealth Advisors,legathy-wealth.com,http://www.legathy-wealth.com,"Charter Township of Clinton, Michigan",http://www.linkedin.com/in/gregcarrico,https://app.apollo.io/#/people/66fd00c3d7e5be000156fe25
Manoj,Puravankara,Co-Founder and Executive Director - Product & Strategic Initiatives,Atom Financial Services,atomfinserv.com,http://www.atomfinserv.com,"Sydney, Australia",http://www.linkedin.com/in/manoj-puravankara-520b70110,https://app.apollo.io/#/people/66f5a148eaea5f0001e99321
Malissa,White,Co-Founder & Director of Business Development,Crosswaters Wealth Management,crosswaterswm.com,http://www.crosswaterswm.com,"Bend, Oregon",http://www.linkedin.com/in/malissa-white-95a610136,https://app.apollo.io/#/people/66fb08e32bab820001a427f9
Jason,Co,Founder | Certified Financial Planner™,CoPlanning Financial,coplanning.co,http://www.coplanning.co,"Overland Park, Kansas",http://www.linkedin.com/in/jasonsyco,https://app.apollo.io/#/people/66fcfffad7e5be000156b619
Tyler,Terry,Co-Founder & Wealth Management Advisor,Wealth Coast Wealth Management,wealth-coast.com,http://www.wealth-coast.com,"Newport Beach, California",http://www.linkedin.com/in/tylerterry,https://app.apollo.io/#/people/66ffd2443694cf0001d08c71
Tami,Braun,Co-Founder and Chief Executive Officer,volvWealth,volvwealth.com,http://www.volvwealth.com,United States,http://www.linkedin.com/in/tamibraun,https://app.apollo.io/#/people/54a42ee474686938ac7b7233
Nick,Raphaely,"Co-Founder, Co-Chief Executive Officer",AltX Financial Group,altxgroup.com.au,http://www.altxgroup.com.au,"Sydney, Australia",http://www.linkedin.com/in/nick-raphaely-283a3913,https://app.apollo.io/#/people/54a629237468692fa20a54c7
Greg,Ca,Co-Founder & CEO,OpsFi,opsfi.co,http://www.opsfi.co,"Charlotte, North Carolina",http://www.linkedin.com/in/gregtomaselli,https://app.apollo.io/#/people/688324463f1ba9000157aee8
Mandy,Baune,Co-Founder and Director of Advanced Financial Planning,Bield Wealth Management,bieldwealth.com,http://www.bieldwealth.com,"Minneapolis, Minnesota",http://www.linkedin.com/in/mandy-k-baune-mba-clu%c2%ae-chfc%c2%ae-casl%c2%ae-cfp%c2%ae-ricp%c2%ae-cima%c2%ae-a299993,https://app.apollo.io/#/people/64ca3c4718d89800014fcaec
Rob,Chuchla,"Co-Founder, Partner",Lane Four Capital Partners,l4cp.com,http://www.l4cp.com,"Dallas, Texas",http://www.linkedin.com/in/rob-chuchla,https://app.apollo.io/#/people/66f72a746054dd0001cdd49d
Steven,Melchiorri,"Co-Founder, Managing Partner",Cumulative Wealth Solutions,cumulativewealth.com,http://www.cumulativewealth.com,"Manasquan, New Jersey",http://www.linkedin.com/in/smelchiorri,https://app.apollo.io/#/people/54a723b97468696b7f65df18
Michael,Maxwell,"Co-Founder, Chief Operating Officer",Stealth Fintech,stealthfintech.com,https://stealthfintech.com,"Redondo Beach, California",http://www.linkedin.com/in/michael-c-maxwell,https://app.apollo.io/#/people/5b281f26a6da98c305dd37f1
Kevin,Olson,Co-Founder and Private Wealth Advisor,Next Phase Advisory Group,nextphaseadvisorygroup.com,http://www.nextphaseadvisorygroup.com,"Downers Grove, Illinois",http://www.linkedin.com/in/kevinolson5,https://app.apollo.io/#/people/67003f975de7840001d43c52
Ryan,Halls,Co-Founder of Hue Partners,Hue Partners,huepartners.com,http://www.huepartners.com,"Austin, Texas",http://www.linkedin.com/in/ryan-halls,https://app.apollo.io/#/people/66f69c45d0d9330001c8bec7
Ali,Jammoul,Co-founder,Adeptech-solutions,joinadeptech.com,http://www.joinadeptech.com,United States,http://www.linkedin.com/in/ali-jammoul-b3b2b21ab,https://app.apollo.io/#/people/62c930c70600540001411ce9
Joshua,Hannold,Co-Founder and Loan Officer,Atlantic Avenue Mortgage,atlanticavenuemortgage.com,http://www.atlanticavenuemortgage.com,"Glen Burnie, Maryland",http://www.linkedin.com/in/joshua-hannold-a4a18641,https://app.apollo.io/#/people/66f8f282aa4387000114e70b
Ken,Riewerts,President and Co-Founder,Alignment Financial Advisors,alignmentfinancialadvisors.com,http://www.alignmentfinancialadvisors.com,"Aurora, Colorado",http://www.linkedin.com/in/ken-riewerts-30965712,https://app.apollo.io/#/people/67000772fd887b0001335aea
Kimberley,Kates,Co-Founder,Fin Tech,fin.com,https://fin.com,"Beverly Hills, California",http://www.linkedin.com/in/kimberley-kates-05b5172,https://app.apollo.io/#/people/66fb5af94e50b90001e68d0c
Sitaram,Kakarlamudi,Co-Founder,Avici,avici.money,http://www.avici.money,"New York, New York",http://www.linkedin.com/in/sitaramkakarlamudi,https://app.apollo.io/#/people/66599e15ff95200001ec543a
Steve,Attri,Co-Founder,Simplicity Investing India Private Limited,simplicityinvesting.com,http://www.simplicityinvesting.com,"Dallas, Texas",http://www.linkedin.com/in/steve-attri,https://app.apollo.io/#/people/54a9b94d74686930ad3df716
Alfonso,Arana,Co-Founder,"TAP, Inc.",tap.com,http://www.tapinvest.com,"California, US",http://www.linkedin.com/in/alfonso-arana,https://app.apollo.io/#/people/66fb5696b5ed3900018bc912
Rain,Huan,Co-Founder,Mason Labs,masonlabs.io,http://www.masonlabs.io,"Singapore, Singapore",http://www.linkedin.com/in/rainhuan,https://app.apollo.io/#/people/6696414016577b0001841e15
Fabio,Vasconcellos,Partner / Co-Founder / CFO,4ON,be4on.com,http://www.be4on.com,"Alpharetta, Georgia",http://www.linkedin.com/in/fabio-vasconcellos,https://app.apollo.io/#/people/6359829e0df4430001f28935
Alix,Maurin,Co-founder,RentFlow,rentflow.com,http://www.rentflow.com,United States,http://www.linkedin.com/in/alix-maurin-850610148,https://app.apollo.io/#/people/66ed68cd1c2a240001864cff
Eric,Kuan,Co-Founder,SilverRock,silverrockfs.co.uk,http://www.silverrockfs.co.uk,"New York, New York",http://www.linkedin.com/in/ejkuan,https://app.apollo.io/#/people/57e0fe14a6da987d8cb35656
Ihor,Vlasov,Co-Founder,BankStore,bankstore.ai,http://www.bankstore.ai,"San Francisco, California",http://www.linkedin.com/in/ihorvlasov,https://app.apollo.io/#/people/669645373191290001679a62
Iain,McKie,Co-Founder,WLTH.XYZ,wlth.xyz,http://www.wlth.xyz,"Bundall, Australia",http://www.linkedin.com/in/iain-mckie-b09993117,https://app.apollo.io/#/people/57d56e45a6da9853d62af5b7
Kristian,Lund,Co-Founder,LBYM Labs,lbymlabs.com,http://www.lbymlabs.com,"Minneapolis, Minnesota",http://www.linkedin.com/in/kristianlund,https://app.apollo.io/#/people/6682310b342d7a0001737e5c
Guerrio,Anilus,Co-Founder,Covred,getcovred.com,http://www.getcovred.com,United States,http://www.linkedin.com/in/guerrio-anilus-52a69a1a4,https://app.apollo.io/#/people/607a47b33664050001c6d1d6
Will,Jordan,Co-Founder,Disco Finance,getdisco.io,http://www.getdisco.io,"Los Angeles, California",http://www.linkedin.com/in/heywilljordan,https://app.apollo.io/#/people/5f4ba75ff68a590001b745d1
Branson,Montgomery,Co-Founder,Pixelpay,pixelpay-arcade.com,http://www.pixelpay-arcade.com,"Fort Collins, Colorado",http://www.linkedin.com/in/branson-montgomery,https://app.apollo.io/#/people/63dafae14e1ddc00014b5ef8
Barry,Nelson,Co-Founder,"VisiPay, LLC",visipay.io,http://www.visipay.io,"Kansas City, Missouri",http://www.linkedin.com/in/barry-e-nelson-mba-cepa-cmfc-cbda-6310142b,https://app.apollo.io/#/people/6879e038489b10000157d0e7
Steve,Abraham,Co-founder,Zed,zed.co,https://zed.co,"San Francisco, California",http://www.linkedin.com/in/steve-abraham-3b05302a,https://app.apollo.io/#/people/66f3fbdc83b047000112baaf
Michael,Mohr,Co Founder and Wealth Management Advisor,Harbor Trust Wealth Management - NM,harbortrustwealthmanagementnm.com,https://harbortrustwealthmanagementnm.com,"Mitchell, South Dakota",http://www.linkedin.com/in/michael-mohr-ricp-cepa-a3056915,https://app.apollo.io/#/people/685bcc286d58c90001ff9c14
Ted,Middleton,"Co-Founder, Aspen",Aspen,getaspen.com,http://www.getaspen.com,"Charlotte, North Carolina",http://www.linkedin.com/in/tedmid,https://app.apollo.io/#/people/6279f25dbc0985000185f8c0
Aelaf,Mideksa,Co-Founder,Mela Finance,melafinance.com,http://www.melafinance.com,"Alexandria, Virginia",http://www.linkedin.com/in/aelaf-mideksa,https://app.apollo.io/#/people/68fcdb1899d26200012d915c
Bill,Shank,Co-Founder,"Covered Bridges Financial Strategies, LLC",covered-bridges.com,http://www.covered-bridges.com,"Highfield-Cascade, Maryland",http://www.linkedin.com/in/bill-shank-cbfsllc,https://app.apollo.io/#/people/66fd01ebd7e5be0001576448
Kaushal,Shah,Co-Founder,Shakti Capital,shakticapital.com,http://www.shakticapital.com,"California, US",http://www.linkedin.com/in/kkshah93,https://app.apollo.io/#/people/5fa064e125a2c80001bd888a
Eric,Gurry,Co-Founder,UnbundleX LLC,unbundlex.com,http://www.unbundlex.com,"Chicago, Illinois",http://www.linkedin.com/in/egurry,https://app.apollo.io/#/people/66f986877a7e3e000155184f
Jaclyn,Cornelius,"Co-Founder, Chief Operating Officer, and Financial Advisor",KeyVantage Wealth Advisors,keyvantagewealth.com,http://www.keyvantagewealth.com,"Bethlehem, Pennsylvania",http://www.linkedin.com/in/jaclyncornelius,https://app.apollo.io/#/people/66ff23423f12c90001d10403
Vishal,Goenka,Co-Founder,IndiaBonds,indiabonds.com,http://www.indiabonds.com,"Singapore, Singapore",http://www.linkedin.com/in/vishal-goenka-7a1bb85,https://app.apollo.io/#/people/54a468fa74686934424e3b45
Mark,Zhong,App Developer,EarningsCall.ai,earningscall.ai,http://www.earningscall.ai,"New York, New York",http://www.linkedin.com/in/markzhongnyc,https://app.apollo.io/#/people/66a71e5a235f1f00010c2c41
Martins,Ejeheri,CEO/Co-Founder,Clockvest,clockvest.com,http://www.clockvest.com,"Dallas, Texas",http://www.linkedin.com/in/martins-ejeheri-58a5744b,https://app.apollo.io/#/people/54c1a2f974686916391ba42d
Nidhi,Singhvi,Co-Founder & CEO,Unvault,unvault.co,http://www.unvault.co,"San Francisco, California",http://www.linkedin.com/in/nidhi-singhvi-96324716,https://app.apollo.io/#/people/66f26ec99c235b000167dfa0
Mykhailo,Iakovenko,Co-Founder,Canonical Labs,gocanonical.com,http://www.gocanonical.com,"San Francisco, California",http://www.linkedin.com/in/miakovenko,https://app.apollo.io/#/people/61e2f4ea002cf7000127a9e0
Michael,Mitchell,CDO & Co-Founder,Gifty Labs,giftylabs.io,http://www.giftylabs.io,"San Francisco, California",http://www.linkedin.com/in/michaelwmitchell,https://app.apollo.io/#/people/54a20bfd7468692e71190f08
Aryan,Khare,Co-Founder,Reliabledger LLC,reliabledger.com,http://www.reliabledger.com,United States,http://www.linkedin.com/in/aryan-khare-851b10241,https://app.apollo.io/#/people/6426bed9e2afbf0001022a10
Mick,Breen,Co-Founder,Flitt,flitt.com,http://www.flitt.com,"Brisbane, Australia",http://www.linkedin.com/in/mick-breen-56088476,https://app.apollo.io/#/people/63e8d1feaeb8e90001b79e16
Ken,Hockycko,"Co-Founder, Managing Partner","Dauntless Advisory, LLC",dauntlessadvisory.com,http://www.dauntlessadvisory.com,"Baltimore, Maryland",http://www.linkedin.com/in/ken-hockycko,https://app.apollo.io/#/people/6557195caba0140001169b6e
Sean,Murphy,Co-Founder,RateTracker.com.au,ratetracker.com.au,http://www.ratetracker.com.au,"Melbourne, Australia",http://www.linkedin.com/in/sean-murphy-7167b735,https://app.apollo.io/#/people/5e7adc4c80018800017d2dbf
Kristine,Kircher,"Co-Founder, Private Wealth Advisor - First Servant Wealth Management &Partners",First Servant Wealth Management &Partners,firstservantwealth.com,http://www.firstservantwealth.com,"Minneapolis, Minnesota",http://www.linkedin.com/in/kristinekircher,https://app.apollo.io/#/people/66f82df4f3aaa200011cee47
Kellen,Jones,Chief Executive Officer & Co-Founder,FundingDatabase,fundingdatabase.com,http://www.fundingdatabase.com,"Lehi, Utah",http://www.linkedin.com/in/kellen-jones,https://app.apollo.io/#/people/66f285d4af684d0001b4040b
Rob,Kraft,Co-Founder/CTO,"Access Capital Technologies, LLC",accesscapital.tech,http://www.accesscapital.tech,"Los Angeles, California",http://www.linkedin.com/in/rpkraft,https://app.apollo.io/#/people/6059c56453fdc5000160ccb6
Nisreen,Rabie,Co-Founder,Maluk1.0,malukifinlit.com,http://www.malukifinlit.com,"Bothell, Washington",http://www.linkedin.com/in/nisreen-haddad-rabie,https://app.apollo.io/#/people/65ba40ea2b75500001ac080c
Travis,Yoh,Co-Founder / CEO,"FTG Financial & Insurance Services, LLC",ftgfin.com,http://www.ftgfin.com,"Irvine, California",http://www.linkedin.com/in/travis-yoh,https://app.apollo.io/#/people/60c74c00bffb930001ec0c57
Marvin,Francois,"Co-Founder, CEO & CTO",The Founders' Pool,thefounderspool.com,http://www.thefounderspool.com,"Atlanta, Georgia",http://www.linkedin.com/in/m-francois-cfa-305,https://app.apollo.io/#/people/66fac20201d297000175c975
Ted,Davies,Managing Partner - Co-Founder,"Reicon Wealth Advisors, LLC",reiconwealthadvisors.com,http://www.reiconwealthadvisors.com,"Atlanta, Georgia",http://www.linkedin.com/in/ted-davies-01b47a5,https://app.apollo.io/#/people/66f4367dde2e470001a1cc49
James,Mugambi,Co-founder and COO,Kolan,kolan.xyz,http://www.kolan.xyz,"San Francisco, California",http://www.linkedin.com/in/jamesmugambi,https://app.apollo.io/#/people/66db2927d54768000193682c
Tobias,Fischer,"Co-Founder, now CEO",Expatrio,expatrio.com,http://www.expatrio.com,"Singapore, Singapore",http://www.linkedin.com/in/tobias-fischer-67a1b5a6,https://app.apollo.io/#/people/619b2316ebd46d00012e9cd7
Steve,Heim,Co-Founder & COO,Oliv Financial,olivfinancial.com,http://www.olivfinancial.com,"Chicago, Illinois",http://www.linkedin.com/in/steve-heim-71216a25,https://app.apollo.io/#/people/611b82ed85fe1700019a06b9
Johnny,Phan,Co-Founder,Vield,vield.io,http://www.vield.io,"Sydney, Australia",http://www.linkedin.com/in/johnny-phan-,https://app.apollo.io/#/people/54a13b3b69702d1fe52d4e01
Jarrod,Cahill,Co-Founder & Director,Chatham House Financial,chathamhousefinancial.com.au,http://www.chathamhousefinancial.com.au,"Mornington, Australia",http://www.linkedin.com/in/jarrod-cahill-1818bb14,https://app.apollo.io/#/people/54a440167468693676277d38
Nuno,Cortesao,Co-Founder & CEO,Zharta,zharta.io,http://www.zharta.io,"New York, New York",http://www.linkedin.com/in/nunocortesao,https://app.apollo.io/#/people/66f5ca5d0895ac0001019fb4
Veronica,Luzine,Co-Founder,Ausable Funds,ausablefunds.com,http://www.ausablefunds.com,"Miami, Florida",http://www.linkedin.com/in/veronica-luzine-4035909a,https://app.apollo.io/#/people/57d7f2bea6da980a46b99b74
Matt,Robins,Co-Founder / Managing Partner,ClearTrust Wealth Advisors,cleartrustwa.com,http://www.cleartrustwa.com,"Franklin, Tennessee",http://www.linkedin.com/in/matt-robins-crpc,https://app.apollo.io/#/people/647289ac6abfde000141b8da
Niko,Ricp,Co-Founder & EVP,B2,getb2.com,http://www.getb2.com,United States,http://www.linkedin.com/in/nicholas-vamvakas,https://app.apollo.io/#/people/54a49f6774686938ac9c5556
Sara,Gelsheimer,Co-Founder | Wealth Partner,Sorelle Wealth Partners,sorellewealthpartners.com,http://www.sorellewealthpartners.com,"Chesterfield, Missouri",http://www.linkedin.com/in/saragelsheimer,https://app.apollo.io/#/people/66f832baeee1360001bdacfa
Mayer,Waich,Co-Founder and COO,Pago ASAP,pagoasap.com,http://www.pagoasap.com,United States,http://www.linkedin.com/in/mayer-waich-botbol-b79b44a0,https://app.apollo.io/#/people/66f8769d1fb6a70001f086ea
Leonie,Jenkins,Co-Founder / Operations Manager,Pathway Financial Advisors,pathwayfa.com.au,http://www.pathwayfa.com.au,"Labrador, Australia",http://www.linkedin.com/in/leonie-jenkins-b187b0251,https://app.apollo.io/#/people/6436a7877338640001448c83
Manuel,Oblitas,Co-Founder and Managing Partner,MNA Partners,mna-partners.com,http://www.mna-partners.com,"San Antonio, Texas",http://www.linkedin.com/in/manuel-oblitas-8a70018,https://app.apollo.io/#/people/6107e40eb1f56200013bce39
Michael,Francis,Co-CEO and Co-Founder,Payefy,payefy.me,http://www.payefy.me,United States,http://www.linkedin.com/in/michaelfdelvecchio,https://app.apollo.io/#/people/6838b1c140a16e00017c38d7
Miguel,Barreda,Financial Advisor | Managing Partner & Co-Founder,4M Financial,4mfinancial.com,http://www.4mfinancial.com,"Austin, Texas",http://www.linkedin.com/in/miguel-a-barreda-64a71710b,https://app.apollo.io/#/people/61a7e523da6f550001578f8b
Rob,Connolly,Co-Founder / CEO,Meetlete,meetlete.com,https://meetlete.com,"San Diego, California",http://www.linkedin.com/in/grobconnolly,https://app.apollo.io/#/people/66f6b8ee29f4f90001c235c3
Martyn,Price,Co-Founder and Chief Risk Officer,SGT Markets,sgt.markets,http://www.sgt.markets,"Naples, Florida",http://www.linkedin.com/in/martyn-r-price,https://app.apollo.io/#/people/615d8e7c34c6e6000180c589
Harrison,Evans,Co-Founder & Director,Neo-X,neox.au,http://www.neox.au,"Sydney, Australia",http://www.linkedin.com/in/harrison-evans-71b241197,https://app.apollo.io/#/people/5ee5480918af1c0001b28aa2
Tracy,Mahan-Paskero,Co-Founder / Managing Partner,Revamp Bookkeeping Financial Studio,revampbookkeeping.com,http://www.revampbookkeeping.com,"Dallas, Texas",http://www.linkedin.com/in/tracy-mahan-paskero-revamp,https://app.apollo.io/#/people/614ea7bd9880eb000190969e
Sasan,Hezarkhani,Co-Founder & CTO @ Swypex,Swypex,swypex.com,http://www.swypex.com,"San Francisco, California",http://www.linkedin.com/in/sasanhezarkhani,https://app.apollo.io/#/people/66f3c3796f53ae00011edd74
Matthew,Lowers,Co-Founder & Managing Partner,Seekye Capital,seekyecapital.com,http://www.seekyecapital.com,"Purcellville, Virginia",http://www.linkedin.com/in/matthew-lowers-a114ba4b,https://app.apollo.io/#/people/60648aa3c80f6d00017c1b16
Tommy,Hambrough,Executive Director & Co-Founder,Clarity Closings,clarityclosings.com,http://www.clarityclosings.com,"St. Louis, Missouri",http://www.linkedin.com/in/tommyhambrough,https://app.apollo.io/#/people/647453adf3ecfc0001bc17bd
Ken,Pryde,Chief Financial Officer and Co-Founder,Pryde Consulting,pryde.com,https://pryde.com,"Hopkinton, Massachusetts",http://www.linkedin.com/in/kenpryde,https://app.apollo.io/#/people/66fefc4934f15200018bd9db
Eric,McGough,Principal & Co-Founder | Wealth Management Advisor,Resolute Wealth Partners - Private Client Group,resolutewealthpartnersprivateclient.com,https://resolutewealthpartnersprivateclient.com,"Denver, Colorado",http://www.linkedin.com/in/ericmcgough,https://app.apollo.io/#/people/66f8e13a8dcef00001671d1c
Rick,Gallitto,Co-Founder and CEO,ACTIV Capital Strategies,activcapitalstrategies.com,http://www.activcapitalstrategies.com,"Boston, Massachusetts",http://www.linkedin.com/in/rick-gallitto,https://app.apollo.io/#/people/670048a4fb7271000159e6c2
John,Occhipinti,Co-founder CEO Nautilus Labs Inc.,Nautilus Labs,nautilus.finance,http://www.nautilus.finance,"Menlo Park, California",http://www.linkedin.com/in/occhipintijohn,https://app.apollo.io/#/people/66f163459e6adf0001b6aaa4
Georgy,Mikhaylets,"Co-Founder | Local Payment Methods, Cross-border, QR Payments, Remittances",8B,8b.world,http://www.8b.world,"Singapore, Singapore",http://www.linkedin.com/in/georgy-mikhaylets-2948059,https://app.apollo.io/#/people/5570aa9c736964679b112600
Jodi,Bloom,"Co-Founder, Wealth, Retirement, and College Funding Specialist",Cornerstone College & Wealth Solutions,myccws.com,http://www.myccws.com,"New York, New York",http://www.linkedin.com/in/jodi-bloom-5a0835110,https://app.apollo.io/#/people/57db8eeaa6da98687b4602fc
Luke,Owen,Co -Founder - Finance & Mortgage Broker,Premier Path Finance,premierpathfinance.com.au,http://www.premierpathfinance.com.au,"Melbourne, Australia",http://www.linkedin.com/in/lukeowenpremierpathfinance,https://app.apollo.io/#/people/6897e0b4424f940001e6391f
Thomas,Garvey,President,LCR Wealth Management,lcrwealth.com,http://www.lcrwealth.com,"Wilton, Connecticut",http://www.linkedin.com/in/thomas-garvey,https://app.apollo.io/#/people/66f401877d3ca20001f98342
Jack,McCluskey,Vice President,Castle Island Family Office,castleislandfamilyoffice.com,http://www.castleislandfamilyoffice.com,"Palm Beach, Florida",http://www.linkedin.com/in/jack-pulitzer-mccluskey,https://app.apollo.io/#/people/66fe059b5e0d170001edcccc
Salvatore,Pitti,President,The Pitti Group Wealth Management,thepittigroup.com,http://www.thepittigroup.com,"Rochester, New York",http://www.linkedin.com/in/salvatorepitti,https://app.apollo.io/#/people/66f8d2ad2311220001ce9930
Josh,Hunley,President,Hunley Wealth Management,hunleywealthmanagement.com,http://www.hunleywealthmanagement.com,"Nashville, Tennessee",http://www.linkedin.com/in/josh-hunley,https://app.apollo.io/#/people/671bab6fbc15890001d359c7
Michael,Immerman,Vice President - Family Office,Kingsbridge Wealth Management,us.com,https://kwm.us.com,"Newport Beach, California",http://www.linkedin.com/in/mike-immerman,https://app.apollo.io/#/people/5e83b1cd37e6d000015ac319
Ryan,Corbett,Senior Vice President,The McLean Wealth Management Group,mcleanwmg.com,http://www.mcleanwmg.com,"Chicago, Illinois",http://www.linkedin.com/in/ryanscorbett3145,https://app.apollo.io/#/people/66fd28750668340001c63462
Herbert,Dankyi,"Vice President, Investing",IC Group,ic.africa,http://www.ic.africa,United States,http://www.linkedin.com/in/herbert-dankyi,https://app.apollo.io/#/people/5dde6f8eaa19130001a5f69d
Tom,Landis,President,Landis Wealth Management,landiswm.com,http://www.landiswm.com,"Canton, Michigan",http://www.linkedin.com/in/tom-landis-aif%c2%ae-4577a745,https://app.apollo.io/#/people/6718dbc0ed6ab0000192c8d0
Phillip,Isan,President,PinPoint Financial,planwithpinpoint.com,http://www.planwithpinpoint.com,United States,http://www.linkedin.com/in/phillip-isan-56443ab8,https://app.apollo.io/#/people/66f677bc93128c0001b487f5
Kent,Brace,"Vice President, Investments",Crescent Wealth Management,crescentwm.com,http://www.crescentwm.com,"Greenville, South Carolina",http://www.linkedin.com/in/kent-brace,https://app.apollo.io/#/people/66ffafcf8de22100012203cb
Jennifer,Griffis,President and Founder,Integrity Wealth Management,iwmkc.com,http://www.iwmkc.com,"Saint Joseph, Missouri",http://www.linkedin.com/in/jenniferlgriffis,https://app.apollo.io/#/people/66fd00bfd7e5be000156fcf4
Kole,Puckett,"Vice President, Agency Principal",Church Street Financial Services,churchstreetfinancial.com,http://www.churchstreetfinancial.com,"Livingston, Texas",http://www.linkedin.com/in/kole-puckett-1a62208b,https://app.apollo.io/#/people/66f982c983ba0c000152c4fd
Beth,Knight,"Vice President, Wealth Advisor",Finteris Wealth Management,finteriswealthmanagement.com,http://www.finteriswealthmanagement.com,"Springfield, Missouri",http://www.linkedin.com/in/bethknight2,https://app.apollo.io/#/people/5ada78c0a6da986256216725
Dalia,Warren,Vice President- Financial Advisor,Westlake Private Wealth Management,westlakepwm.com,http://www.westlakepwm.com,"Thousand Oaks, California",http://www.linkedin.com/in/dalia-warren-a6a21233,https://app.apollo.io/#/people/66f6d2ef8c553300012d13a9
Bill,Connor,President,Connor Wealth Management,connorfinancial.com,http://www.connorfinancial.com,"Topeka, Kansas",http://www.linkedin.com/in/bill-connor-bb147039,https://app.apollo.io/#/people/66fe2f31fc12c2000118e54c
Zach,Dalzell,Vice President,Trotter Wealth Management Group,trotterwmg.com,http://www.trotterwmg.com,"South Barrington, Illinois",http://www.linkedin.com/in/zach-dalzell-30bb79355,https://app.apollo.io/#/people/6843960652c74b00014c6d8c
Eric,Johns,President,Equilibrium Financial Planning,equilibrium.co.uk,http://www.equilibrium.co.uk,"Kenner, Louisiana",http://www.linkedin.com/in/eric-johns-cfp%c2%ae-mba-ea-118729109,https://app.apollo.io/#/people/6783f2d456147b0001fd9dae
Eric,Lardner,Founder & President,Abundant Wealth Management,abundantwealthmanagement.com,http://www.abundantwealthmanagement.com,"Dallas, Texas",http://www.linkedin.com/in/eric-lardner-8b63ba222,https://app.apollo.io/#/people/61e7ce2e6547ca000121a286
Francis,Girard,President & CEO,Girard Wealth Management Group,girardwmg.com,http://www.girardwmg.com,"New York, New York",http://www.linkedin.com/in/francis-girard-73a29218b,https://app.apollo.io/#/people/5e6724f75f25bc0001de211d
Lauren,Woodard,President,Black Diamond Financial Services LLC,blackdiamondfinancialllc.com,http://www.blackdiamondfinancialllc.com,"Palm Beach Gardens, Florida",http://www.linkedin.com/in/laurenwoodard43,https://app.apollo.io/#/people/663a561ebad4e7000164ec2d
Charles,Massie,President,Massie & Associates Financial Planning Corp,tax-advantaged-asset-protection.com,http://www.tax-advantaged-asset-protection.com,"Fort Myers, Florida",http://www.linkedin.com/in/charles-abels-massie-2a17a312,https://app.apollo.io/#/people/67c15d83ce4d8b0001d86926
Chris,Cooper,President & Financial Strategist,Serenity Wealth Management,serenitywealthnow.com,http://www.serenitywealthnow.com,"O'Fallon, Missouri",http://www.linkedin.com/in/chris-t-cooper,https://app.apollo.io/#/people/66eb402ec3295700010cfe9d
Brian,Owen,President,BJO Wealth Management LLC,bjowealthmanagement.com,http://www.bjowealthmanagement.com,"Arlington Heights, Illinois",http://www.linkedin.com/in/brian-j-owen-mba-aams%c2%ae-b8038b12,https://app.apollo.io/#/people/66f9db5cd1c6fd00017cbe24
Andrew,Hanson,Vice President,Generations Wealth Management Group,generationswealthmgt.com,http://www.generationswealthmgt.com,"Henderson, Nevada",http://www.linkedin.com/in/andrew-hanson-a412a1115,https://app.apollo.io/#/people/66ff28113f12c90001d27d31
Jonathan,Rochlin,Senior Vice President - Investments,Harbour Bridge Wealth Management Advisors,harbourbridgeadvisors.com,http://www.harbourbridgeadvisors.com,"New York, New York",http://www.linkedin.com/in/jonathanrochlin,https://app.apollo.io/#/people/66f764b827096c00012f28da
John,Kline,President,Albrite Financial,albritefinancial.com,http://www.albritefinancial.com,"Frankfort, Kentucky",http://www.linkedin.com/in/john-scott-kline-rfc%c2%ae-0310328a,https://app.apollo.io/#/people/672b40ef5c4ad90001a4ffd5
Sean,Mason,President & Financial Advisor,Mason Street Wealth Management,masonstreetwealthmanagement.com,http://www.masonstreetwealthmanagement.com,"Fresno, California",http://www.linkedin.com/in/seanamason,https://app.apollo.io/#/people/6166791f9a7ee90001c28e4e
Frank,Frederico,Vice President,Pine Valley Private Wealth,pinevalleyprivatewealth.com,http://www.pinevalleyprivatewealth.com,"Philadelphia, Pennsylvania",http://www.linkedin.com/in/frank-frederico-04995a11,https://app.apollo.io/#/people/66fe52acd2d9d70001ec6aad
Murilo,Araujo,President / Senior Loan Officer,FAIR Mortgage Lending INC,fairmortgagelending.com,http://www.fairmortgagelending.com,"Miami, Florida",http://www.linkedin.com/in/murilofairml,https://app.apollo.io/#/people/653506d9170ba00001da940f
Diana,Sodano,"Associate Vice President, Wealth Management",Constantine Wealth Management of Raymond James,constantinewm.com,http://www.constantinewm.com,"Hackensack, New Jersey",http://www.linkedin.com/in/diana-sodano-awma-ab9253160,https://app.apollo.io/#/people/66f8af2ca817d60001952a4e
Daniel,Campbell,President | Senior Wealth Advisor,Perfected Wealth Management,perfectedwealth.com,http://www.perfectedwealth.com,"Fullerton, California",http://www.linkedin.com/in/danielcampbellcfp,https://app.apollo.io/#/people/6093c6186986ae0001a4f3d3
Ryan,Holocher,"Vice President, Senior Financial Advisor","Trailhead Wealth Management, LLC",trailheadwm.com,http://www.trailheadwm.com,"Denver, Colorado",http://www.linkedin.com/in/ryan-holocher-crpc%e2%84%a2-cepa-6b17642a,https://app.apollo.io/#/people/68a2e9455425250001f23c52
Anne,Cws,"Senior Vice President, Financial Advisor, Portfolio Manager",Owen Legacy Group a member of D.A. Davidson & Co.,owenlegacygroup.com,http://www.owenlegacygroup.com,"Bozeman, Montana",http://www.linkedin.com/in/anne-ashton-cfp%c2%ae-cws-%c2%ae-a2737411,https://app.apollo.io/#/people/67132cf6653fd3000146d1cb
Matt,Lerch,"Vice President, LPL Financial Advisor",Elements Wealth Management,elementswealthmanagement.com,https://elementswealthmanagement.com,"Lafayette, Indiana",http://www.linkedin.com/in/matt-lerch-cfp%c2%ae-cws%c2%ae-ab64a842,https://app.apollo.io/#/people/6706297acc9a820001379ce7
Salvador,Perez,Founder/President,Totem Wealth Management,totemwealthmanagement.com,http://www.totemwealthmanagement.com,"Charlotte, North Carolina",http://www.linkedin.com/in/salvador-perez-cfp%c2%ae-4a809a137,https://app.apollo.io/#/people/6128cb1343bfe00001020329
Micheline,Dagher,President & Financial Advisor,Dagher Wealth Management,dagherwealth.com,http://www.dagherwealth.com,"Boston, Massachusetts",http://www.linkedin.com/in/michadagher,https://app.apollo.io/#/people/66f325636e75a40001d2584f
Scott,Hunter,President,Hunter Wealth Management,hunterifa.co.uk,http://www.hunterifa.co.uk,"Peachtree City, Georgia",http://www.linkedin.com/in/scott-hunter-mba-02a21738,https://app.apollo.io/#/people/66fdcebba3912e0001717064
Colin,Feller,President,Zelus Wealth Management,zeluswealth.com,http://www.zeluswealth.com,United States,http://www.linkedin.com/in/colin-feller-884546138,https://app.apollo.io/#/people/66f8ade21cc13a0001f4c1d5
Audrey,Dirksen,Vice President,Family Capital Management,fcm.nl,http://www.fcm.nl,"Grand Rapids, Michigan",http://www.linkedin.com/in/audrey-dirksen-a2240960,https://app.apollo.io/#/people/57d8555da6da987813ee1c77
Stephen,Lovell,"President, Lovell Wealth Management",Lovell Wealth Management,lovellwealthmanagement.com,http://www.lovellwealthmanagement.com,"San Francisco, California",http://www.linkedin.com/in/stephenflovell2,https://app.apollo.io/#/people/66f54be9e6a57100018f9c52
Mike,Mulcahy,President,Kings Path Wealth Advisors,kingspath.com,http://www.kingspath.com,"Houston, Texas",http://www.linkedin.com/in/mike-mulcahy6,https://app.apollo.io/#/people/672715e53494410001585268
Kenneth,Robinson,President,"KCR Wealth Management, LLC",kcrwealth.com,http://www.kcrwealth.com,"Reston, Virginia",http://www.linkedin.com/in/kenneth-robinson-14bb513,https://app.apollo.io/#/people/66ffd39f3809d40001ad65d4
Felicia,Greenwald,President/Founder,Aventurine Planning,aventurineplanning.com,http://www.aventurineplanning.com,"Las Vegas, Nevada",http://www.linkedin.com/in/feliciacpa,https://app.apollo.io/#/people/692cf06cdc3cfd00010b5af3
Jerry,Denigris,President,"Riverside Financial Group, LLC",rfginvest.com,http://www.rfginvest.com,"New York, New York",http://www.linkedin.com/in/jerrydenigris,https://app.apollo.io/#/people/66f5bf6ff3ea8800010d6f59
Sarah,Mobley,Vice President,Kaliber & Company,kaliber.co,https://kaliber.co,"New York, New York",http://www.linkedin.com/in/sarah-mobley-89326b55,https://app.apollo.io/#/people/67422bb9385dea0001ecb6b7
Hima,Mandali,Group CTO,FCMB Group,fcmbgroup.com,http://www.fcmbgroup.com,United States,http://www.linkedin.com/in/hima-mandali-70480a110,https://app.apollo.io/#/people/61163b6df0c9dd00010c81bd
Christopher,Mendes,CTO,SAM Technology,mysamcloud.com,http://www.mysamcloud.com,"Sacramento, California",http://www.linkedin.com/in/hippie,https://app.apollo.io/#/people/66f56722df8d5f0001b6e9f5
Robin,Suarez,Executive Assistant to CLO & CTO,First American,firstamerican.com,https://firstam.com,"Garden Grove, California",http://www.linkedin.com/in/robin-suarez-918b40132,https://app.apollo.io/#/people/61995cd2eeb81000012c4442
Maxim,Korobov,"Head of Client Interfaces, CTO",Tinkoff,tinkoff-group.com,http://www.tinkoff-group.com,United States,http://www.linkedin.com/in/maxim-korobov-8676b090,https://app.apollo.io/#/people/60cab28966cc4f0001806aec
Changyeop,Kim,CTO,HEYBIT,heybit.com,https://heybit.com,"Cambridge, Massachusetts",http://www.linkedin.com/in/changyeop-kim-68b23630,https://app.apollo.io/#/people/57e152c1a6da987de59bfbea
Enyo,Sam,Founder & CTO,Easner,easner.com,http://www.easner.com,"San Francisco, California",http://www.linkedin.com/in/enyosam,https://app.apollo.io/#/people/67279dd579dbdf000148b4b4
Davin,Hills,Engineer / Architect / Fractional CTO,Hills Consulting,hills-consulting.fr,http://www.hills-consulting.fr,"West Des Moines, Iowa",http://www.linkedin.com/in/dshills,https://app.apollo.io/#/people/67a0afcea03a050001b7054f
Amit,Chawathe,Fintech CTO / Enterprise Architect (Financial & Government Services),battlerz,battlerz.com,http://www.battlerz.com,"Melbourne, Australia",http://www.linkedin.com/in/amitchawathe,https://app.apollo.io/#/people/5fad8029c1060300011be953
David,Donato,Director/ Financial Adviser,Strategic Financial Planning,strategicfinancialplanning.com,https://strategicfinancialplanning.com,"Tasmania, Australia",http://www.linkedin.com/in/david-donato-a6080b81,https://app.apollo.io/#/people/670017c17b229a0001613fb3
Peter,Marshall,Vice President,Fincadia Tax Services,fincadiatax.com,http://www.fincadiatax.com,"Melville, New York",http://www.linkedin.com/in/peter-marshall-229b9514,https://app.apollo.io/#/people/66f875a01cc13a0001e46a06
Susan,Ng,Assistant Vice President,凱基證券 KGI SECURITIES,com.tw,http://www.kgi.com.tw,"Singapore, Singapore",http://www.linkedin.com/in/susan-ng-50679b60,https://app.apollo.io/#/people/6256539de20c4f000189ab4a
Sophia,Ruffolo,ZFO General Counsel and Head of Compliance,Zell Family Office,zellfamilyoffice.com,http://www.zellfamilyoffice.com,United States,http://www.linkedin.com/in/sophia-ruffolo-4a2b01b,https://app.apollo.io/#/people/61165bd1b5ab590001b967e2
Frank,Basile,Head of Operations,Evolution Tax & Accounting,evotaxpro.com,http://www.evotaxpro.com,"East Northport, New York",http://www.linkedin.com/in/frank-basile,https://app.apollo.io/#/people/5e7dae789788a400015c2d24
Graham,Asci,Head of Paraplanning,Chapelwood Financial Planning,chapelwood-financial.co.uk,http://www.chapelwood-financial.co.uk,"Newport, Rhode Island",http://www.linkedin.com/in/graham-cater-pugh-asci-b5515319,https://app.apollo.io/#/people/60b41af21029540001549cb1
Greg,Head,Family Office | Founder | CEO | Private Equity Operating Model,The Monarch Group | Single Family Office,themonarchgroupllc.com,http://www.themonarchgroupllc.com,"Tucson, Arizona",http://www.linkedin.com/in/greghead,https://app.apollo.io/#/people/56c4b454f3e5bb4b1801800a
Azeem,Azmi,Head Transaction Banking,Hong Leong Bank Berhad,com.my,http://www.hlb.com.my,"Singapore, Singapore",http://www.linkedin.com/in/azeem-azmi,https://app.apollo.io/#/people/68d64718eaa41200010f1f47
Robin,Edbrooke,Deputy Head of Wealth Planning,Fowler Financial Planning Ltd,fowlerfp.co.uk,http://www.fowlerfp.co.uk,"Exeter, California",http://www.linkedin.com/in/robinedbrooke,https://app.apollo.io/#/people/631f240e808ff2000158c303
Nicola,Salussolia,Head of Retail & Affluent,Banca Sella,sella.it,http://www.sella.it,United States,http://www.linkedin.com/in/nicola-salussolia-67514771,https://app.apollo.io/#/people/57d5a3cca6da9853b6b26294
Ashish,Shroff,Practice Head,Nuvama Private,nuvamaprivate.com,http://www.nuvamaprivate.com,"Singapore, Singapore",http://www.linkedin.com/in/ashish-shroff-0a8007a,https://app.apollo.io/#/people/60f14d9596b4a7000112243c
Serge,Van Ingelgem,Head of Portfolio Management,Degroof Petercam,degroofpetercam.com,http://www.degroofpetercam.com,"Conroe, Texas",http://www.linkedin.com/in/serge-van-ingelgem-a2607761,https://app.apollo.io/#/people/54a431aa7468692fa211fd33
James,Busch,Head of Frontier Trading & Asia Sales Trading,EFG Holding,efgholding.com,http://www.efgholding.com,"Singapore, Singapore",http://www.linkedin.com/in/james-busch-0904a813,https://app.apollo.io/#/people/54a7a6f974686965d9702a49
Thomas,Nielsen,Head of Investment Research,Morangie Management LLC,morangiemanagement.com,http://www.morangiemanagement.com,United States,http://www.linkedin.com/in/thomas-duch-nielsen-1a5b7750,https://app.apollo.io/#/people/5b052820a3ae61208654faf4
Liz,Cassar,Head of Compliance and Events,PFG Financial Services,pfg.com.au,http://www.pfg.com.au,"Doreen, Australia",http://www.linkedin.com/in/liz-cassar-a59bb8141,https://app.apollo.io/#/people/61b884d765fefb00010f1387
Bruno,Salgado,Head Private International,Fami Capital,fami.capital,http://www.fami.capital,"Miami, Florida",http://www.linkedin.com/in/salgadobruno,https://app.apollo.io/#/people/5f5783c7a12dec000154e957
Tanmay,Avasthi,Country Head,Urban Money Oceania,umoceania.com.au,http://www.umoceania.com.au,"Rockbank, Australia",http://www.linkedin.com/in/tanmayavasthi,https://app.apollo.io/#/people/615d24c72f7ce60001750992
Joyce,Liao,Head of Operations,LUCA SGP,luca-sgp.com,http://www.luca-sgp.com,"Singapore, Singapore",http://www.linkedin.com/in/joyce-l-2507b3328,https://app.apollo.io/#/people/67331b3762817500010f8834
Andrew,Kidd,Practice Principal,Aegis Financial Planning,aegisfp.com.au,http://www.aegisfp.com.au,"Brisbane, Australia",http://www.linkedin.com/in/andrew-kidd-452566b9,https://app.apollo.io/#/people/5ad400bca6da9867435bd03d
Todd,Wangler,Founding Principal,Strada Wealth Management,stradamanagement.com,http://www.stradamanagement.com,"Naples, Florida",http://www.linkedin.com/in/todd-m-wangler-cfp%c2%ae-80b51036,https://app.apollo.io/#/people/64edebcf73f8d6000162dd5d
Richard,Betor,Founder and Managing Principal,Betor Group P.L. a Family Office,betorgroup.com,http://www.betorgroup.com,"Miami, Florida",http://www.linkedin.com/in/richard-j-betor-156ba02,https://app.apollo.io/#/people/66f3253a93dd49000103cebc
Genevieve,George,Senior Wealth Advisor and Principal,Pelican Financial Planning and Wealth,pelicanfinancialplanning.com,http://www.pelicanfinancialplanning.com,"Palm Beach Gardens, Florida",http://www.linkedin.com/in/genevievegeorge2010,https://app.apollo.io/#/people/65c8f4fe085c040001cb07a3
Shaun,Gort,Principal Adviser & Director,Valour Wealth Management,valourwealthmanagement.com.au,http://www.valourwealthmanagement.com.au,"Kyneton South, Australia",http://www.linkedin.com/in/shaun-gort-129a6255,https://app.apollo.io/#/people/54a2bb117468693318d54f38
Nathan,Baker,Principal & Financial Planner,BAM Financial Planning,bamfp.com.au,http://www.bamfp.com.au,"South Australia, Australia",http://www.linkedin.com/in/nathan-baker,https://app.apollo.io/#/people/5ace3ac9a6da98d0b4c99071
Ryan,George,"Founder and Principal, Wealth Management Advisor",Ascend Wealth Management,ascendwealthmanagement.com,https://ascendwealthmanagement.com,"Leawood, Kansas",http://www.linkedin.com/in/ryantgeorge,https://app.apollo.io/#/people/66f240855abd9e00015c2049
Ryan,Williams,Founder & Principal,Northhall,northhall.com,http://www.northhall.com,"San Diego, California",http://www.linkedin.com/in/ryanstuartwill,https://app.apollo.io/#/people/5e827508be8b71000138c5a4
Lisa,Roll,Managing Principal,"Salmon Creek Wealth Management, LLC",salmoncreekwealthmanagement.com,http://www.salmoncreekwealthmanagement.com,"Merry Hill, North Carolina",http://www.linkedin.com/in/lisa-roll-a3230b26a,https://app.apollo.io/#/people/645bd50c2750950001182138
Chris,Sakas,Managing Principal/Branch Manager,Pintler Wealth Management Group of River City Capital,pintlerwmg.com,http://www.pintlerwmg.com,"Missoula, Montana",http://www.linkedin.com/in/chrissakas,https://app.apollo.io/#/people/54c171da7468697af77e770f
Rex,Clevenger,Managing Principal,Aristata Financial,aristatafinancial.com,https://aristatafinancial.com,"Wichita, Kansas",http://www.linkedin.com/in/rex-clevenger-cfp%c2%ae-cepa%c2%ae-574113105,https://app.apollo.io/#/people/57d3524ea6da9821972bf794
Joseph,Cfp,Principal Financial Adviser,Ultimum Financial,ultimumfinancial.com,http://www.ultimumfinancial.com,"Perth, Australia",http://www.linkedin.com/in/joseph-miasi-cfp%c2%ae-656849a4,https://app.apollo.io/#/people/57e06ddaa6da981c458ddc3d
Andy,Flattery,Principal & Financial Advisor,Flattery Wealth Management,flatterywealth.com,http://www.flatterywealth.com,"Kansas City, Missouri",http://www.linkedin.com/in/andyflattery,https://app.apollo.io/#/people/66fb946c2ce14200014dfcc5
Roshini,Senanayake,Director & Principal Consultant,Finro Finance,finrofinance.com.au,http://www.finrofinance.com.au,"Melbourne, Australia",http://www.linkedin.com/in/roshini-senanayake-66920959,https://app.apollo.io/#/people/54a1e4eb7468695c8207c515
Bronie,Rozenas,Principal Engineer,MONETA Money Bank,moneta.cz,http://www.moneta.cz,"Avon, Massachusetts",http://www.linkedin.com/in/bronie-rozenas-b725092a,https://app.apollo.io/#/people/54a2819d7468693a7e3c2528
Jacqueline,Jacobsen,Managing Partner and Registered Principal,Sycamore Wealth Management,sycamorewealthmanagement.com,http://www.sycamorewealthmanagement.com,"Sneads Ferry, North Carolina",http://www.linkedin.com/in/jacqueline-m-jacobsen-cima%c2%ae-cdfa%c2%ae-cpwa%c2%ae-cfp%c2%ae-mba-msfs-8383a19b,https://app.apollo.io/#/people/645f676a16a7d80001bd3ba9
Anish,Agarwal,Director | Principal Financial Planner,Northstar Wealth Management,northstarwealth.com.au,http://www.northstarwealth.com.au,"Sydney, Australia",http://www.linkedin.com/in/anish-agarwal-40615455,https://app.apollo.io/#/people/57e07f0ca6da981c3471f665
David,Quin,Principal and Adviser,Q & S Financial Planning,eldersfinancialplanning.com.au,http://www.eldersfinancialplanning.com.au,"Swan Hill, Australia",http://www.linkedin.com/in/david-quin-13584998,https://app.apollo.io/#/people/62dd9653c455050001abc6f5
Emily,Hermeno,Principal and Wealth Advisor,"Prosperity Road, LLC",prosperityroad.com,http://www.prosperityroad.com,"Costa Mesa, California",http://www.linkedin.com/in/emily-hermeno,https://app.apollo.io/#/people/66fa07ac9901a20001e398aa
Jun,Huang,Founder & Principal,InnoSight Financial,innosightfinancial.com,http://www.innosightfinancial.com,"Los Angeles, California",http://www.linkedin.com/in/huang-innosight,https://app.apollo.io/#/people/670747ff73ac2a0001fbb51a
Eduard,Rotenberg,"President, Principal Loan Officer",Apex Home Mortgage,apexhomemortgage.com,https://apexhomemortgage.com,"Los Angeles, California",http://www.linkedin.com/in/eduard-rotenberg-b015583a,https://app.apollo.io/#/people/66f6287c1e771c000171f9dc
David,Bunin,Principal Advisor,Interlock Financial,interlockfinancial.com,https://interlockfinancial.com,"Wilton, Connecticut",http://www.linkedin.com/in/david-bunin-9904b35,https://app.apollo.io/#/people/5d6c284580f93edc6919d118
Walter,Richardson,Managing Director & Principal Wealth Architect,Richardson Wealth Management LLC.,richardsonwealthmanagement.com,http://www.richardsonwealthmanagement.com,"Los Angeles, California",http://www.linkedin.com/in/walterrichardson,https://app.apollo.io/#/people/60e69290e076e600013dd2d5
Dennis,Valentino,Managing Principal,Heirloom Wealth Advisors,heirloomwealthadvisors.com,http://www.heirloomwealthadvisors.com,"Philadelphia, Pennsylvania",http://www.linkedin.com/in/dennis-valentino-mba-2b567510b,https://app.apollo.io/#/people/57d70177a6da9828995cafca
Jim,Cfp,Founding Principal,The Independent Financial Group,indfin.com,http://www.indfin.com,"Simi Valley, California",http://www.linkedin.com/in/jimlorenzencfp,https://app.apollo.io/#/people/54a4e3197468693676d7fc6a
Jim,Scanlon,"Founder, Principal",Scanlon Wealth Management,scanlonwealth.com,http://www.scanlonwealth.com,"Pittsburgh, Pennsylvania",http://www.linkedin.com/in/jim-scanlon-34a718124,https://app.apollo.io/#/people/67beaf5e2c41cc0001acef40
Dee,Ray,Principal Finance Broker,Ostara Finance,ostarafinance.com.au,http://www.ostarafinance.com.au,"Perth, Australia",http://www.linkedin.com/in/dee-ray-4b007517b,https://app.apollo.io/#/people/671b6127359794000187a311
Jennifer,Plm,Principal Lending Manager,NEXA Mortgage llc,johnnyhomeloans.com,http://www.johnnyhomeloans.com,"Chandler, Arizona",http://www.linkedin.com/in/jennifer-huntsman-plm-5760ba81,https://app.apollo.io/#/people/66f8fce2aa4387000118a883
Marc,Wilson,Principal Consultant,Benchmarc Group,benchmarcgroup.com.au,http://www.benchmarcgroup.com.au,"Canberra, Australia",http://www.linkedin.com/in/marc-wilson-a8a62189,https://app.apollo.io/#/people/6118e9a34bd62e0001afd25a
Ashish,Siddam,"Principal Adviser, Director",Wealthy Me,wealthyme.au,http://www.wealthyme.au,"Melbourne, Australia",http://www.linkedin.com/in/ashish-siddam-26116974,https://app.apollo.io/#/people/54a6e985746869730a649803
Stuart,Bale,"Director, Principal",Foundation Wealth Advisers,fwagroup.com.au,http://www.fwagroup.com.au,"Tasmania, Australia",http://www.linkedin.com/in/stuart-bale-a063ab41,https://app.apollo.io/#/people/54a3244e7468693fdaabf956
Anousone,Keomany,Principal Adviser,Money Street Financial Planning,moneystreetfinancialplanning.com.au,http://www.moneystreetfinancialplanning.com.au,"Melbourne, Australia",http://www.linkedin.com/in/anousone-keomany-68812197,https://app.apollo.io/#/people/67a3397f7111bd0001ab9fff
Samanda,Morales,Founder & Principal,WellFin360 LLC,wellfin360.com,http://www.wellfin360.com,United States,http://www.linkedin.com/in/samanda-morales,https://app.apollo.io/#/people/661c92a520af8200070ea3a6
Michael,Rowland,Principal | Senior Adviser,Viewon Financial Advisory,viewon.com.au,http://www.viewon.com.au,"Queensland, Australia",http://www.linkedin.com/in/michael-rowland-931a3045,https://app.apollo.io/#/people/57da53bba6da984ab7c32f74
Kearsten,Cfp,Principal and Financial Adviser,Addi House,addihouse.com.au,http://www.addihouse.com.au,"Bundall, Australia",http://www.linkedin.com/in/kearstenjamescfp,https://app.apollo.io/#/people/614b08297f9dac0001c2c1d0
Myles,Pritchard,Principal / Strategic Wealth Advisor,"MAP Strategic Wealth Advisors, A Member of Advisory Services Network, LLC",mapstrategic.com,http://www.mapstrategic.com,"Los Angeles, California",http://www.linkedin.com/in/myles-henry-asa-pritchard-174a6546,https://app.apollo.io/#/people/54ab9c807468692ca1637f00
Kirk,Zickler,Principal/Managing Partner,Coastal Wealth Management,coastalprivatewealthmgmt.com,http://www.coastalprivatewealthmgmt.com,"Houston, Texas",http://www.linkedin.com/in/kirk-zickler-6214b39,https://app.apollo.io/#/people/54a413207468692fa2436f2a
Lajuan,Abram,Principal Founder & CEO,AV Financial Trust Company,avfnow.org,http://www.avfnow.org,"New York, New York",http://www.linkedin.com/in/lajuanabram,https://app.apollo.io/#/people/57d95e44a6da98722a850410
Wendy,Britton,Principal Portfolio Manager,Adair Wealth Management,adairwealthmanagement.com,https://adairwealthmanagement.com,"Bellevue, Washington",http://www.linkedin.com/in/wendy-adair-britton-a50717229,https://app.apollo.io/#/people/62fced09c6af1200014e5310
Rodney,Degabriele,Principal Financial Advisor,Affinity Private Advisors,affinityprivate.com.au,http://www.affinityprivate.com.au,"Melbourne, Australia",http://www.linkedin.com/in/rodney-m-degabriele-5b851a4b,https://app.apollo.io/#/people/54a7d9e57468696b7f7af053
Marcus,Watson,Principal and MLO at MortgageTree Lending,MortgageTree Lending,mtlfs.com,http://www.mtlfs.com,"Gilbert, Arizona",http://www.linkedin.com/in/marcus-watson-3191a34,https://app.apollo.io/#/people/54a5695b7468693b8c274c95
Fred,Burgess,Principal & Founder,Regent Financial Services,pscoopersmith.com,http://www.pscoopersmith.com,"Brunswick, Maine",http://www.linkedin.com/in/fred-burgess-aif%c2%ae-ppc-820713,https://app.apollo.io/#/people/67dab9d1c902f40001865f26
Marvin,Griffith,Principal Financial Officer,CIBC Capital Markets,cibccm.com,https://cibccm.com,"New York, New York",http://www.linkedin.com/in/marvin-griffith-cpa-cgma-417517b,https://app.apollo.io/#/people/631b1bbeb81c870001ce5d2a
Christopher,Snively,Managing Principal,Latus Wealth Management®,latuswealthmanagement.com,http://www.latuswealthmanagement.com,"Longwood, Florida",http://www.linkedin.com/in/christopher-snively-0016a012,https://app.apollo.io/#/people/54a7d92f7468696829cf0554
Zachary,Shrier,Managing Principal,Shrier Wealth Management LLC,shrierwealth.com,http://www.shrierwealth.com,"Los Angeles, California",http://www.linkedin.com/in/zachshrier,https://app.apollo.io/#/people/5fa00117c1ff9100015ae7c4
Tim,Dixon,Principal Broker,Correct Finance Australia,correctfinance.com.au,http://www.correctfinance.com.au,"Yallingup, Australia",http://www.linkedin.com/in/tim-dixon-99bb3060,https://app.apollo.io/#/people/5ae44e2fa6da98d36355bd8d
Philippe-Joseph,Eustache,Principal Wealth Advisor and CEO,Privé Wealth Management,privewealthmanagement.com,http://www.privewealthmanagement.com,"Atlanta, Georgia",http://www.linkedin.com/in/philippe-joseph-eustache,https://app.apollo.io/#/people/67d6b4d74d9aec00010e435a
Robin,Zuo,Principal Finance Broker,WeMe Finance,wemefinance.com.au,http://www.wemefinance.com.au,"Melbourne, Australia",http://www.linkedin.com/in/robin-zuo-9213127a,https://app.apollo.io/#/people/61307357aafca00001b13fea
Paul,Giglio,Principal | Commercial Financier,FortisFi,fortisfi.com,http://www.fortisfi.com,"New York, New York",http://www.linkedin.com/in/paul-giglio-34a72250,https://app.apollo.io/#/people/54a13a4c69702d2fa62fd200
Haris,Argeetes,Director and Principal Adviser,Questra Financial Services,questrafs.com.au,http://www.questrafs.com.au,"Miranda, Australia",http://www.linkedin.com/in/haris-argeetes-111b7179,https://app.apollo.io/#/people/54a7a5317468696b7f2ff947
Rashele,Debnar,Director and Principal Financial Planner,Pathways Financial Planning SA,pathwaysfpsa.com.au,http://www.pathwaysfpsa.com.au,"Berri, Australia",http://www.linkedin.com/in/rashele-debnar-1b8b81107,https://app.apollo.io/#/people/57d6f81da6da986ad54230bf
Sunandan,Clerk,"Principal, Financial Advisor",Dhamma Capital,dhammacapital.com,http://www.dhammacapital.com,"San Francisco, California",http://www.linkedin.com/in/sunandanclerk,https://app.apollo.io/#/people/54a406a77468693676f75726
Matthew,Collett,Managing Principal,Premier Trust Lending,premiertrustlending.com,http://www.premiertrustlending.com,"Denver, Colorado",http://www.linkedin.com/in/matthew-collett1,https://app.apollo.io/#/people/66f584fc133e14000140c185
Scott,Dudley,Wealth Management Advisor and Principal,Stirling Financial Group,stirlingfinancialgroup.com,http://www.stirlingfinancialgroup.com,"San Diego, California",http://www.linkedin.com/in/scottdudley,https://app.apollo.io/#/people/611508b2506fa90001852638
David,Hayes,Director and Principal Adviser,Consilium Private Wealth,consiliumpw.com,http://www.consiliumpw.com,"Victoria, Australia",http://www.linkedin.com/in/david-hayes-72b0223a,https://app.apollo.io/#/people/66f633a39cb9cd00014761e5
Matt,Pardieck,Managing Principal,"Harbour Wealth Management Group, Inc.",harbourwmg.com,http://www.harbourwmg.com,"Charleston, South Carolina",http://www.linkedin.com/in/mattpardieck,https://app.apollo.io/#/people/54abbcf37468693007bcb109
Jennifer,Valdes,Founding Principal of FD Wealth,FD Wealth,financialdesignswealth.com,http://www.financialdesignswealth.com,"Miami, Florida",http://www.linkedin.com/in/jennifer-valdes-06a448b1,https://app.apollo.io/#/people/57d57772a6da985372050f3d
Benton,Penn,President and Principal Financial Planner,Harvest Wealth Advisors,harvestwealthadvisor.com,http://www.harvestwealthadvisor.com,"Roanoke, Virginia",http://www.linkedin.com/in/rbpenn,https://app.apollo.io/#/people/66fb8bb52ce14200014b489e
Daniel,Perkins,Director and Principal Adviser,True North Financial Advice Pty Ltd,truenorthfinancialadvicepty.com,https://truenorthfinancialadvicepty.com,"Sydney, Australia",http://www.linkedin.com/in/daniel-perkins-237a7690,https://app.apollo.io/#/people/57de98a7a6da987aec2468ab
Rebecca,Tai,Director | Principal Adviser,Game Plan Wealth Advisers,gameplanwa.com.au,http://www.gameplanwa.com.au,"Melbourne, Australia",http://www.linkedin.com/in/rebecca-tai-77022131,https://app.apollo.io/#/people/54ec5107746869444c7c3a7e
Anthony,Zaman,Director / Principal Financial Adviser,Silverloom Advisory Group,silverloom.com.au,http://www.silverloom.com.au,Australia,http://www.linkedin.com/in/anthonyzaman,https://app.apollo.io/#/people/6700421adafc4100011f62ba
Paul,Keating,Managing Principal,Shelby Operations Partners,shelbyops.com,http://www.shelbyops.com,"Cincinnati, Ohio",http://www.linkedin.com/in/paul-keating-02834713,https://app.apollo.io/#/people/66f5dc2c522b770001649fae
Pranav,Popat,Founder and Principal,VCN Partners,vcnpartners.com,http://www.vcnpartners.com,"Los Angeles, California",http://www.linkedin.com/in/pranavpopat,https://app.apollo.io/#/people/54ec2ffd746869444c158a61
David,Stackelroth,Director | Principal | Senior Financial Adviser,RedThorn Private Wealth Pty Ltd,redthornprivatewealthpty.com,https://redthornprivatewealthpty.com,"Adelaide, Australia",http://www.linkedin.com/in/david-j-stackelroth-15145689,https://app.apollo.io/#/people/557148247369642c4d1c2d00
Wayne,Gutteridge,Practice Principal/ Senior Financial Planner,Ridgeline Wealth Solutions,ridgelinewealth.com.au,http://www.ridgelinewealth.com.au,"Surrey Hills, Australia",http://www.linkedin.com/in/wayne-gutteridge-912ba814,https://app.apollo.io/#/people/57da1bc9a6da985b1f4e9c84
Matthew,Francesco,Principal at High Lift Financial & Consulting,HighLift Financial & Consulting,highliftfinancial.com,http://www.highliftfinancial.com,"Johnstown, Pennsylvania",http://www.linkedin.com/in/matthew-difrancesco,https://app.apollo.io/#/people/654caaf2004f8900011d3e72
Timothy,Boulanger,Principal and Managing Director,"Strategic Family Wealth Counselors, LLC",strategicfamilywealth.com,http://www.strategicfamilywealth.com,"Fairfield, New Jersey",http://www.linkedin.com/in/timothy-boulanger-96140464,https://app.apollo.io/#/people/5e7a19e258ca600001ba9d9d
Jeff,Munro,Principal & Financial Planner,Summit Wealth Group,summitwealthgroup.com.au,http://www.summitwealthgroup.com.au,"Chadstone, Australia",http://www.linkedin.com/in/jeffreymunro,https://app.apollo.io/#/people/6078125ae2e5130001b965af
Colleen,Farley,Managing Principal,"Robbins Farley, LLC",robbinsfarley.com,http://www.robbinsfarley.com,"Bedford, New Hampshire",http://www.linkedin.com/in/colleenfarley,https://app.apollo.io/#/people/6099e818f7310d0001c69f05
Tracey,Jackson,Founder & Principal,"TAJ Strategic Consulting Services, LLC",tajstrategic.com,http://www.tajstrategic.com,"Pikesville, Maryland",http://www.linkedin.com/in/tracey-jackson-a13b1542,https://app.apollo.io/#/people/66f9f9509901a20001de6c66
Tony,Evans,Principal / Financial Adviser,Cornerstone Advice,cornerstoneadvice.net.au,http://www.cornerstoneadvice.net.au,"Newstead, Australia",http://www.linkedin.com/in/tonyevansau,https://app.apollo.io/#/people/5ae44801a6da98d35ed474f1
Andre,Schnabl,Principal and Managing Partner,Tenor ESOP Partners,tenoresop.com,http://www.tenoresop.com,"Atlanta, Georgia",http://www.linkedin.com/in/andreschnablcpa,https://app.apollo.io/#/people/60010f9c258ddd0001e64ece
Astrid,Raetze,Principal and Director,62 Consulting Pty Ltd,62consulting.com,http://www.62consulting.com,"Sydney, Australia",http://www.linkedin.com/in/astrid-raetze-8276b428,https://app.apollo.io/#/people/54a53d797468692fa2fea688
Kathleen,McGrath,"Principal, W3 Wealth Management, LLC",w3accounting.com,w3financialgroup.com,https://w3financialgroup.com,"Westlake, Ohio",http://www.linkedin.com/in/kathleenmcgrathcfp,https://app.apollo.io/#/people/54a5628e7468693b8c17ff93
Allan,Moskowitz,CFP and Principal,Transformative Wealth Management,transformativewealthmanagement.com,https://transformativewealthmanagement.com,"San Francisco, California",http://www.linkedin.com/in/allan-moskowitz-cfp-aif-2a535b19,https://app.apollo.io/#/people/54c277c87468697af753e59c
Christian,Bridges,"Principal, Managing Member",Thirteen Twenty-Two Tax Consultants,bbtaxplanners.com,http://www.bbtaxplanners.com,"Dallas, Texas",http://www.linkedin.com/in/jchristianbridges,https://app.apollo.io/#/people/66444d884e54b6000106f300
Jesse,Grimes,"Principal, Client Services",MIFI Wealth LLC,mifiwealth.com,http://www.mifiwealth.com,"Louisville, Colorado",http://www.linkedin.com/in/jesse-grimes-2a297583,https://app.apollo.io/#/people/54a6fbe77468696220ad5e0a
Michael,Martin,"Principal, Financial Advisor, CRPC®, Financial Blogger","Marius Wealth Management, LLC",mariuswealth.com,http://www.mariuswealth.com,"New York, New York",http://www.linkedin.com/in/tmikemartin,https://app.apollo.io/#/people/66f82530eee1360001b9b8de
Duane,Bolinger,"Principal, Lead Advisor","Eldon Reese Advisory Group, a Bolinger Solutions company",eldonreese.com,http://www.eldonreese.com,"Portland, Oregon",http://www.linkedin.com/in/duane-bolinger-cfp%c2%ae-chfc%c2%ae-cepa-31207714,https://app.apollo.io/#/people/6603d81509498400068bb74d
Thomas,Minger,"Principal, Wealth Management Advisor","Tusk Wealth Management, LLC",tuskwm.com,http://www.tuskwm.com,"Philadelphia, Pennsylvania",http://www.linkedin.com/in/thomasminger,https://app.apollo.io/#/people/54a407ed7468692fa242b026
Joseph,Glodek,Managing Principal,Black River Management Ltd.,blackriver.ltd,http://www.blackriver.ltd,"Chester, New Jersey",http://www.linkedin.com/in/josephglodek,https://app.apollo.io/#/people/54a5c84a7468693b8c8040a8
Donald,Nalls,Principal and Financial Planner,"The Nalls Sherbakoff Group, LLC",nallssherbakoff.com,https://nallssherbakoff.com,"Knoxville, Tennessee",http://www.linkedin.com/in/donald-nalls-cfp,https://app.apollo.io/#/people/66f83c40eee1360001c0a203
Geoff,Wotzko,Financial Adviser and Principal,WP Financial Planners,wpfp.com.au,http://www.wpfp.com.au,"Perth, Australia",http://www.linkedin.com/in/geoff-wotzko-39495286,https://app.apollo.io/#/people/54a4c6327468693b8cd16162
Rachel,Wagner,LPL Registered Principal at Maven Lane Financial,Maven Lane Financial Group,mavenlanefinancialgroup.com,http://www.mavenlanefinancialgroup.com,"San Francisco, California",http://www.linkedin.com/in/rachelwagnermavenlane,https://app.apollo.io/#/people/54a491617468692cf0ca8e51
Catherine,B,Principal Financial Planner,Camden Wealth Advisers,camdenwealthadvisers.com.au,http://www.camdenwealthadvisers.com.au,"Camden, Australia",http://www.linkedin.com/in/catherine-b-67299a6a,https://app.apollo.io/#/people/60d02d57d419eb00019675ee
Alexander,Cabot,"Managing Partner; Registered Principal, RJFS",Birch Run Financial,birchrunfinancial.com,http://www.birchrunfinancial.com,"Wayne, Pennsylvania",http://www.linkedin.com/in/alexander-cabot-b5a359b,https://app.apollo.io/#/people/54c2172d7468691639df8277
Charley,Babb,"Multifamily & Senior Housing, Principal",Gershman Investment Corp.,gershmaninvestmentcorp.com,http://www.gershmaninvestmentcorp.com,"Denver, Colorado",http://www.linkedin.com/in/charley-babb-849a6525,https://app.apollo.io/#/people/54abba0d746869332d576609
Steve,Surgent,"Principal & Founder, Conifer Capital",Conifer Capital,conifer.capital,http://www.conifer.capital,"Phoenix, Arizona",http://www.linkedin.com/in/stevesurgent,https://app.apollo.io/#/people/54a4f1a37468693209b29c6f
Mark,Chan,Principal Financial Planner,Avondale Wealth,avondalewealth.com.au,http://www.avondalewealth.com.au,"Parramatta, Australia",http://www.linkedin.com/in/mark-chan-89b5b1335,https://app.apollo.io/#/people/6a631f95dfd52f0001b75e3d
Jason,Dip,Principal Investor,Old Mutual Investment Group,oldmutualinvest.com,http://www.oldmutualinvest.com,"San Francisco, California",http://www.linkedin.com/in/jason-dip-5961601a0,https://app.apollo.io/#/people/6546ba4f3c4bdc00012e112b
S,Crawley,Managing Principal,Business Growth Advisors Tulsa,bgatulsa.com,http://www.bgatulsa.com,"Tulsa, Oklahoma",http://www.linkedin.com/in/lee13crawley,https://app.apollo.io/#/people/54a45b547468693b8c64e740
Robert,Siracusano,"Senior Financial Advisor, Registered Principal, Senior Wealth Strategist",Siracusano Sleezer Group Wealth Management,ssgwealthmanagement.com,http://www.ssgwealthmanagement.com,"Chicago, Illinois",http://www.linkedin.com/in/robert-siracusano,https://app.apollo.io/#/people/67b182edaf50fd0001ee0cd1
Scot,Morris,"Principal, Z3 Capital Partners; Financial Advisor, RJFS",Z3 Capital Partners LLC,z3capital.com,http://www.z3capital.com,"Richmond, Virginia",http://www.linkedin.com/in/scotmorris1,https://app.apollo.io/#/people/54ec295b7468694311d3685c
Ben,Snedeker,Principal Director,ORA Private Wealth,oraprivate.com.au,http://www.oraprivate.com.au,"Perth, Australia",http://www.linkedin.com/in/ben-snedeker-02b50233,https://app.apollo.io/#/people/6102604a7219720001782359
Brian,Shaw,Principal Full-Stack Engineer,Lineage,lineage.finance,http://www.lineage.finance,"Austin, Texas",http://www.linkedin.com/in/brianshaw37,https://app.apollo.io/#/people/68160e5d18944a0001a8ded1
Cory,Brown,Principal Agent,Brown Insurance Group Austin,browninsuranceaustin.com,http://www.browninsuranceaustin.com,"Dripping Springs, Texas",http://www.linkedin.com/in/cory-brown-a164792b,https://app.apollo.io/#/people/54c287737468697af7680fa5
Jennifer,Steil,Founder & Principal,Volante Integrated Planning,volanteintegratedplanning.com,https://volanteintegratedplanning.com,"Spring, Texas",http://www.linkedin.com/in/willisjennifer,https://app.apollo.io/#/people/54a595d074686938ac96959c
Chad,Hoener,Partner,Fontana Financial Planning,fontanafinancialplanning.com,http://www.fontanafinancialplanning.com,"Dallas, Texas",http://www.linkedin.com/in/chad-hoener-98b0785b,https://app.apollo.io/#/people/66f8e849a817d60001aa4d70
Christopher,Cannon,Owner,RetireRight Pittsburgh,retirerightfp.com,https://retirerightfp.com,"Pittsburgh, Pennsylvania",http://www.linkedin.com/in/cannonct,https://app.apollo.io/#/people/54c2bb547468691639e42cbf
McKenzie,Rodrigues,Co-Owner,BGE Financial Consulting LLC,bgefinancialconsulting.com,http://www.bgefinancialconsulting.com,"Kingsland, Georgia",http://www.linkedin.com/in/mckenzie-rodrigues-229164223,https://app.apollo.io/#/people/673daa11b7672100014ac570
Rj,Martin,Owner,ROMAR Wealth Management,romarwealth.com,http://www.romarwealth.com,"San Francisco, California",http://www.linkedin.com/in/investwithrj,https://app.apollo.io/#/people/54a4ab007468692cf0d68d59
Donaville,Vanessa,Owner,In Touch Financial Services Advisory & Investments,intouchfinancialservices.com,http://www.intouchfinancialservices.com,"San Francisco, California",http://www.linkedin.com/in/donaville-vanessa,https://app.apollo.io/#/people/60fe4dd49d7e9c0001cccaa8
Scott,Werdebaugh,Owner,Integrity Financial Planning,integrityfinancialplan.com,http://www.integrityfinancialplan.com,"Morgantown, West Virginia",http://www.linkedin.com/in/scottwerdebaugh,https://app.apollo.io/#/people/54aa9be37468690b7513fa0d
Jennifer,Freeman,"Financial Advisor,Owner",Freeman Wealth Management,freemanwealthmgt.com,http://www.freemanwealthmgt.com,"Nashville, Tennessee",http://www.linkedin.com/in/jenniferdeguire,https://app.apollo.io/#/people/54abf3227468692a6b53c217
Jay,Torgerson,Owner,Cross Financial Management,crossfinancialmgmt.com,http://www.crossfinancialmgmt.com,"Portland, Oregon",http://www.linkedin.com/in/crossfinancial,https://app.apollo.io/#/people/66fe255fe60aae0001e065b7
Jim,Thompson,Owner,Value Wealth Management,valuewm.com.au,http://www.valuewm.com.au,"West Des Moines, Iowa",http://www.linkedin.com/in/jim-thompson-a194158,https://app.apollo.io/#/people/5ad5f6a8a6da9867290ffe6d
Brian,Leyde,Owner,Seattle Tax Group LLC,seattletaxgropu.com,http://www.seattletaxgropu.com,"Seattle, Washington",http://www.linkedin.com/in/brian-leyde-cpa-5781513,https://app.apollo.io/#/people/66fb790ba8908c000191c9b0
Michael,Spielmann,Financial Advisor/Owner,Twenty Oak Financial Partners,twentyoakfp.com,http://www.twentyoakfp.com,"Lafayette, Louisiana",http://www.linkedin.com/in/michael-spielmann-77461a99,https://app.apollo.io/#/people/54a564707468693209cd8094
Kimberly,Noonan,Owner,"Meck Noonan & Co., LLC",meckcpaaustin.com,http://www.meckcpaaustin.com,"Austin, Texas",http://www.linkedin.com/in/kimberly-noonan-67135280,https://app.apollo.io/#/people/66fad09e5080a20001895df3
Jeremy,Morris,Co-Owner,Five Pine Wealth Management,fivepinewealth.com,http://www.fivepinewealth.com,"Coeur d'Alene, Idaho",http://www.linkedin.com/in/jeremy-morris-1a0a14264,https://app.apollo.io/#/people/642817b49374110001fc6bec
Cooper,Stewart,Owner,CST Group,com.lb,http://www.cst.com.lb,"Charlottesville, Virginia",http://www.linkedin.com/in/cooper-stewart-05530319,https://app.apollo.io/#/people/54a1f5d6746869331810dc00
Bob,Kilkenny,Owner,"Robert F. Kilkenny, CPA P.C.",kilkennycpa.com,http://www.kilkennycpa.com,"Stow, Massachusetts",http://www.linkedin.com/in/bobkilkenny,https://app.apollo.io/#/people/60c82e7505ac1d00015f569f
Najeeb,Cabbad,Owner,NEC AGENCY INC. DBA NEC INSURANCE BROKERAGE,necagency.com,http://www.necagency.com,"New York, New York",http://www.linkedin.com/in/najeeb-elias-cabbad-13549018,https://app.apollo.io/#/people/66fdbeb33ca4f70001f38805
Jenny,Glassmoyer,Owner,Avodah CPA,avodahcpa.com,http://www.avodahcpa.com,"Sarasota, Florida",http://www.linkedin.com/in/jennyglassmoyer,https://app.apollo.io/#/people/60108931db0f17000123b357
John,Vanderbloemen,Owner,The VanderBloemen Group,vanderbloemengroup.com,http://www.vanderbloemengroup.com,"Brookfield, Wisconsin",http://www.linkedin.com/in/john-vanderbloemen-563289a,https://app.apollo.io/#/people/54aac99174686906308b7719
Jonathon,Baugher,Owner,JB Tax LLC,jbtax.cpa,http://www.jbtax.cpa,"Kenosha, Wisconsin",http://www.linkedin.com/in/jonathon-baugher-cpa-bb180220,https://app.apollo.io/#/people/5571506c7369642c56d37a00
David,Paulson,Owner,DP Financial & Tax,dpfinancialtax.com,http://www.dpfinancialtax.com,"Tulsa, Oklahoma",http://www.linkedin.com/in/david-paulson-7773345,https://app.apollo.io/#/people/651558acdd59f4000190cca1
Sheila,Brown,Owner,Sheila Brown Accounting,sheilabrownaccounting.com,https://sheilabrownaccounting.com,"Saint Augustine, Florida",http://www.linkedin.com/in/sheila-s-brown-cpa-citp-86aa6859,https://app.apollo.io/#/people/66fabe3101d297000174b95a
Rob,Sayler,Co-Owner,SeaCrest Financial Services,seacrestfs.com,http://www.seacrestfs.com,"Rapid City, South Dakota",http://www.linkedin.com/in/rob-sayler-9237b146,https://app.apollo.io/#/people/6603ac96e4fe640008ec20fb
Mike,Waitt,Owner,Vertex Financial Group,vertex-financial.com,http://www.vertex-financial.com,"Greenbank, Washington",http://www.linkedin.com/in/mike-waitt-698b2a11,https://app.apollo.io/#/people/61169903be37c80001231638
Michael,Campbell,Owner,Campbell Green,campbellgreen.com.au,http://www.campbellgreen.com.au,"Austin, Texas",http://www.linkedin.com/in/michael-campbell-895b9a58,https://app.apollo.io/#/people/684ee40d437a3e0001d5c9a0
Lee,Whitmire,Owner,LedgerPlus,ledgerplus.us,http://www.ledgerplus.us,"Tallahassee, Florida",http://www.linkedin.com/in/lee-whitmire-a436a36,https://app.apollo.io/#/people/54a56c187468693676515695
Lorie,Jones,Owner,Fearless Financial Advisors,fearlessfinancialadvisors.com,http://www.fearlessfinancialadvisors.com,"Littleton, Colorado",http://www.linkedin.com/in/loriejones,https://app.apollo.io/#/people/54a405827468692abfe78025
Liz,Conrad,Owner,United Bank - Mortgage,unitedbankmortgage.com,https://unitedbankmortgage.com,"Baltimore, Maryland",http://www.linkedin.com/in/lizconrad,https://app.apollo.io/#/people/66fe22e87673080001ee0ccb
Michael,York,Owner,York & Associates,yorkandassociates.tax,http://www.yorkandassociates.tax,"Salt Lake City, Utah",http://www.linkedin.com/in/michael-a-york-5b6516126,https://app.apollo.io/#/people/62c92b48795ffe00019b0a44
Betsy,Cfp,Owner,Forward Financial Planning,fwdfp.com,http://www.fwdfp.com,"Memphis, Tennessee",http://www.linkedin.com/in/fwdfp,https://app.apollo.io/#/people/685e2ae7fd392b00015b6fee
Dave,Stone,Owner,Pursuit Financial Planning,pursuitfp.co.uk,http://www.pursuitfp.co.uk,"Perth, Australia",http://www.linkedin.com/in/dave-stone-77869a2b,https://app.apollo.io/#/people/5b22366fa6da9878de99a76d
Ric,Runestad,Owner,"RUNESTAD FINANCIAL SERVICES, LTD.",runestadfinancial.com,https://runestadfinancial.com,"Fort Wayne, Indiana",http://www.linkedin.com/in/ric-runestad-70a90916,https://app.apollo.io/#/people/66fcc02a88d9000001abf3b9
Larry,Rosenthal,Owner,Financial Planning Services,financialplanning.com,https://financialplanning.com,"Manassas, Virginia",http://www.linkedin.com/in/larry-rosenthal-0666794,https://app.apollo.io/#/people/66fdd6a517012000014c84af
Michael,Crochet,Owner,Tinadre Merchant Services,tinadr.com,http://www.tinadr.com,"Tampa, Florida",http://www.linkedin.com/in/michael-crochet-a56ba5a,https://app.apollo.io/#/people/66fea295de79ad00011b6848
Giorgio,Yashar,Owner,Bentley Merchant Services,bentleymerchantservices.com,http://www.bentleymerchantservices.com,"Los Angeles, California",http://www.linkedin.com/in/giorgioyashar,https://app.apollo.io/#/people/66f73ab4233e22000148e6c6
Angie,Simmons,Owner,"My Infinity Bookkeeper, LLC",myinfinitybookkeeper.com,http://www.myinfinitybookkeeper.com,"Aurora, Colorado",http://www.linkedin.com/in/angieacarpentersimmons,https://app.apollo.io/#/people/686954d7ed700d000147fd85
Kevin,Williams,Owner,Williams Financial Services,kqwilliamsfinancial.com,http://www.kqwilliamsfinancial.com,"Bowie, Maryland",http://www.linkedin.com/in/kqwiliiams,https://app.apollo.io/#/people/5c4cfe9880f93e218aa74a29
Justin,Renshaw,Owner,Innovative Financial Solutions,myinnovativefinancialsolution.com,http://www.myinnovativefinancialsolution.com,"Saint Charles, Missouri",http://www.linkedin.com/in/justin-renshaw-885b812b,https://app.apollo.io/#/people/64a6ab82a20d430001e3211f
Alan,Buckingham,Owner,FMB Financial,fmbfinancial.ca,http://www.fmbfinancial.ca,"Alpharetta, Georgia",http://www.linkedin.com/in/alan-buckingham-bbb70013,https://app.apollo.io/#/people/54a2ce887468693a7e518f3e
Vaughan,Liddelow,Owner,Paramount Wealth Management,paramount-wm.com,http://www.paramount-wm.com,"Perth, Australia",http://www.linkedin.com/in/vaughan-liddelow-b1b2631a,https://app.apollo.io/#/people/54a816e7746869730a716760
Andrew,Boyer,Owner,Fortis Wealth Management,fortiswm.com.au,http://www.fortiswm.com.au,"Perth, Australia",http://www.linkedin.com/in/andrew-boyer-34647625,https://app.apollo.io/#/people/54a4660274686936762e5944
David,Tozer,Owner,Tozer Wealth Management,tozerwealthmanagement.com,http://www.tozerwealthmanagement.com,"Santa Barbara, California",http://www.linkedin.com/in/david-tozer-cfp-18636356,https://app.apollo.io/#/people/5fb7df4aeb4998000105d576
Barry,Rfc,Owner,Triton Wealth,tritonwealth.com,http://www.tritonwealth.com,"San Clemente, California",http://www.linkedin.com/in/barry-k-barbernell-rfc-040682b1,https://app.apollo.io/#/people/5e8d86d6a5cc4700018d4b15
Andrew,Drieschner,Owner,Mercury Wealth Management,mercurywealth.co.uk,http://www.mercurywealth.co.uk,"Melbourne, Australia",http://www.linkedin.com/in/andrew-drieschner-853baa3a,https://app.apollo.io/#/people/54a267a27468692e71c4bb20
Luke,Schaeffer,Owner,Lumos Accounting,lumosacct.com,http://www.lumosacct.com,"Colorado Springs, Colorado",http://www.linkedin.com/in/lukeschaeffer,https://app.apollo.io/#/people/66f4ff546c498c00019e4da2
James,Steinbrenner,Owner,Steinbrenner Financial Group,steinbrennergroup.com,http://www.steinbrennergroup.com,"Milwaukee, Wisconsin",http://www.linkedin.com/in/james-steinbrenner-978514167,https://app.apollo.io/#/people/624d643f4cbf910001fac55f
Leslie,Swart,Owner,Blue Skye Lending,blueskyeloans.com,http://www.blueskyeloans.com,"Bradenton, Florida",http://www.linkedin.com/in/leslie-swart-1923925,https://app.apollo.io/#/people/54ebcec3746869444cd8b429
Larry,Cohen,Owner,Laurence Financial Planning LLC,laurencefinancialplanning.com,https://laurencefinancialplanning.com,"Danvers, Massachusetts",http://www.linkedin.com/in/larry-cohen-cfp-r-a42aab2a,https://app.apollo.io/#/people/54aa81d27468690b7549d807
Brandon,Snider,Owner,Maven Mortgage,mavenmortgagegroup.com,http://www.mavenmortgagegroup.com,"Cullman, Alabama",http://www.linkedin.com/in/brandonsnider,https://app.apollo.io/#/people/54c1ba5c74686916399fad3c
Tom,Cfp,Owner,King Financial Partners,kingfinpartners.com,http://www.kingfinpartners.com,"State College, Pennsylvania",http://www.linkedin.com/in/tomking8,https://app.apollo.io/#/people/6060d1e228dd880001a410d5
Samantha,Sohmer,Co-owner,Prime Refunds,primetaxrefunds.com,https://primetaxrefunds.com,"Parsippany-Troy Hills, New Jersey",http://www.linkedin.com/in/samantha-sohmer-23ab6322,https://app.apollo.io/#/people/54a3133e74686930c2c1d152
Davis,Lipscomb,Co-Owner,Lipscomb Wealth,lipscombwealth.com,http://www.lipscombwealth.com,"Auburn, Alabama",http://www.linkedin.com/in/davis-lipscomb-6394274b,https://app.apollo.io/#/people/54a466677468692abfeb4444
Brian,Hayes,Owner,Hayes Advisory Group,hayesadvisorygroup.com,http://www.hayesadvisorygroup.com,"Kokomo, Indiana",http://www.linkedin.com/in/t-brian-hayes-b6a06011,https://app.apollo.io/#/people/54a38ee37468693209bbb702
David,Herring,Owner,IHS,ihs-revizija.hr,http://www.ihs-revizija.hr,"Farmington, Arkansas",http://www.linkedin.com/in/david-herring-8576a169,https://app.apollo.io/#/people/55708eda736964515a711100
Brian,Walsh,Co-Owner,Walsh & Nicholson Financial Group,wnfg.com,http://www.wnfg.com,"Wayne, Pennsylvania",http://www.linkedin.com/in/brianpwalshbeyondthemask,https://app.apollo.io/#/people/680b1068dd0ddf0001a347dc
Danny,Doyle,Owner,Mark Hughes Merchant Services,markhughesmerchant.com,https://markhughesmerchant.com,"Lenoir City, Tennessee",http://www.linkedin.com/in/danny-doyle-9864b834,https://app.apollo.io/#/people/6700613084c86e0001d20361
Didier,Varlet,Owner,"Cartesia Financial, LLC",cartesiafinancial.com,http://www.cartesiafinancial.com,"Miami Beach, Florida",http://www.linkedin.com/in/didiervarlet,https://app.apollo.io/#/people/66f6ff3ed5e8f900015dffd6
Brett,Chambers,Owner,Chambers Financial Consulting,chambersfinancialconsulting.com,http://www.chambersfinancialconsulting.com,"Sonora, Texas",http://www.linkedin.com/in/brett-chambers,https://app.apollo.io/#/people/66b3372f5eeac70001e3a0c9
Michelle,Healy,Owner,Highland Financial Consulting,highlandfinancial.com,https://highlandfinancial.com,"Defiance, Ohio",http://www.linkedin.com/in/michelle-healy-270354209,https://app.apollo.io/#/people/62c3d76836d7fc000139bac3
Cami,Watts,Owner,Your Financial Edge,wattsyourfinancialedge.com,http://www.wattsyourfinancialedge.com,"Atlanta, Georgia",http://www.linkedin.com/in/cami-watts-cpa,https://app.apollo.io/#/people/66fb35180ae2360001300b94
Steven,Burdick,Owner,Live Oak Wealth Management,liveoakwealthmanagement.com,https://liveoakwealthmanagement.com,"Arroyo Grande, California",http://www.linkedin.com/in/steven-burdick-b9943226,https://app.apollo.io/#/people/54a2995874686933185f992e
Kerry,Morris,Owner,Assurance Financial Partners,assurancefp.com,http://www.assurancefp.com,"Franklin, Tennessee",http://www.linkedin.com/in/kerrymorris1,https://app.apollo.io/#/people/5f7cb6da79511b00010db9f9
Kendra,Erkamaa,Owner,"TRIANGLE FINANCIAL SERVICES, INC.",trianglefsinc.com,http://www.trianglefsinc.com,"Des Moines, Iowa",http://www.linkedin.com/in/kendra-erkamaa-29265a4,https://app.apollo.io/#/people/55712faf7369646328480400
Brad,Sacks,Owner,Sacks & Associates,mjswealth.co.za,http://www.mjswealth.co.za,United States,http://www.linkedin.com/in/brad-sacks-1a91ab18,https://app.apollo.io/#/people/66fb8898cdf51100011db72f
Justin,Miller,Owner,Fireside Financial,stlfireside.com,http://www.stlfireside.com,"Chesterfield, Missouri",http://www.linkedin.com/in/justin-w-miller,https://app.apollo.io/#/people/6061c3e3e9303c00012404cc
Eric,Kent,Owner,Silver Compass Advisors,silvercompassadvisors.com,https://silvercompassadvisors.com,"Alexandria, Louisiana",http://www.linkedin.com/in/kenteric,https://app.apollo.io/#/people/54a4b6737468692cf0825f5d
Joe,Saffrin,Owner,"Mach96, LLC",mach96.com,http://www.mach96.com,"Minneapolis, Minnesota",http://www.linkedin.com/in/joesaffrin,https://app.apollo.io/#/people/625a9c9579eafe0001c42050
Wendy,West,Owner,Double W Financial Group,wwfinancialgroup.com,http://www.wwfinancialgroup.com,"Chicago, Illinois",http://www.linkedin.com/in/wendy-west-9092868,https://app.apollo.io/#/people/5f606cb286d5ca00011e21f2
Ben,Jackson,Owner,Jackson Financial Group,jacksonfinancialplanning.com,http://www.jacksonfinancialplanning.com,"Blacksburg, Virginia",http://www.linkedin.com/in/ben-jackson-cfp%c2%ae-ab94ba225,https://app.apollo.io/#/people/66fd96bb6bbe610001b2e1b8
Jason,Maxam,Owner,"Creative 1st Mortgage, LLC",creative1stmortgage.com,http://www.creative1stmortgage.com,"Birmingham, Alabama",http://www.linkedin.com/in/jason-maxam-01b37b27,https://app.apollo.io/#/people/54c1fd5e7468697af72d2a69
Kayle,Larsen,"Certified Financial Planner, Owner",Larsen Wealth Management,larsenwealthmanagement.com,https://larsenwealthmanagement.com,"El Dorado Hills, California",http://www.linkedin.com/in/kayle-larsen-cfp%c2%ae-002a058,https://app.apollo.io/#/people/670f915db0ecf30001eb798c
Jacki,Liautaud,Co-owner/Advisor,"One Wild Life Advisors, LLC",onewildlifeadvisors.com,http://www.onewildlifeadvisors.com,"Chicago, Illinois",http://www.linkedin.com/in/jacki-liautaud-cfp%c2%ae-795a637,https://app.apollo.io/#/people/6853fc5109a92c0001283919
Dave,Tallman,Owner,Mortgage Solutions Of Georgia,mortgagesolutionsofgeorgia.net,http://www.mortgagesolutionsofgeorgia.net,"Acworth, Georgia",http://www.linkedin.com/in/dave-tallman,https://app.apollo.io/#/people/66ff6fbf6072970001666a7f
Bryan,Cfp,Co-Owner,"Spectrum Wealth Management, LLC",spectrumhawaii.com,http://www.spectrumhawaii.com,"Honolulu, Hawaii",http://www.linkedin.com/in/bryan-nakamoto,https://app.apollo.io/#/people/6197531438675900018865e8
Michael,Sowa,Owner,Convergence Financial Consulting LLC,convergencefc.com,http://www.convergencefc.com,"Philadelphia, Pennsylvania",http://www.linkedin.com/in/michael-sowa-ctp,https://app.apollo.io/#/people/66865ac182ac780001f813c8
Russ,Shulman,Owner,Sound Bookkeepers,sbk2.co,http://www.sbk2.co,United States,http://www.linkedin.com/in/trustedruss,https://app.apollo.io/#/people/5fbc8e853799190001cae6c8
Philip,Boncaldo,Owner,Compass Capital,compass-cap.com,https://compass-cap.com,"Quincy, Massachusetts",http://www.linkedin.com/in/philip-boncaldo-5b854b13,https://app.apollo.io/#/people/54a3d14c7468692abffaf814
Vicki,Klein,Owner,Bookkeeping Services,bookkeepingservicesaustralia.com.au,http://www.bookkeepingservicesaustralia.com.au,"Omaha, Nebraska",http://www.linkedin.com/in/vickikleinallely,https://app.apollo.io/#/people/54aab3dc746869037717a313
Mark,Whalen,Owner,Integrated Financial Services (PTY) LTD,integratedfinancial.ca,http://www.integratedfinancial.ca,"Germantown, Tennessee",http://www.linkedin.com/in/mark-whalen-3694139,https://app.apollo.io/#/people/66f6a55b9c737700011041ef
Paul,Pribyl,Owner,Lifestyle Management,lsmplan.com,http://www.lsmplan.com,"Hopkins, Minnesota",http://www.linkedin.com/in/paul-pribyl-b7b0769,https://app.apollo.io/#/people/54a5316c7468693676ed4684
Heather,Kent,Owner,Summit Financials LLC,summitfinancials.com,https://summitfinancials.com,"Boston, Massachusetts",http://www.linkedin.com/in/heatherkent,https://app.apollo.io/#/people/54a503557468693676fb6075
Susan,Lopez,Operations Manager - Co Owner,South Orange County Financial Planning,socfp.com,http://www.socfp.com,"Laguna Niguel, California",http://www.linkedin.com/in/susan-haines-lopez-72134211,https://app.apollo.io/#/people/5fa672a589810f0001e86bc6
David,Rae,Co-Owner,Māpua Wealth,mapuawealth.com,http://www.mapuawealth.com,"Auckland, New Zealand",http://www.linkedin.com/in/david-rae-7a89ab67,https://app.apollo.io/#/people/5add6171a6da984d4448581c
Brandon,Rogers,Co-Owner,Bradshaw Rogers Financial Partners,bradshawfp.com,http://www.bradshawfp.com,"Salisbury, North Carolina",http://www.linkedin.com/in/brandon-rogers-cfp%c2%ae-06063973,https://app.apollo.io/#/people/608bf6b198504700018d7c3d
Trevor,Phillips,Owner,Source Financial Services,sourcefinancialservices.com.au,http://www.sourcefinancialservices.com.au,"Melbourne, Australia",http://www.linkedin.com/in/trevorphillipsatsource,https://app.apollo.io/#/people/60351e83e0c8150001536f14
Sebastian,Mauro,Director / Owner,Aspire Wealth Group,aspirewealthgrp.com,http://www.aspirewealthgrp.com,"Melbourne, Australia",http://www.linkedin.com/in/sebastian-di-mauro-34541027,https://app.apollo.io/#/people/66faa14034ff8c0001a61c1c
Robin,Snell,Chief of Planning & Owner,Nested Financial & Tax Planning,nestedfinancial.com,http://www.nestedfinancial.com,"Palm Harbor, Florida",http://www.linkedin.com/in/robinsnell,https://app.apollo.io/#/people/66fc414f5ad80e000190ec1b
Gary,Keister,Owner,"Wescom Capital, Inc.",wescomcapital.com,http://www.wescomcapital.com,"Port Townsend, Washington",http://www.linkedin.com/in/gary-keister-1297925,https://app.apollo.io/#/people/66fcd549294a4d0001236fc4
Gregory,Cellucci,Senior Product Owner,Truist Securities,truistsecurities.com,https://suntrust.com,"Charlotte, North Carolina",http://www.linkedin.com/in/gregory-cellucci-235b787,https://app.apollo.io/#/people/54aabf797468690630351517
Jeremy,Smith,Owner,Trinity Group,trinitycorporateservices.com,http://www.trinitycorporateservices.com,New Zealand,http://www.linkedin.com/in/jeremy-smith-55b5324,https://app.apollo.io/#/people/5b33971ca6da9870f9445bb7
Kevin,Woods,Co-Owner,Your Consulting LLC,yourconsultingllc.com,http://www.yourconsultingllc.com,United States,http://www.linkedin.com/in/kevin-woods-73a09632b,https://app.apollo.io/#/people/68c00d943b4e050001a2fa07
Matthew,Johnson,Owner,Johnson Wealth and Income Management,johnsonwim.com,http://www.johnsonwim.com,"Humboldt, Iowa",http://www.linkedin.com/in/matthew-johnson-12012414,https://app.apollo.io/#/people/5e5a87e28fc0a00001c4d59e
Kevin,Lane,Owner,Fusion Wealth Managers,fusionwealthmanagers.com,https://fusionwealthmanagers.com,"New York, New York",http://www.linkedin.com/in/kevin-lane-b9aaa24,https://app.apollo.io/#/people/62beb4b884c7320001fef97f
Shawn,Mills,Owner,Legacy Business Solutions,legacybiz.solutions,http://www.legacybiz.solutions,United States,http://www.linkedin.com/in/shawn-mills-4434a0186,https://app.apollo.io/#/people/67316656390af80001c2dcd1
Larry,Benedict,Owner,"The Opportunistic Trader, LLC",opportunistictrader.com,http://www.opportunistictrader.com,"Boca Raton, Florida",http://www.linkedin.com/in/larry-benedict-023446165,https://app.apollo.io/#/people/5db6d8dacfc9dd0001654a4a
Amanda,Locke,Owner,AMG & Associates,amg-associates.com,http://www.amg-associates.com,"Los Angeles, California",http://www.linkedin.com/in/amanda-locke-47098833,https://app.apollo.io/#/people/54a3f39974686938ac958320
Richard,Perrotti,Owner,MB Associates,mbassociates.net,http://www.mbassociates.net,"Bordentown Township, New Jersey",http://www.linkedin.com/in/richard-perrotti-2b439b4,https://app.apollo.io/#/people/66fafd60d16c050001e1f86e
Andy,Hendrickson,Owner,Apple Tree Financieel Adviseurs,apple-tree.nl,http://www.apple-tree.nl,"Danville, Illinois",http://www.linkedin.com/in/andy-hendrickson-6b332b31,https://app.apollo.io/#/people/610c6db583754e0001f27980
Maureen,Matthews,Owner,Beehive,beehive.com,https://beehive.com,"Charleston, South Carolina",http://www.linkedin.com/in/maureen-r-matthews,https://app.apollo.io/#/people/60f21174be0b880001c67154
Aaron,Hail,Owner,Hail Financial Group,hailfinancial.com,http://www.hailfinancial.com,"Scottsdale, Arizona",http://www.linkedin.com/in/aaronhail,https://app.apollo.io/#/people/600913069b7c2d00012f8420
Richard,Allison,Owner,Allison Wealth Managment,allisonwealthmanagement.com,http://www.allisonwealthmanagement.com,"Sacramento, California",http://www.linkedin.com/in/richardkallison,https://app.apollo.io/#/people/686079eed8b4e90001943887
Ed,Kerns,Owner,FOOTLAMP FINANCIAL,myfootlamp.com,http://www.myfootlamp.com,"Atlanta, Georgia",http://www.linkedin.com/in/edwardkerns,https://app.apollo.io/#/people/66fc5473ac50d00001f8b850
David,Yarn,Owner,Southgate Financial Services,southgatefinancialservices.com,https://southgatefinancialservices.com,"Gaithersburg, Maryland",http://www.linkedin.com/in/davidyarn,https://app.apollo.io/#/people/54a549a874686938acff3c8c
Leon,Harrison,Owner,The Harrison Financial Group,theharrisonfinancial.com,https://theharrisonfinancial.com,"Pittsburgh, Pennsylvania",http://www.linkedin.com/in/leon-harrison,https://app.apollo.io/#/people/6121ca978585fb0001f15286
Kendyl,Roundtree,Owner,Roundtree Financial,roundtreefinancial.com,http://www.roundtreefinancial.com,"Los Angeles, California",http://www.linkedin.com/in/kendylroundtree,https://app.apollo.io/#/people/66f710acc180660001b66f89
John,Watts,Owner,Astute North Queensland,theastutereview.com.au,http://www.theastutereview.com.au,"Cairns, Australia",http://www.linkedin.com/in/john-watts-7a2b2837,https://app.apollo.io/#/people/5ffcb3ffc1ed0f0001a9577e
R'neill,Wells,Owner,Wells Financial Services,wellsfinancialsvcs.com,http://www.wellsfinancialsvcs.com,"St. Louis, Missouri",http://www.linkedin.com/in/r-neill-wells-97b9829,https://app.apollo.io/#/people/54a4a34074686936765c0157
David,Roessler,Owner,"Divorce Solutions, LLC",divorcesolutionsllc.com,http://www.divorcesolutionsllc.com,"Southfield, Michigan",http://www.linkedin.com/in/david-roessler-7a083a7,https://app.apollo.io/#/people/54a5da4a7468693b8c0541ae
Pierry,Vargas,Co-Owner,OPS ONE GROUP,opsonegroup.com,http://www.opsonegroup.com,"Warwick, Rhode Island",http://www.linkedin.com/in/pierryvargas,https://app.apollo.io/#/people/57d4e16ba6da9853b6ac8a58
Bill,Kime,Owner,AFA CONSULTING LLC,afa.com,https://afa.com,"Bethesda, Maryland",http://www.linkedin.com/in/bill-kime-40619524,https://app.apollo.io/#/people/54a6e5c374686975f8664502
Robby,Bryant,Owner,Swipe Payment Solutions,swipepayments.net,http://www.swipepayments.net,"Florence, South Carolina",http://www.linkedin.com/in/robby-bryant-6632b38,https://app.apollo.io/#/people/54a6e68a746869705afb8f02
Ryan,Richardson,Owner,LiteStrats,litestrats.com,http://www.litestrats.com,"Oklahoma City, Oklahoma",http://www.linkedin.com/in/rrrichardson,https://app.apollo.io/#/people/6316698dc13bc70001d16b2a
Tom,Gibbings,Owner,"Prime Capital Financial of San Diego, CA, LLC",primecapitalfinancialofsandiegoca.com,https://primecapitalfinancialofsandiegoca.com,"San Diego, California",http://www.linkedin.com/in/tomgibbings,https://app.apollo.io/#/people/60decfe0553022000187a115
Mea,Rosner,Owner,Rosner Financial Group,rosnerfinancial.com,http://www.rosnerfinancial.com,"Watertown, New York",http://www.linkedin.com/in/mea-rosner-7276a6193,https://app.apollo.io/#/people/6125b92435827e000199ce8d
Jason,Shaw,Owner,"BSC Advisors, LLC",bscadvisorscpa.com,http://www.bscadvisorscpa.com,"Des Moines, Iowa",http://www.linkedin.com/in/jason-shaw-cpa-2ba1764,https://app.apollo.io/#/people/5e83e9cfa136270001b8dc8d
Lei,Testa,Owner,Testa CPA LLC,testacpa.com,https://testacpa.com,"Fort Worth, Texas",http://www.linkedin.com/in/lei-testa-cpa-cgma-51625211,https://app.apollo.io/#/people/5e35a25b120deb00011a7141
Jenna,Cairns,Owner,Inovo Wealth Architects Inc,inovowa.com,http://www.inovowa.com,"Overland Park, Kansas",http://www.linkedin.com/in/jenna-cairns-b9315048,https://app.apollo.io/#/people/57d85e11a6da98785fd77fe2
Judith,Gerhart,Owner,Gerhart Group,gerhart-group.com,http://www.gerhart-group.com,"Camarillo, California",http://www.linkedin.com/in/judith-gerhart-11b93a8,https://app.apollo.io/#/people/65140924c87b330001b9929d
Robert,Marshall,Owner,Marshall and Associates,judymarshallandassociates.com,https://judymarshallandassociates.com,"Mission Viejo, California",http://www.linkedin.com/in/robert-marshall-44a36390,https://app.apollo.io/#/people/5b3d4bbba6da98a0ad99f0ea
Chris,McAllister,Owner,Alliance Data,breadfinancial.com,https://breadfinancial.com,New Zealand,http://www.linkedin.com/in/chris-mcallister-5a85057,https://app.apollo.io/#/people/62e0d2dcdbbfb90001cfc573
Jace,Cosgrove,Owner,Your Wealth Corporation,yourwealthcorp.com.au,http://www.yourwealthcorp.com.au,"Queensland, Australia",http://www.linkedin.com/in/jace-cosgrove-85991b31,https://app.apollo.io/#/people/66f54002d3480d000166fce0
Dustin,Wong,Owner,Booked Financial,bookedfinancial.com,http://www.bookedfinancial.com,"Dallas, Texas",http://www.linkedin.com/in/dustinwong,https://app.apollo.io/#/people/5fadc02d80d4e700016e6919
Dan,Rubatt,Owner,Rubatt Financial,rubafinancialadvisors.com,http://www.rubafinancialadvisors.com,"Denver, Colorado",http://www.linkedin.com/in/dan-rubatt,https://app.apollo.io/#/people/60121a79737e6800013b39c3
Brandon,Conroy,Co-Owner,Northstar Processing,northstarprocessing.com,http://www.northstarprocessing.com,"Gilbert, Arizona",http://www.linkedin.com/in/brandon-conroy-90351452,https://app.apollo.io/#/people/54a5323f7468693b8ccdc784
Meaghan,Orrall,Owner,Parallel 42 Consulting,parallel42consulting.com,http://www.parallel42consulting.com,"Nampa, Idaho",http://www.linkedin.com/in/meaghan-orrall-cpa-03520a35,https://app.apollo.io/#/people/54ebb3437468694311ee4b11
Yatin,Kishan,Owner,SympliFi,symplifi.finance,http://www.symplifi.finance,"Winston-Salem, North Carolina",http://www.linkedin.com/in/yatinkishan,https://app.apollo.io/#/people/66fae62c0034d5000136084d
Blair,Majcina,Owner,"Soryn Capital, LLC",soryncapital.com,http://www.soryncapital.com,"Dallas, Texas",http://www.linkedin.com/in/blair-majcina-5880461a,https://app.apollo.io/#/people/66f426e9070e1b0001258e5c
Darren,Wearne,Part Owner,Financial Dynamics,financialdynamics.nl,http://www.financialdynamics.nl,"Wollongong, Australia",http://www.linkedin.com/in/darren-wearne-79335250,https://app.apollo.io/#/people/54a6e5887468696b7f012302
Marisa,McDougall,Owner,"SW Florida Mortgage Solutions, Inc.",swflmortgagesolutions.com,http://www.swflmortgagesolutions.com,"Naples, Florida",http://www.linkedin.com/in/marisa-mcdougall-9961065,https://app.apollo.io/#/people/54a803db74686965d9de2e5c
Tyler,Armstrong,"Owner, Financial Advisor",Encore Financial Advisors,encorefa.com,http://www.encorefa.com,"Minneapolis, Minnesota",http://www.linkedin.com/in/tyler-armstrong-cfp%c2%ae-aif%c2%ae-bfa%e2%84%a2-2951519,https://app.apollo.io/#/people/67bece19b1826f00011b177a
Bill,Elliott,Co-Owner,BlueRock Partners,bluerockp.com,http://www.bluerockp.com,"Carmel, Indiana",http://www.linkedin.com/in/bill-elliott-17a41813,https://app.apollo.io/#/people/61142717ac4d3b0001d67bcd
Tom,Walker,Principal Owner,Capitalize,capitalize.cc,http://www.capitalize.cc,"Fresno, California",http://www.linkedin.com/in/tom-walker-capitalize,https://app.apollo.io/#/people/66de4bdac511a400010533d9
Mark,Adams,Owner,Harlem Nights Corp,harlemnightscorp.com,http://www.harlemnightscorp.com,"Aurora, Colorado",http://www.linkedin.com/in/mark-adams-hncllc,https://app.apollo.io/#/people/5adccf03a6da98629fe665f8
Paul,Spencer,Business Owner,Vehicle & Equipment Finance Albury,vefinancealbury.com.au,http://www.vefinancealbury.com.au,"Albury, Australia",http://www.linkedin.com/in/paul-spencer-1a194553,https://app.apollo.io/#/people/5aeb56eba6da980182bbb1c1
Joshua,Sack,Co-Owner,Yulish & Associates,yulish.com,http://www.yulish.com,"Oxnard, California",http://www.linkedin.com/in/joshua-sack-cpa-4a50327,https://app.apollo.io/#/people/54a62f8d7468692abfec60c9
Egis,Rusilas,Owner,Sienna Investment Managers,sienna-im.com,http://www.sienna-im.com,"Western Australia, Australia",http://www.linkedin.com/in/egis-rusilas-641a3b12,https://app.apollo.io/#/people/57dd3ae4a6da987b2c9f6369
Ryan,Cook,Chief Executive Officer,Cook & Company CPAs + Wealth Management,cookcompanyfinancial.com,http://www.cookcompanyfinancial.com,"Clinton, Missouri",http://www.linkedin.com/in/ryan-cook-03b99515,https://app.apollo.io/#/people/5b343345a6da98b2a92159e0
Frank,Tan,Chief Executive Officer,ARK Wealth Management-NOAH,arkwealth.com,http://www.arkwealth.com,"Singapore, Singapore",http://www.linkedin.com/in/frank-tan-015278365,https://app.apollo.io/#/people/68edf127723e260001807936
Anthony,Amato,Chief Operations Officer,Veda Wealth Management,vedawealthmanagement.com,https://vedawealthmanagement.com,"Omaha, Nebraska",http://www.linkedin.com/in/anthony-amato-clu%c2%ae-300a5510,https://app.apollo.io/#/people/681e137ba42afd0001548a49
Vahur,Vallistu,Chief Executive Officer,LHV,lhv.ee,http://www.lhv.ee,"Conroe, Texas",http://www.linkedin.com/in/vahur-vallistu-250b61160,https://app.apollo.io/#/people/627515b8d624ec0001f2c32e
Minh,Tran,Chief Executive Officer,Lone Wolf Wealth Management,lonewolfwealth.com,http://www.lonewolfwealth.com,"Westminster, California",http://www.linkedin.com/in/queo,https://app.apollo.io/#/people/6832cfad3cbb3e00015401e8
Marcela,Escobar,Chief Executive Officer,Atlantis Group,atlantisgroup.org,http://www.atlantisgroup.org,"San Diego, California",http://www.linkedin.com/in/marcela-escobar-aba1a79,https://app.apollo.io/#/people/6875e4d56e77b90001c99e94
Jennifer,Heller,Chief Executive Officer,Mariposa Virtual Tax Preparation and Bookkeeping,mariposataxprep.com,http://www.mariposataxprep.com,"Mount Morris, Michigan",http://www.linkedin.com/in/mariposavirtual,https://app.apollo.io/#/people/66d80b3b0b34620001f3eec3
Yuting,Lim,Chief Executive Officer,Prudential Financial Advisers Singapore,prudentialfa.com.sg,https://prudentialfa.com.sg,"Singapore, Singapore",http://www.linkedin.com/in/yuting-lim-150078170,https://app.apollo.io/#/people/612c58b8ecaba600015e6066
John,Karaffa,Chief Executive Officer,ProSport Accountants,prosportaccountants.com,http://www.prosportaccountants.com,"Quinton, Virginia",http://www.linkedin.com/in/johnkaraffa,https://app.apollo.io/#/people/54a223497468693a7ec4ef0f
Leslie,Graf,Chief Executive Officer,LFG Consulting & Coaching,lfgconsultingco.com,http://www.lfgconsultingco.com,"Cleveland, Ohio",http://www.linkedin.com/in/leslie-f-graf-cpa-27592b3,https://app.apollo.io/#/people/6726b534b7d59800017c0321
Sam,Wigand,Chief Executive Officer,Wigand Integrated Wealth,wigandintegratedwealth.com,http://www.wigandintegratedwealth.com,"Arvada, Colorado",http://www.linkedin.com/in/sam-wigand-cpa-cfp%c2%ae-cepa-23a6444b,https://app.apollo.io/#/people/671ac4fe9fa8be0001a28fc0
Zachary,Rowley,Chief Executive Officer,Carrack Accounting Services,carrackaccounting.com,http://www.carrackaccounting.com,"Star, Idaho",http://www.linkedin.com/in/zachary-rowley,https://app.apollo.io/#/people/615ec5fbd15a0100018de777
Asim,Hasan,Acting Chief Executive Officer,HugoBank,com.pk,http://www.hugobank.com.pk,"Singapore, Singapore",http://www.linkedin.com/in/asim-hasan-a1677570,https://app.apollo.io/#/people/54a7a5c47468696b7f013448
Casey,Cooke,Chief Executive Officer,"CORE Mortgage, LLC | NMLS 2707213",coremortgageloans.com,http://www.coremortgageloans.com,"Frisco, Texas",http://www.linkedin.com/in/thecoreteamusamortgage,https://app.apollo.io/#/people/66f97d6c83ba0c0001516d04
Larry,Montgomery,Chief Executive Officer,Trusted Faith Financial,trustedfaithfinancial.com,http://www.trustedfaithfinancial.com,"North Richland Hills, Texas",http://www.linkedin.com/in/larry-montgomery,https://app.apollo.io/#/people/5ad8cdbba6da98e3d6240fda
Liran,Amir,Chief Executive Officer,SKP Wealth Management,skp-wealth.com,http://www.skp-wealth.com,"Boston, Massachusetts",http://www.linkedin.com/in/liran-amir-7959654,https://app.apollo.io/#/people/54a827e47468696de7e05e63
Eric,Scoggins,Chief Executive Officer,ETS Wealth Management,etswealth.com,http://www.etswealth.com,"Hoschton, Georgia",http://www.linkedin.com/in/eric-scoggins-chfc-cfp-47218b41,https://app.apollo.io/#/people/610895102325fe000174804d
Kevin,Leonard,Chief Executive Officer,Shop Rates,shoprates.com,http://www.shoprates.com,"Nashville, Tennessee",http://www.linkedin.com/in/kevinjleonard,https://app.apollo.io/#/people/66f40cf1db9d91000182d6dc
Jim,Castleman,Chief Executive Officer,AdvisorTrust Partners LLC,advisortrustpartners.com,http://www.advisortrustpartners.com,"North Carolina, US",http://www.linkedin.com/in/jim-castleman-3621811,https://app.apollo.io/#/people/64023f7a680e230001abb8da
Michael,Stern,Chief Executive Officer,Proventus,proventusadvisors.com,http://www.proventusadvisors.com,"Jonesboro, Arkansas",http://www.linkedin.com/in/michael-stern-85037630,https://app.apollo.io/#/people/62567d056cd66a00012dd792
Kathy,Williams,Chief Executive Officer,Advance Financial Lighthouse,financiallighthouse.net,http://www.financiallighthouse.net,"Oklahoma City, Oklahoma",http://www.linkedin.com/in/thelighthouseprofile,https://app.apollo.io/#/people/5c5e586bf65125b2ba60e27a
Martin,Van Lonkhuijzen,Chief Executive Officer,Strategix Capital LLC,strategixcapital.com,http://www.strategixcapital.com,"Heflin, Alabama",http://www.linkedin.com/in/martin-van-lonkhuijzen-mba-msc-a821a4189,https://app.apollo.io/#/people/685d2a3a2c1fab0001c71e7d
Jakub,Kubrak,Chief Executive Officer,Kubrak Wealth Advisors,kubrakwealthadvisors.com,http://www.kubrakwealthadvisors.com,"Dallas, Texas",http://www.linkedin.com/in/jakub-kubrak,https://app.apollo.io/#/people/5570a59d73696420d92e1f00
Chase,Klusman,Chief Executive Officer,Yaman Financial Group,yamanfg.com,http://www.yamanfg.com,"Omaha, Nebraska",http://www.linkedin.com/in/chaseklusman,https://app.apollo.io/#/people/627fbfa451a3a800010d0f13
Frederick,Plata,Chief Executive Officer,Multus Asset Management,multusam.com,http://www.multusam.com,"Miami, Florida",http://www.linkedin.com/in/frederick-plata-797550135,https://app.apollo.io/#/people/5de36f2fbe23f00001da6d4e
John,Nau,Chief Executive Officer,"Nau Capital, LLC",naucptl.com,http://www.naucptl.com,"San Antonio, Texas",http://www.linkedin.com/in/john-nau-65847794,https://app.apollo.io/#/people/57d5d161a6da98537207775c
Josh,Cfp,Chief Executive Officer,Walker Lane,walkerlane.com.au,http://www.walkerlane.com.au,"Sydney, Australia",http://www.linkedin.com/in/josh-cratchley-cfp-16189246,https://app.apollo.io/#/people/54a5b9487468693676d1a7a2
Audrey,Lokker,Chief Executive Officer,Redbridge Global Markets,redbridgegm.com,http://www.redbridgegm.com,"Houston, Texas",http://www.linkedin.com/in/audrey-lokker,https://app.apollo.io/#/people/54a8950a7468692d1c477f01
Max,Emma,Chief Executive Officer,BooXkeeping Franchise,booxkeepingfranchise.com,http://www.booxkeepingfranchise.com,"San Diego, California",http://www.linkedin.com/in/maxemma,https://app.apollo.io/#/people/66f2e478d02c0100012a808f
Rennie,Maria,Chief Executive Officer,Alliance Insurance Brokers part of Howden,howdeninsurance.ie,http://www.howdeninsurance.ie,"South Melbourne, Australia",http://www.linkedin.com/in/rennie-de-maria-a06b4b19a,https://app.apollo.io/#/people/65d86cac23bbae00013415ba
Michael,Misiti,Chief Executive Officer,Smart Financial,smartfinancial.com.au,http://www.smartfinancial.com.au,"Wollongong, Australia",http://www.linkedin.com/in/michael-misiti-06964522,https://app.apollo.io/#/people/54a75981746869622066892c
Todd,Lesk,Chief Executive Officer,MJ Settlements,mjsettlements.com,http://www.mjsettlements.com,"Coral Springs, Florida",http://www.linkedin.com/in/toddlesk,https://app.apollo.io/#/people/5f7d5ecfdf02dc0001501c6d
Allison,Ledford,Chief Executive Officer,Impeccable Lending,impeccablelending.com,http://www.impeccablelending.com,"Hiawassee, Georgia",http://www.linkedin.com/in/allison-ledford-54486598,https://app.apollo.io/#/people/66fb4d32b5ed390001892972
Jarad,Madea,Chief Executive Officer,Howden Capital Markets & Advisory,howdencma.com,http://www.howdencma.com,"New York, New York",http://www.linkedin.com/in/jarad-madea-80b8246,https://app.apollo.io/#/people/600ecc156a35b300012435bc
Sunethra,Ipalawatte,Chief Executive Officer,SHU Group Inc,rreteam.com,http://www.rreteam.com,"Los Angeles, California",http://www.linkedin.com/in/sunethra-ipalawatte-a1598a222,https://app.apollo.io/#/people/66ff45bac672d900019f1f03
Rohit,Bhageria,Chief Executive Officer,FLIN,co.id,http://www.flin.co.id,"Sydney, Australia",http://www.linkedin.com/in/rohit-bhageria-a7667b13,https://app.apollo.io/#/people/60c17d43db760600018bca63
Jared,Hodes,Chief Executive Officer,Ever Ledger,ever-ledger.com,http://www.ever-ledger.com,United States,http://www.linkedin.com/in/jared-hodes,https://app.apollo.io/#/people/5d3c5345f65125a1096254cc
Stephen,Collins,"Founder, Chief Executive Officer & Chief Investment Officer",Private Multi Family Office (MFO),privatemultifamilyofficemfo.com,https://privatemultifamilyofficemfo.com,"Saint Petersburg, Florida",http://www.linkedin.com/in/stephen-collins-442a732b,https://app.apollo.io/#/people/6214762d2423fa0001607481
Steven,Chua,Chief Executive Officer,brige.ai Pte. Ltd.,brige.ai,http://www.brige.ai,"Singapore, Singapore",http://www.linkedin.com/in/stevenchuajc,https://app.apollo.io/#/people/6641f2f5cb77c40001a2c791
Lloyd,Cartwright,Chief Executive Officer,Bank of China (New Zealand) Limited,bankofchinanewzealand.com,https://bankofchinanewzealand.com,"Auckland, New Zealand",http://www.linkedin.com/in/lloyd-cartwright-814b9015,https://app.apollo.io/#/people/557147fc73696458b14a2900
Roy,Salisbury,Chief Executive Officer,"SBDG: Small Business Development Group, Inc.",sbdg.ai,http://www.sbdg.ai,"Cameron, North Carolina",http://www.linkedin.com/in/roysalisbury,https://app.apollo.io/#/people/66fcd6b7294a4d000123fed8
Tom,Henderson,Founder and Chief Executive Officer,"Capital Access Partners, LLC",capitalaccesspartnersllc.com,http://www.capitalaccesspartnersllc.com,"Atlanta, Georgia",http://www.linkedin.com/in/henderson-tom,https://app.apollo.io/#/people/5ffa759bf90d9000014eda78
John,Gunthner,Chief Executive Officer,Monarch Financial Services,monfs.com,http://www.monfs.com,"Brentwood, New York",http://www.linkedin.com/in/john-gunthner-384624305,https://app.apollo.io/#/people/67220bf47bfdd700014d8537
Ameer,Katifi,Chief Executive Officer,Trusted Mortgage Capital,trustedmortgagecapital.com,http://www.trustedmortgagecapital.com,"Irvine, California",http://www.linkedin.com/in/ameer-katifi-387301154,https://app.apollo.io/#/people/66ff73206072970001673120
Moshe,Maghboule,Chief Executive Officer,Kadima Payments,kadimapayments.com,http://www.kadimapayments.com,"Los Angeles, California",http://www.linkedin.com/in/mo5hiko,https://app.apollo.io/#/people/57e18568a6da987d64987fe5
Ricardo,Calderon,Chief Executive Officer,Provicapital Partners,provicapitalpartners.com,https://provicapitalpartners.com,"Miami, Florida",http://www.linkedin.com/in/ricardo-calderon-a5177b96,https://app.apollo.io/#/people/66f3817de8611b0001a45ce7
Christopher,Bennett,Chief Executive Officer,Nashville Tax Solutions,nashvilletaxsolutions.com,http://www.nashvilletaxsolutions.com,"Fort Pierce, Florida",http://www.linkedin.com/in/christopherbennettsrea,https://app.apollo.io/#/people/60f5d75fd490620001e2d65e
John,Hradesky,Chief Executive Officer,Tax Free Retirement Specialists,taxfreeretirementspecialists.com,http://www.taxfreeretirementspecialists.com,"La Quinta, California",http://www.linkedin.com/in/john-jack-hradesky-6400b9177,https://app.apollo.io/#/people/61f3cc9ebfc50c00017240b8
Rich,Norton,Chief Executive Officer,Norton,nortonsc.com,http://www.nortonsc.com,"Saint Augustine, Florida",http://www.linkedin.com/in/rich-norton-5914524b,https://app.apollo.io/#/people/57d846c1a6da9809def38228
Ramon,Toribio,Chief Executive Officer,Payment Bridge Processing,paymentbridgeprocessing.com,http://www.paymentbridgeprocessing.com,"New York, New York",http://www.linkedin.com/in/ramon-toribio,https://app.apollo.io/#/people/66f5ed85adcaf400014ac3f9
Vincent,Tong,Chief Executive Officer,iFAST Financial (Singapore),ifastnetwork.com,http://www.ifastnetwork.com,"Singapore, Singapore",http://www.linkedin.com/in/vincent-tong-43046934,https://app.apollo.io/#/people/54a53d0c746869320930f587
Edward,Lee,Chief Executive Officer,Chris Lee & Partners,chrislee.co.nz,http://www.chrislee.co.nz,"Wellington, New Zealand",http://www.linkedin.com/in/edward-lee-genomics-finance,https://app.apollo.io/#/people/685d0e9a8023d600014c3fc0
Sam,McCord,Chief Executive Officer,The Exchange Bank,exb-ok.com,http://www.exb-ok.com,"Skiatook, Oklahoma",http://www.linkedin.com/in/sam-mccord-3456321b2,https://app.apollo.io/#/people/60d32a41a937ac0001965553
Denise,Calvert,Chief Executive Officer (CEO),C&S Finance Group,csfinancegroup.com,http://www.csfinancegroup.com,"Houston, Texas",http://www.linkedin.com/in/denise-calvert-13a049364,https://app.apollo.io/#/people/65889195a8599600017a2a0c
Stalin,Jaquez,Chief Executive Officer,Truvale Advisory Group,truvaleadvisory.com,http://www.truvaleadvisory.com,"Orlando, Florida",http://www.linkedin.com/in/stalin-jaquez-0b35222b,https://app.apollo.io/#/people/66f612f71e771c00016b8c50
Guner,Turkmen,Chief Executive Officer,Lake Geneva Investment Partners SA,lgip.ch,http://www.lgip.ch,United States,http://www.linkedin.com/in/guner-turkmen-a4518189,https://app.apollo.io/#/people/68fce8428ec687000116067a
Michael,Constantino,Chief Executive Officer,Webull Securities (Canada) Limited,webull.ca,http://www.webull.ca,"New York, New York",http://www.linkedin.com/in/michael-j-constantino-50b46511,https://app.apollo.io/#/people/610c03b5558b6b0001a2251e
Anandan,Ramachandran,Chief Executive Officer,Phodata.xyz,phodata.xyz,http://www.phodata.xyz,"Albuquerque, New Mexico",http://www.linkedin.com/in/anandanr,https://app.apollo.io/#/people/54a325e674686935bebbc457
Ianai,Urwicz,Chief Executive Officer,Infinia,infinia.xyz,http://www.infinia.xyz,United States,http://www.linkedin.com/in/ianai-urwicz-ab0b932,https://app.apollo.io/#/people/66edb0dc04123900011534f5
John,Drury,Chief Executive Officer,Pinehouse Global Solutions,pinehouse.in,http://www.pinehouse.in,"New York, New York",http://www.linkedin.com/in/john-drury-6a330a82,https://app.apollo.io/#/people/57d39d2ef6512504302b4510
Archit,Aggarwal,Chief Executive Officer,Riverpe,riverpe.com,http://www.riverpe.com,United States,http://www.linkedin.com/in/aggarwalarchit,https://app.apollo.io/#/people/60faa8b9e4107100017823bd
Jason,Meares,Chief Executive Officer,China Investment Options,chinainvestmentoptions.com.au,http://www.chinainvestmentoptions.com.au,"Sydney, Australia",http://www.linkedin.com/in/jason-meares-2082573a,https://app.apollo.io/#/people/60d72bba3894760001c70216
Arturo,Arredondo,Chief Executive Officer,Factora.AI,factorai.net,http://www.factorai.net,"New York, New York",http://www.linkedin.com/in/arturo-a-arredondo-367a50139,https://app.apollo.io/#/people/5d6d667bf651253093b21d8b
Peter,Koukounas,Chief Executive Officer,Axithos,axithos.com,https://axithos.com,"Wayne, New Jersey",http://www.linkedin.com/in/konyia,https://app.apollo.io/#/people/54a40b207468692cf049a527
Clark,Lindsey,Chief Executive Officer,Try Olina,tryolina.com,http://www.tryolina.com,"San Francisco, California",http://www.linkedin.com/in/clark-lindsey-370565124,https://app.apollo.io/#/people/57d503e7a6da9853ee9c926d
Ryan,Ambrose,Chief Executive Officer,Ambrose Financial Group LLC,ambrosefinancial.com,https://ambrosefinancial.com,"Columbus, Ohio",http://www.linkedin.com/in/ryan-a-849b6211,https://app.apollo.io/#/people/67167cfa62429500012c2162
Brandon,Cooper,Chief Executive Officer,Midwestern Financial Solutions,midwesternfinancialsolutions.com,http://www.midwesternfinancialsolutions.com,"North Miami Beach, Florida",http://www.linkedin.com/in/brandon-cooper-426615267,https://app.apollo.io/#/people/66fc34765ad80e00018d66ed
David,Feldstein,Chief Executive Officer,Veranovia,veranovia.com,http://www.veranovia.com,"Englewood, Florida",http://www.linkedin.com/in/davidpfeldstein,https://app.apollo.io/#/people/57d3c120a6da9853ce90cd8d
Michelle,Hoexum,Chief Executive Officer,Revalue LLC,revalue.com,https://revalue.com,"Grand Rapids, Michigan",http://www.linkedin.com/in/michelle-hoexum-699b926,https://app.apollo.io/#/people/66f914349d7af700013853aa
Ishmael,Ali,Chief Executive Officer,Upstream Financial Advisors,upstreamfa.com,http://www.upstreamfa.com,"Houston, Texas",http://www.linkedin.com/in/ishmaelali,https://app.apollo.io/#/people/54eb9b2074686931e2814c17
Mark,Sands,Chief Executive Officer,High Risk Merchant Account LLC,hrma-llc.com,http://www.hrma-llc.com,"Charleston, South Carolina",http://www.linkedin.com/in/mark-sands-1980,https://app.apollo.io/#/people/63d3c43eaec4530001f3181e
Carla,Finol,Chief Executive Officer,DLATINOS FINANZAS,dlatinosfinanzas.com,http://www.dlatinosfinanzas.com,United States,http://www.linkedin.com/in/carla-finol-6998491a7,https://app.apollo.io/#/people/61679db066df990001d340e2
Jack,Delmo,CEO & National Board Member,Bentleys Victoria,bentleysvictoria.com,https://bentleysvictoria.com,"Melbourne, Australia",http://www.linkedin.com/in/johndelmo,https://app.apollo.io/#/people/6268ab1073e0080001120f1d
Robert,Kraft,Chief Executive Officer,"Blue Ocean Partners, LLC",blueoceanprtnrs.com,http://www.blueoceanprtnrs.com,"Lake Worth, Florida",http://www.linkedin.com/in/robert-kraft-0930241,https://app.apollo.io/#/people/61067af963de9c00017fb3bb
Joseph,Cover,Chief Executive Officer,1PriceSwipes.com,1priceswipes.com,http://www.1priceswipes.com,"Florida, US",http://www.linkedin.com/in/joseph-cover-133183368,https://app.apollo.io/#/people/63c97d917f813b000137ae2c
Efemena,Sorogheye,Chief Executive Officer,LitePay Inc,mylitepay.com,http://www.mylitepay.com,United States,http://www.linkedin.com/in/efemena-sorogheye,https://app.apollo.io/#/people/6735c2858692b0000180ba02
Leon,King,Chief Executive Officer,MODERN Financial Group,modernfg.com,http://www.modernfg.com,"Greenville, South Carolina",http://www.linkedin.com/in/leonkingrrt,https://app.apollo.io/#/people/652615fd54414b000131aa5f
Dan,Nguyen,Chief Executive Officer,Clover Capital,capitalclover.com,http://www.capitalclover.com,"Scottsdale, Arizona",http://www.linkedin.com/in/danpnguyen,https://app.apollo.io/#/people/66fcbf3ae83a0e000159ed6d
Jacob,Nel,Chief Executive Officer,OnePrime,oneprime.pro,http://www.oneprime.pro,"Sydney, Australia",http://www.linkedin.com/in/jacob-nel,https://app.apollo.io/#/people/64a7200230b57500017d381b
Dmitry,Plushevsky,Chief Executive Officer,GOLDEX GLOBAL,goldexrobot.com,http://www.goldexrobot.com,"Singapore, Singapore",http://www.linkedin.com/in/pluschevskiy,https://app.apollo.io/#/people/54abbf62746869332d63b60a
Darby,Armont,Chief Executive Officer,RPS Retirement Plan Advisors,rpsplanadvisors.com,http://www.rpsplanadvisors.com,"Austin, Texas",http://www.linkedin.com/in/darbyarmont,https://app.apollo.io/#/people/67f6ba1b61cfa100016452ba
Morty,Tollo,Chief Executive Officer,FastStables,faststables.com,http://www.faststables.com,"Melbourne, Australia",http://www.linkedin.com/in/mortytollo,https://app.apollo.io/#/people/60952c1eacaca200017a069c
Duane,Youngblood,Chief Executive Officer,BizStart Group Inc,bizcapitalsolutions.com,http://www.bizcapitalsolutions.com,"Pittsburgh, Pennsylvania",http://www.linkedin.com/in/duanethesuccessking,https://app.apollo.io/#/people/681a4f4a6dc09e0001a3efc3
Eben,Smit,Chief Executive Officer,Sure Financial Group,surefingroup.co.za,http://www.surefingroup.co.za,"Conroe, Texas",http://www.linkedin.com/in/eben-smit-4b846536,https://app.apollo.io/#/people/54aa8b897468690b7541230a
Paola,David,Chief Executive Officer,Kappital,kappital.com,http://www.kappital.com,United States,http://www.linkedin.com/in/paola-andrea-david-olarte-3b8403b5,https://app.apollo.io/#/people/57d43f7ba6da9853967f9839
Akin,Akinsowon,Chief Executive Officer,Leadremit,leadremit.com,http://www.leadremit.com,"Hyattsville, Maryland",http://www.linkedin.com/in/akin-akinsowon-2281a91a8,https://app.apollo.io/#/people/610d341c2476fb0001764fe8
Rob,Jones,Chief Executive Officer,Simplify,simplify.com.au,http://www.simplify.com.au,"Melbourne, Australia",http://www.linkedin.com/in/rob-jones-99696455,https://app.apollo.io/#/people/60131ef0c44f5f0001e7ce12
Benjamin,Sheridan,Chief Executive Officer,Capitol View Credit Union,capview.org,http://www.capview.org,"Des Moines, Iowa",http://www.linkedin.com/in/benjamin-sheridan-b513a6aa,https://app.apollo.io/#/people/5570669b7369644a4ac01700
Lisha,Chen,Chief Executive Officer,FPG Fortune Prime Global - AU,fortuneprime.com.au,http://www.fortuneprime.com.au,"Melbourne, Australia",http://www.linkedin.com/in/lisha-chen-58b547a5,https://app.apollo.io/#/people/66f98a1483ba0c000154ebbe
Martin,Curiman,Chief Executive Officer,Curiman Brokers Group,curimanbrokersgroup.com,http://www.curimanbrokersgroup.com,"Houston, Texas",http://www.linkedin.com/in/curimanbrokersgroup,https://app.apollo.io/#/people/6244a624c9220d0001d38a2d
Daniel,Lettiere,Chief Executive Officer,Forward Funding,forwardfunding.ca,http://www.forwardfunding.ca,"Santa Ana, California",http://www.linkedin.com/in/daniel-lettiere,https://app.apollo.io/#/people/66fb5080b5ed3900018a14f4
Chinonso,Ossai,Chief Executive Officer,Ubi,ubifcu.com,http://www.ubifcu.com,"Baltimore, Maryland",http://www.linkedin.com/in/chinonso-ossai-306228141,https://app.apollo.io/#/people/5f5ea99094f638000177c35c
Randall,Lee,Founder & Chief Executive Officer,AQAI Capital,aqai.capital,http://www.aqai.capital,"Singapore, Singapore",http://www.linkedin.com/in/synort,https://app.apollo.io/#/people/64be27f81a8b2800018a5396
Bennett,Whitlock,Private Wealth Advisor Chief Executive Officer of Whitlock Wealth,"Whitlock Wealth, a private wealth advisory practice of Ameriprise Financial Services, LLC",whitlockwealth.com,http://www.whitlockwealth.com,"Woodbridge, Virginia",http://www.linkedin.com/in/bennett-whitlock-15440155,https://app.apollo.io/#/people/54a74bf674686975f82f9427
Anna,Espinal,Chief Executive Officer,SmartDwell,smartdwell.ca,http://www.smartdwell.ca,"North Port, Florida",http://www.linkedin.com/in/anna-espinal-097579350,https://app.apollo.io/#/people/680e179f5477ef00017c4b54
Vishal,Rao,Chief Executive Officer,Gravis,graviscapital.com,http://www.graviscapital.com,"Atlanta, Georgia",http://www.linkedin.com/in/vishalrao22,https://app.apollo.io/#/people/66f88c421cc13a0001ead0dc
Andre,Woodley,Chief Executive Officer,"Declare Capital, LLC",declarecapital.com,http://www.declarecapital.com,"Atlanta, Georgia",http://www.linkedin.com/in/awoodley,https://app.apollo.io/#/people/54a22d367468693825d7aa13
Letha,Joseph,V.P and CCO,Brook Capital,brookcapital.com,http://www.brookcapital.com,"Brookfield, Wisconsin",http://www.linkedin.com/in/letha-joseph-5031b99b,https://app.apollo.io/#/people/57dd39aaa6da987b59da5168
Amanda,Bastos,"Director of Operations, CCO","SummitPoint Capital Management, LLC",summitpoint-cap.com,http://www.summitpoint-cap.com,"Denver, Colorado",http://www.linkedin.com/in/amandarbastos,https://app.apollo.io/#/people/671fe15202042b00018ff40f
Matthew,Pogirski,"Founder, Financial Planner, CCO",Unburdened Financial Planning LLC,unburdenedfp.com,http://www.unburdenedfp.com,"Wasilla, Alaska",http://www.linkedin.com/in/matthew-pogirski-unburdenedfp,https://app.apollo.io/#/people/651f837cd32bfb0001f616ec
Juan,Aguilar,"Partner, Coo/cco",Pathview Wealth Advisors,pathview.com,http://www.pathview.com,"San Diego, California",http://www.linkedin.com/in/juan-aguilar-1483358,https://app.apollo.io/#/people/5adbed49a6da98622591221e
Josiah,Hoffman,President & CCO,Hoffman Capital Advisors,hoffman-capital.com,http://www.hoffman-capital.com,"Cranberry Township, Pennsylvania",http://www.linkedin.com/in/josiahhoffman,https://app.apollo.io/#/people/54ec1cb37468694311695652
Francy,Mitchell,Chief Marketing Officer,Dawson Financial,doug-dawson.com,http://www.doug-dawson.com,"Houston, Texas",http://www.linkedin.com/in/francy-mitchell-19126217a,https://app.apollo.io/#/people/61305976657c5c0001b12f12
Jenny,Meassick,Chief Marketing Officer,Socium Advisors,sociumadvisors.com,https://sociumadvisors.com,"Philadelphia, Pennsylvania",http://www.linkedin.com/in/jennymeassick,https://app.apollo.io/#/people/611544dbba15be0001149102
Atticus,Bliss-McHone,Chief Marketing Officer,Portfolio.AI Finance App,portfoliogrow.com,http://www.portfoliogrow.com,"San Geronimo, California",http://www.linkedin.com/in/atticus-bliss-mchone-093075346,https://app.apollo.io/#/people/68ed8cfd95e2c40001b9126d
Karina,Passos,Chief Marketing Officer,Cheri Blair Financial Services,cheriblairfinancialservices.com,http://www.cheriblairfinancialservices.com,"San Diego, California",http://www.linkedin.com/in/karinapassos,https://app.apollo.io/#/people/54a2f6557468693a7e4c4f4a
John,Palmatier,Chief Marketing Officer,UUEX,usdt.com,http://www.usdt.com,"Jacksonville, Florida",http://www.linkedin.com/in/john-palmatier-41ab23232,https://app.apollo.io/#/people/62d0cb66427ca600013376a1
Pappu,T,Chief Marketing Officer,Coinage,coinage.ph,http://www.coinage.ph,"Ridgewood, New Jersey",http://www.linkedin.com/in/pappu-t-63b182269,https://app.apollo.io/#/people/65d95a5327b4bd00013c9943
Bernard,Kaibigan,Chief Marketing Officer,Palawan Group of Companies,palawanpawnshop.com,http://www.palawanpawnshop.com,"Ocala, Florida",http://www.linkedin.com/in/bernard-kaibigan-84ab69189,https://app.apollo.io/#/people/60eeb4904a4cb70001fd3ad4
Katie,Braden,Founder & Chief Video Officer,Advisor Video Marketing,advisorvm.com,http://www.advisorvm.com,"Denver, Colorado",http://www.linkedin.com/in/katieabraden,https://app.apollo.io/#/people/6312fb442ef5cb0001d71cfd
Gogo,Angel,Eputy CFO,CASH Financial Services Group Limited,com.hk,http://www.cfsg.com.hk,"New York, New York",http://www.linkedin.com/in/gogo-angel-827563272,https://app.apollo.io/#/people/6607eda8499433000754bd57
Pam,Smith,CFO,Century Finance,centuryfinance.ch,http://www.centuryfinance.ch,"Rocky Mount, North Carolina",http://www.linkedin.com/in/pam-smith-3637957,https://app.apollo.io/#/people/557139ba7369645005371b00
Michelle,Baird,CFO,"Tectonic Financial, Inc.",t.financial,http://www.t.financial,United States,http://www.linkedin.com/in/michelle-baird-cpa-0409a053,https://app.apollo.io/#/people/60f00389c56550000167a5f3
Nicholas,Murray,External CFO Consultant,Numera,numerafinance.com,http://www.numerafinance.com,"Brisbane, Australia",http://www.linkedin.com/in/nicholas-murray-277638123,https://app.apollo.io/#/people/614d7e13d4841f00015b972f
Turner,Symonds,CFO and Financial Advisor,Symonds Wealth Management,symondswealthmanagement.com,http://www.symondswealthmanagement.com,"Dallas, Texas",http://www.linkedin.com/in/tsymonds21,https://app.apollo.io/#/people/5f507db3fcedd800019d46e3
David,Grzybowski,CFO,A&E Financial Services LLC,aefinancialservicesllc.com,http://www.aefinancialservicesllc.com,"Fort Lauderdale, Florida",http://www.linkedin.com/in/david-grzybowski-035b1651,https://app.apollo.io/#/people/54a235ab7468693cddea3516
Kevin,Brice,VP of Business Development,CFO Resources,cfo-resources.com,http://www.cfo-resources.com,"Hillsborough Township, New Jersey",http://www.linkedin.com/in/kevin-brice-aa5357b,https://app.apollo.io/#/people/6857e16df3e3b10001fae45f
Tobi,Mobley,CFO,Cornerstone Accounting Solutions,csafin.com,http://www.csafin.com,"Savannah, Georgia",http://www.linkedin.com/in/tobi-mobley-38567139,https://app.apollo.io/#/people/66ed4508c4dc680001db42a4
James,Bohan,"Founder, CFO",Stonehan,stonehan.com,http://www.stonehan.com,"Spokane, Washington",http://www.linkedin.com/in/jamesdbohan,https://app.apollo.io/#/people/54a8b06b7468693399470704
John,Lee,CFO,"Pinnacle Asset Management Group, Inc",planwithpamg.com,http://www.planwithpamg.com,"New York, New York",http://www.linkedin.com/in/john-lee-13399930,https://app.apollo.io/#/people/5abc60c9a6da98405a646608
Jason,Gold,"CFO, Partner",ARC Wealth Management,awmnyc.com,http://www.awmnyc.com,"New York, New York",http://www.linkedin.com/in/jasonegold,https://app.apollo.io/#/people/5ad3fa01a6da98683ec406c5
Gerdus,Buitendag,Director,Seed CFO,seedcfo.com.au,http://www.seedcfo.com.au,"Caulfield North, Australia",http://www.linkedin.com/in/gerdus-buitendag-56008453,https://app.apollo.io/#/people/60de5d5e72756d000192385c
Nathan,Imboden,CEO and Personal CFO,Boden Wealth,bodenwealth.com,http://www.bodenwealth.com,"Lemoyne, Pennsylvania",http://www.linkedin.com/in/nathanimboden,https://app.apollo.io/#/people/66dfbf8ba0718600013d66dc
Rowena,Hofman,Consulting CFO,"JML Hofman Consulting & Financial Services, Inc.",jmlhofman.com,http://www.jmlhofman.com,"Los Angeles, California",http://www.linkedin.com/in/rowena-hofman-97122713,https://app.apollo.io/#/people/60a66a5b00898d0001b1fa3e
MY,Marvi,Virtual CFO,MYM Accounting & Business Consultancy,mymconsultancy.com.au,http://www.mymconsultancy.com.au,"Wentworth Point, Australia",http://www.linkedin.com/in/mym-accounting-business-consultancy,https://app.apollo.io/#/people/6722d003d284750001623996
Anthea,Austin,CFO | Fractional CFO,Clear Margin Consulting,clearmarginconsulting.com,http://www.clearmarginconsulting.com,Australia,http://www.linkedin.com/in/antheaaustin,https://app.apollo.io/#/people/62ec8d2df205040001ecb427
Ivyson,Nova,CFO l Compliance Officer,Options & Company,optionsco.com.br,http://www.optionsco.com.br,United States,http://www.linkedin.com/in/ivysonvilanova,https://app.apollo.io/#/people/54a53b3b7468692fa2dbef87
Riochi,Giles,Fractional CFO,Giles Financial Consulting,gilesfc.com,http://www.gilesfc.com,"Houston, Texas",http://www.linkedin.com/in/riochi,https://app.apollo.io/#/people/54aacbd374686903775b8019
Robert,Millar,CFO,MAP Capital,mapcapital.com,https://mapcapital.com,"Melbourne, Australia",http://www.linkedin.com/in/robamillar,https://app.apollo.io/#/people/5c485428f651256c75aadebc
Katarina,Mrvaljevic,CFO and Finop,Galileo Global Securities LLC,galileoglobalsecurities.com,https://galileoglobalsecurities.com,"New York, New York",http://www.linkedin.com/in/katarina-m-33aaa8a,https://app.apollo.io/#/people/61f7e2451e1d280001bc083d
Michael,Peters,CFO,WT Financial Group (ASX:WTL),wtfglimited.com,http://www.wtfglimited.com,"Sydney, Australia",http://www.linkedin.com/in/michael-peters-33142141,https://app.apollo.io/#/people/66f9a65183ba0c00015cfbe6
Fan,Zhang,CFO,Akulaku Group,akulakugroup.com,http://www.akulakugroup.com,"Singapore, Singapore",http://www.linkedin.com/in/fazhang,https://app.apollo.io/#/people/610ffa7846956500018c28a7
Michael,Marek,CFO,Cognient Group,cognient.com,https://cognient.com,"Chicago, Illinois",http://www.linkedin.com/in/michael-marek-34a78480,https://app.apollo.io/#/people/66f695323322240001403dd5
Trey,Reece,FVP - Correspondent CFO,SouthState Correspondent Division,southstatecorrespondent.com,http://www.southstatecorrespondent.com,"Atlanta, Georgia",http://www.linkedin.com/in/treyreece1,https://app.apollo.io/#/people/54a339db7468693cddd8a15d
Selena,Park,"CFO/Office Manager, Banking and Finance",Edge Lending Solutions,edge.net.au,http://www.edge.net.au,"Toowoomba, Australia",http://www.linkedin.com/in/selena-park,https://app.apollo.io/#/people/64730d6c26e7d5000183e910
Marcos,Perez,Executive Vice President/CFO,Vida Federal Credit Union,vidafcu.org,http://www.vidafcu.org,"Victorville, California",http://www.linkedin.com/in/marcos-perez-590762a5,https://app.apollo.io/#/people/67208897eeea5600019b1ddf
Yoshihide,Yamauchi,CFO,AIGF Advisors,aigfadvisors.com.sg,http://www.aigfadvisors.com.sg,"Singapore, Singapore",http://www.linkedin.com/in/yoshihide-yamauchi-97a021195,https://app.apollo.io/#/people/6841290f3ccdcc00011105b2
Katherine,Gaffney,Consulting CFO & Advisor,Startup CFOs,startupcfos.com,http://www.startupcfos.com,United States,http://www.linkedin.com/in/katherinegaffney,https://app.apollo.io/#/people/5ff9a1066b491d000159dc79
Jason,O'Reilly,Coo/cfo,DrawBridge Lending,dbl.digital,http://www.dbl.digital,"Chicago, Illinois",http://www.linkedin.com/in/jason-o-reilly-60315a22a,https://app.apollo.io/#/people/640f3b1b4e02490001ed2457
Jonathan,Grinnon,Fractional CFO,Fractional CFO USA,fcfousa.com,http://www.fcfousa.com,"Reston, Virginia",http://www.linkedin.com/in/jonathangrinnon,https://app.apollo.io/#/people/60face40af52630001b3f976
Palloma,Peterson,CFO and Treasurer,Nodal Brazil,nodalbrazil.com,http://www.nodalbrazil.com,"Baltimore, Maryland",http://www.linkedin.com/in/pallomapeterson,https://app.apollo.io/#/people/60b00de99bf8740001474e5e
Morgan,Moench,Strategic Finance & CFO Advisor,Analog Consulting Group,analogcg.com,http://www.analogcg.com,United States,http://www.linkedin.com/in/morganmoench,https://app.apollo.io/#/people/66f56c067dcff00001fbb76f
Brittany,D'Arcy,Partner,Fifth Quarter Partners,fifthquarterpartners.com,http://www.fifthquarterpartners.com,"New York, New York",http://www.linkedin.com/in/brittany-darcy,https://app.apollo.io/#/people/6542ea0b5c385d0001683a6d
John,Saltmarsh,Director - CFO,AJL Group,ajlgroup.co.za,http://www.ajlgroup.co.za,"Ulverstone, Australia",http://www.linkedin.com/in/john-saltmarsh-649619103,https://app.apollo.io/#/people/57da4ab8a6da984aa7c4d67f
Cody,Shoemaker,Fractional CFO | Financial Consultant | HZR Financial Partners,HZR Financial Partners,hzrpartners.com,http://www.hzrpartners.com,"Scottsdale, Arizona",http://www.linkedin.com/in/cody-shoemaker-hzr,https://app.apollo.io/#/people/5e643b80cdfd4b0001f3e174
Scott,Osborne,Financial Advisor / CFO of Odyssey Financial Advisors,Odyssey Financial Advisors,yourodyssey.com,http://www.yourodyssey.com,"Fort Mitchell, Kentucky",http://www.linkedin.com/in/scott-a-osborne-78235a31,https://app.apollo.io/#/people/54c2959c74686916398070ab
Scott,Lipka,CFO / Investment Adviser,Select Wealth Advisers,selectwealthadvisers.com,http://www.selectwealthadvisers.com,"Collierville, Tennessee",http://www.linkedin.com/in/scottlipka,https://app.apollo.io/#/people/54a290e97468692e718ad62c
Lowell,Mora,Fractional CFO,Impact CFO,impactcfo.net,http://www.impactcfo.net,"Chicago, Illinois",http://www.linkedin.com/in/lowellmora,https://app.apollo.io/#/people/60d60cd6dcf3140001f28af3
Steve,Koscik,Founder & Fractional CFO,Think CFO,thinkcfo.net,http://www.thinkcfo.net,"Clermont, Florida",http://www.linkedin.com/in/steve-koscik-cpa-mba,https://app.apollo.io/#/people/60de1249cf797b0001579fd7
Sabrina,Weaver,Contract CFO,"JP Latz Advisors, LLC",jplatzadvisors.com,http://www.jplatzadvisors.com,"Toledo, Ohio",http://www.linkedin.com/in/sabrinaweaver,https://app.apollo.io/#/people/612388c9cd102f000144ccb7
Eduardo,Carrasquilla,Chief Financial Officer (CFO),Quipu,com.co,http://www.quipu.com.co,United States,http://www.linkedin.com/in/eduardo-carrasquillla,https://app.apollo.io/#/people/628e55a63b036900017a7795
Wendy,Sheasby,"CPA, CFO",Branta,branta.co.uk,http://www.branta.co.uk,"Houston, Texas",http://www.linkedin.com/in/wendy-sheasby-9b4634109,https://app.apollo.io/#/people/57d34ac0a6da986578cc621d
Kris,Morris,Managing Partner & Fractional CFO,Arete CFO Partners,aretecfopartners.com,http://www.aretecfopartners.com,"Detroit, Michigan",http://www.linkedin.com/in/kjzmorris,https://app.apollo.io/#/people/60f5dfb1988bd10001921c8e
Lou,Gaffney,Virtual CFO - Guiding you Along a Clear Path to More Cash,Balanced Vintage CFO Services,balancedvintage.com,http://www.balancedvintage.com,"High Point, North Carolina",http://www.linkedin.com/in/louannegaffney,https://app.apollo.io/#/people/5ee3160f8183a20001c95565
Jim,Emmerson,Fractional CFO (part-time),Venture Growth Partners,vgpartners.io,http://www.vgpartners.io,"Oradell, New Jersey",http://www.linkedin.com/in/jim-emmerson-48595a10,https://app.apollo.io/#/people/604f74bf87eb41000183e3d8
Patrick,Walker,Founder,Blue Ridge CFO Group LLC,blueridgecfogroup.com,http://www.blueridgecfogroup.com,"Atlanta, Georgia",http://www.linkedin.com/in/patrick-walker-cpa-b95591173,https://app.apollo.io/#/people/67c00b3ccc19280001fb5f6e
Stuart,Wilson,Founder & Lead Finance Systems Architect | Fractional Controller & CFO,BlackpeakCFO,blackpeakcfo.com,http://www.blackpeakcfo.com,United States,http://www.linkedin.com/in/stuart-fractional-cfo,https://app.apollo.io/#/people/65fe9cb53585600006104a39
Tasha,Ferguson,Asst Manager,Alpine Bank Illinois,alpinebankillinois.com,https://alpinebankillinois.com,"Belvidere, Illinois",http://www.linkedin.com/in/tasha-ferguson-a98b5570,https://app.apollo.io/#/people/63414f9d73767a0001752055
Sharen,McFaull,Credit Manager,Aorangi Debt Collection,aorangi-debt.co.nz,https://aorangi-debt.co.nz,"Canterbury, New Zealand",http://www.linkedin.com/in/sharen-mcfaull-1609481b2,https://app.apollo.io/#/people/62ec2abe14f43d0001e445f1
Colleen,McNamara,Processing Manager,Renasant Mortgage Lending,renasantmortgagelending.com,https://renasantmortgagelending.com,United States,http://www.linkedin.com/in/colleen-mcnamara-b8115a81,https://app.apollo.io/#/people/66f313e31ee2b200016b5d19
Lisa,Lowrance,Registered Relationship Manager,Renicker Wealth Management of 2911 Wealth Advisors,2911wealthadvisors.com,http://www.2911wealthadvisors.com,"Tyler, Texas",http://www.linkedin.com/in/lisa-lowrance-bb1b478a,https://app.apollo.io/#/people/54abdeca7468692a6b65b312
Chloe,Reynolds,Accounting Manager,Hope Financial Consulting,hopefinancialconsulting.com,http://www.hopefinancialconsulting.com,"Ogden, Utah",http://www.linkedin.com/in/chloe-reynolds-67508121,https://app.apollo.io/#/people/54eb323374686931e209670b
Binbin,Shen,Client Manager,China Jianyin Investment Securites,cjis.cn,http://www.cjis.cn,"Boston, Massachusetts",http://www.linkedin.com/in/binbin-shen-9abb8b50,https://app.apollo.io/#/people/55710b42736964740ca90300
Emma,Beavers,Practice Business Manager,Beavers Wealth Management of Raymond James,beaverswealthmanagement.com,http://www.beaverswealthmanagement.com,"Dallas, Texas",http://www.linkedin.com/in/emma-beavers-904b353a,https://app.apollo.io/#/people/66ffaaa28de221000120a3e0
Colby,Bayer,Client Service Manager / Marketing Manager,Camelot Wealth Management Partners,camelotwealth.com,http://www.camelotwealth.com,"Boca Raton, Florida",http://www.linkedin.com/in/colby-bayer,https://app.apollo.io/#/people/614ec08dd73b970001e8086c
Stan,Christensen,Wealth Manager,McMill CPAs & Advisors,mcmill.info,http://www.mcmill.info,"Norfolk, Nebraska",http://www.linkedin.com/in/stan-christensen-51884410,https://app.apollo.io/#/people/66fa6813cb6e6d0001486ae9
Suzanne,Conran,Wealth Manager,kafadvisors.com,kaffinancialadvisors.com,https://kaffinancialadvisors.com,"Needham, Massachusetts",http://www.linkedin.com/in/suzanne-conran-5a199a231,https://app.apollo.io/#/people/62cd5cac3cd2cd000180dcbf
Jessica,Trutza,Client Relationship Manager,Prestige Wealth Management,prestige-wm.com,http://www.prestige-wm.com,"Dallas, Texas",http://www.linkedin.com/in/jessica-trutza-pwm,https://app.apollo.io/#/people/645b90479506a80001d37315
Anthony,Mogekwu,Deputy General Manager,Stanbic IBTC,stanbicibtc.com,http://www.stanbicibtc.com,"Houston, Texas",http://www.linkedin.com/in/anthony-mogekwu-851b2723,https://app.apollo.io/#/people/67ce72bfd0fb420001374292
Pasquale,Pisani,Wealth Manager and Fiduciary,"Avanti Wealth Management, LLC",avantiwm.com,http://www.avantiwm.com,"Rutherford, New Jersey",http://www.linkedin.com/in/pasquale-pisani-12234a7,https://app.apollo.io/#/people/66fced3229d09c0001906d54
Stephanie,Scenters,Manager of Client Services,Frost Wealth Management,frostwealthmanagement.com,http://www.frostwealthmanagement.com,"Hamilton, Ohio",http://www.linkedin.com/in/stephanie-scenters-b7156453,https://app.apollo.io/#/people/57e14667a6da987dd426c97c
Karen,Corcoran,Practice Manager,Globe Financial Planning,globefp.com.au,http://www.globefp.com.au,"Perth, Australia",http://www.linkedin.com/in/karen-corcoran-80789b143,https://app.apollo.io/#/people/5abbf097a6da9840f42fcb81
Cheryl,Melendy,Client Service and Operations Manager,AAF Wealth Management,aafwealthmanagement.com,http://www.aafwealthmanagement.com,"Massachusetts, US",http://www.linkedin.com/in/cherylmelendy,https://app.apollo.io/#/people/54a550c47468692cf0e21e8e
Helen,Lopresti,Practice Manager,Aspen Corporate Financial Planning,aspencorpfp.com.au,http://www.aspencorpfp.com.au,"Perth, Australia",http://www.linkedin.com/in/helen-lopresti-bb44761a,https://app.apollo.io/#/people/54a5896e7468692fa22ace9a
Molly,Jebson,Marketing and Events Manager,MAIN Financial Group Wealth Management,mfgwm.com,http://www.mfgwm.com,"Brighton, Michigan",http://www.linkedin.com/in/mollyjebson,https://app.apollo.io/#/people/65e821e2df4ada000760f372
Tom,Bernhardt,Private Wealth Manager,Chase Buchanan Private Wealth Management,chasebuchanan.com,http://www.chasebuchanan.com,"Mount Juliet, Tennessee",http://www.linkedin.com/in/tom-bernhardt,https://app.apollo.io/#/people/6a6ecb0600da61000186cd9a
Derek,Cockrell,Manager of Wealth,Watershed Wealth Management,watershedwealthmgt.com,http://www.watershedwealthmgt.com,"Ransom Canyon, Texas",http://www.linkedin.com/in/derekcockrell,https://app.apollo.io/#/people/66f8329deee1360001bda3dd
Logan,Dickey,Private Wealth Manager,IntelliVest Wealth Management,intellivestwm.com,http://www.intellivestwm.com,"South Carolina, US",http://www.linkedin.com/in/logan-dickey,https://app.apollo.io/#/people/66f82a79eee1360001bb284e
Karen,Rashid,Practice Development Manager,McKell Partners Wealth Management,mckellpartners.com,http://www.mckellpartners.com,"Riverside, California",http://www.linkedin.com/in/karenrashid,https://app.apollo.io/#/people/54a41b937468692abfa5ae2c
Alexander,Mackintosh,Data Analyst Manager,Cross Border Financial Planning,cbfp.co.uk,http://www.cbfp.co.uk,"Melbourne, Australia",http://www.linkedin.com/in/alexander-mackintosh,https://app.apollo.io/#/people/62e1ca19351be50001013d06
Maxwell,Taylor,Private Wealth Manager,McClellan Wealth Management,mcclellanwealth.com,http://www.mcclellanwealth.com,"Birmingham, Alabama",http://www.linkedin.com/in/maxwell-taylor-cpa-cfp-ccim-b1142b19,https://app.apollo.io/#/people/6516808b6dcd2e000176fb9f
Joseph,Flynn,Relationship Manager,SJK Wealth Management,sjkwealthmanagement.com,http://www.sjkwealthmanagement.com,"Philadelphia, Pennsylvania",http://www.linkedin.com/in/joseph-flynn-642833122,https://app.apollo.io/#/people/649c37593ebdb300012807b8
Bushra,Chaudhry,Team Leader- Client Service Manager,Proxima Financial Planning,proximafg.com.au,http://www.proximafg.com.au,"Adelaide, Australia",http://www.linkedin.com/in/bushra-chaudhry-0b62b432,https://app.apollo.io/#/people/54a3830b7468692abf3be300
JJ,Cfp,Branch Manager,Croix Wealth Management,croixwealth.com,http://www.croixwealth.com,"El Campo, Texas",http://www.linkedin.com/in/jj-croix-cfp%c2%ae-cpa-7782204,https://app.apollo.io/#/people/57e0f64aa6da987d840e843b
Paula,Jamet,Relationship Manager,UnionBank,unionbankph.com,http://www.unionbankph.com,"Conroe, Texas",http://www.linkedin.com/in/paula-jamet-casuela-6aa4bba6,https://app.apollo.io/#/people/66ee536fd26b2f0001b09877
Cassidy,Hampton,"Senior Manager, Financial Planning",Telos Family Office,telosfamilyoffice.com,http://www.telosfamilyoffice.com,"Wichita, Kansas",http://www.linkedin.com/in/cassidyhamptonnyl,https://app.apollo.io/#/people/57e0448ba6da980dac10db33
Yolanda,O,Property Manager,"Magnum Wealth Management, LLC",magnumwealthmanagement.com,http://www.magnumwealthmanagement.com,"Phoenix, Arizona",http://www.linkedin.com/in/yolanda-o-b798424b,https://app.apollo.io/#/people/54a238877468693fda991917
Kit,Cusick,Senior Operations Manager,TRS Family Office,trsfamilyoffice.com,https://trsfamilyoffice.com,"Saint Paul, Minnesota",http://www.linkedin.com/in/kitcusick,https://app.apollo.io/#/people/64ca6204a07799000181da23
Holley,Black,Investment Operations Manager,Versatile Wealth Management,versatilewealthmanagement.com,https://versatilewealthmanagement.com,"Dallas, Texas",http://www.linkedin.com/in/holley-black-203a30a3,https://app.apollo.io/#/people/5e7549606b1ae4000170f59d
Thomas,Muscarella,Wealth Manager,Wendell Charles Wealth Management,wendellcharles.com,http://www.wendellcharles.com,"Los Angeles, California",http://www.linkedin.com/in/thomasmuscarella,https://app.apollo.io/#/people/66f89114a817d600018c2074
Zahra,Badragheh,Paraplanner and Client Services Manager,Hatch Financial Planning,hatchfinplan.com.au,http://www.hatchfinplan.com.au,"Brisbane, Australia",http://www.linkedin.com/in/zahra-badragheh-55b687180,https://app.apollo.io/#/people/66e7cda6a3baa60001f98c74
Andy,Ng,General Manager,Eureka Investment Group,eurekainvestment.com.sg,http://www.eurekainvestment.com.sg,"Singapore, Singapore",http://www.linkedin.com/in/andy-ng-78930220,https://app.apollo.io/#/people/54a553a07468692abf17538f
Edgar,Lazo,Senior Manager Investment Advisory,BBVA en Perú,bbva.pe,http://www.bbva.pe,"Cambridge, Massachusetts",http://www.linkedin.com/in/edgar-lazo,https://app.apollo.io/#/people/62c92abeaf9c81000131091a
Christine,Cameron,Senior Sales Manager,SOVASUR,sovasur.com,http://www.sovasur.com,"Greenfield Center, New York",http://www.linkedin.com/in/christine-cameron-0061555a,https://app.apollo.io/#/people/63624d758a4871000168b314
Paul,Pizzuti,Investment Manager,Innovative Private Wealth Management,innovativeprivatewealthmanagement.com,https://innovativeprivatewealthmanagement.com,"South Carolina, US",http://www.linkedin.com/in/paul-pizzuti-cfp%c2%ae-cpwa%c2%ae-mba-548a57299,https://app.apollo.io/#/people/6743f38471992900011ae997
Amogh,Nath,Marketing Manager,Ladderup Asset Managers Private Limited,ladderupwealth.com,http://www.ladderupwealth.com,"New Orleans, Louisiana",http://www.linkedin.com/in/amogh-nath-20508b1ab,https://app.apollo.io/#/people/61992d98156dda00011e5e1d
Deanna,Hines,Senior Client Services Manager,Rising Wealth Management,risingwealth.com,http://www.risingwealth.com,"Sulphur Springs, Texas",http://www.linkedin.com/in/deanna-hines-720031260,https://app.apollo.io/#/people/673039329a2fdd0001d62f96
Mike,Newdick,General Manager,Endow,endow.co.nz,http://www.endow.co.nz,"Auckland, New Zealand",http://www.linkedin.com/in/mike-newdick-a5a9ab96,https://app.apollo.io/#/people/54ec2c20746869444cf4605e
Luke,Buehler,Wealth Manager,"Summit Wealth Management, Inc.",summitwmi.com,http://www.summitwmi.com,"Fredonia, New York",http://www.linkedin.com/in/luke-buehler-aif%c2%ae-a8129154,https://app.apollo.io/#/people/66fe1d5b63240800016a7c33
Evie,Porsch,Wealth Manager,paulaporsch.com,paulaporsch.com,https://paulaporsch.com,"Denver, Colorado",http://www.linkedin.com/in/evie-porsch,https://app.apollo.io/#/people/6410839788fd8e0001a02c25
Nidhi,Khemka,Client Relationship Manager,BugleRock Capital (Singapore),buglerock.sg,http://www.buglerock.sg,"Singapore, Singapore",http://www.linkedin.com/in/nidhi-khemka-a65a1a68,https://app.apollo.io/#/people/54aa8cd47468690b75cb7d0a
Sharon,Ward,Client Service Manager,Mobius Wealth Management,mobiuswm.com.au,http://www.mobiuswm.com.au,"Adelaide, Australia",http://www.linkedin.com/in/sharon-ward-2912a562,https://app.apollo.io/#/people/66f5d0a246183c0001a579aa
Ronda,Massey,Commercial Account Manager,Snotherly Insurance Agency,snotherlyinsuranceagency.com,https://snotherlyinsuranceagency.com,"Garner, North Carolina",http://www.linkedin.com/in/rondamassy,https://app.apollo.io/#/people/54c17c9574686916394f3a15
Kelly,Manzano,Client Service Manager,Echelon Financial,echelonfinancial.com,http://www.echelonfinancial.com,"Austin, Texas",http://www.linkedin.com/in/kellymanzano,https://app.apollo.io/#/people/54c1b1b77468691639c60637
Jeff,Jacobson,Senior Operations Manager,"Eiger Wealth Management, LLC",eigerwealthmanagement.com,https://eigerwealthmanagement.com,"San Diego, California",http://www.linkedin.com/in/jeff-jacobson-cpa-23a6064,https://app.apollo.io/#/people/60bb78a419e3f3000156b9ee
Rohan,Hardeman,Specialist Lending Manager,Market Harborough Building Society,mhbs.co.uk,http://www.mhbs.co.uk,"Exeter, California",http://www.linkedin.com/in/rohanhardeman,https://app.apollo.io/#/people/5570bac07369645735da0200
Craig,Weeks,General Manager,Australia Wide Financial Planning,awfp.com.au,http://www.awfp.com.au,"Melbourne, Australia",http://www.linkedin.com/in/craig-weeks-3790b521,https://app.apollo.io/#/people/57e0b171a6da9824285a6984
Rami,Levi,Sales Manager,MagicPay Merchant Services,magicpaymerchant.com,https://magicpaymerchant.com,"Boca Raton, Florida",http://www.linkedin.com/in/rami-levi-5b12935b,https://app.apollo.io/#/people/609671cda72bc10001fe00b8
Brian,Royal,Senior Portfolio Manager,Royal Wealth Management,royalwealth.com,http://www.royalwealth.com,"Chesapeake, Virginia",http://www.linkedin.com/in/brian-royal-28556b1a9,https://app.apollo.io/#/people/5f48c47b8a59d30001924ae7
Afton,Banks,Marketing & Client Experience Manager,Confluence Wealth Management,myconfluencewealth.com,http://www.myconfluencewealth.com,"Alton, Illinois",http://www.linkedin.com/in/aftonbanks,https://app.apollo.io/#/people/57e106a0a6da987d840ee75d
Louisa,Huber,Director - Operations and Communications Manager,Ascent Private Wealth,ascentpw.com.au,http://www.ascentpw.com.au,"Hawthorn East, Australia",http://www.linkedin.com/in/louisa-huber-6b470322,https://app.apollo.io/#/people/601482059d10e200011f7e22
Anthony,Rose,Associate Vice President- Wealth Manager,Orion Wealth Management LLC.,orionwmtx.com,http://www.orionwmtx.com,"Washington, District of Columbia",http://www.linkedin.com/in/anthony-rose-92971484,https://app.apollo.io/#/people/5ae59eaba6da98d2e3ad777b
Ben,Fox,Sr Vice President/Regional Manager,"GNB Mortgage, a division of Great North Bank (GNB)",gnbmtg.com,http://www.gnbmtg.com,"West Palm Beach, Florida",http://www.linkedin.com/in/ben-fox-02656454,https://app.apollo.io/#/people/609bdda7fe6fda00014f08da
Lori,Palmeri,Account Manager,Copic Financial,copicfinancial.com,https://copicfinancial.com,"Denver, Colorado",http://www.linkedin.com/in/loripalmeri,https://app.apollo.io/#/people/54ab66dc7468690d2aa30006
Kimberly,Abbs,Senior Registered Client Service Manager,Blueprint Private Wealth Management,blueprintprivatewealth.com,http://www.blueprintprivatewealth.com,"Watkinsville, Georgia",http://www.linkedin.com/in/kimberly-kim-abbs-0394441aa,https://app.apollo.io/#/people/679df9a8859ffc000128f60d
Brock,Toothaker,Private Wealth Manager,NoxNumis Wealth,noxnumis.com,http://www.noxnumis.com,"Wichita, Kansas",http://www.linkedin.com/in/brock-toothaker-1b2ba2258,https://app.apollo.io/#/people/66ea703c1f07410001601881
Melanie,Oprenchak,Client Services Administrator,Chicago Oakbrook Financial Group,cofgroup.com,https://cofgroup.com,"Wheaton, Illinois",http://www.linkedin.com/in/melanie-oprenchak-525439210,https://app.apollo.io/#/people/619f0bd34f455d0001def4d4
Harry,Bohl,Advice Operations Manager,Select Advice Financial Planning,selectadvicefinancialplanning.com.au,http://www.selectadvicefinancialplanning.com.au,"Brisbane, Australia",http://www.linkedin.com/in/harry-bohl-55116814a,https://app.apollo.io/#/people/6a01d42afb6cb40001a23763
Poonam,Budhoo,Loan Operations Manager,Hana Bank,kebhana.com,https://kebhana.com,"New York, New York",http://www.linkedin.com/in/poonam-budhoo,https://app.apollo.io/#/people/6602947125e5320007182319
Wesley,Widjaja,Portfolio Manager/Managing Director,Isola Capital Group,isola-capital.com,http://www.isola-capital.com,United States,http://www.linkedin.com/in/wesley-w-6b98b7171,https://app.apollo.io/#/people/5eff570cdcf3c70001d75ace
Maegan,Catt,Marketing Manager,Hub39,hub39.com.au,http://www.hub39.com.au,"Adelaide, Australia",http://www.linkedin.com/in/maegan-catt-612a05274,https://app.apollo.io/#/people/64ed24770598540001d43d2f
Kym,Brakmanis,Practice Manager,Harding Wealth Management Pty Ltd,hardingwealthmanagement.com.au,http://www.hardingwealthmanagement.com.au,"Adelaide, Australia",http://www.linkedin.com/in/kym-brakmanis-a20453bb,https://app.apollo.io/#/people/57d729e3a6da9805dd1c69a2
Michael,Houlihan,Executive Director,Strategic Wealth Services,strategicwealthservices.com.au,http://www.strategicwealthservices.com.au,"Melbourne, Australia",http://www.linkedin.com/in/michael-houlihan-2a24b818,https://app.apollo.io/#/people/54a738dc746869705af0b620
John,Mitchell,Executive Director,AATC,aatcservices.com,http://www.aatcservices.com,"Fort Worth, Texas",http://www.linkedin.com/in/john-mitchell-75572313,https://app.apollo.io/#/people/5ad1e9aaa6da9883ea68d3ce
Ngozi,Edozien,Independent Non-Executive Director,Bank of Africa - Groupe Bank of Africa,bank-of-africa.net,http://www.bank-of-africa.net,United States,http://www.linkedin.com/in/ngozi-edozien-028319168,https://app.apollo.io/#/people/68d8f5670fd47b00010dee7b
Rishika,Cfp,Executive Director,Ashvvy Investment Pvt. Ltd.,ashvvyinvestment.com,http://www.ashvvyinvestment.com,"Melbourne, Australia",http://www.linkedin.com/in/itsrish,https://app.apollo.io/#/people/685fa97f3187f5000105f86d
Hiba,Khan,Executive Director,"DYNAMIC ACCOUNTING SOLUTIONS, INC",dynamicacctsolutions.com,http://www.dynamicacctsolutions.com,"Richmond, Texas",http://www.linkedin.com/in/hiba-araf-khan-0555121a9,https://app.apollo.io/#/people/66bee959d1fa7e00010ef0a9
Kirsen,Doolittle,Director,Tamarisk Family Office,tamariskfamilyoffice.com,http://www.tamariskfamilyoffice.com,"Holland, Michigan",http://www.linkedin.com/in/kirsen-doolittle-ctfa-9b285ab,https://app.apollo.io/#/people/66fa633869f3ce000115e25c
Sara,Warntz,Director of Client Services,Topsail Wealth Management,topsailwealthmanagement.com,http://www.topsailwealthmanagement.com,United States,http://www.linkedin.com/in/sara-warntz-cfp%c2%ae-495072244,https://app.apollo.io/#/people/641235e869410c0001bae6a0
German,Ramirez,Managing Director & Founder,CERTA FINANCIAL PLANNING,certaplanning.com,http://www.certaplanning.com,"Miami, Florida",http://www.linkedin.com/in/german-m-ramirez-cfp%c2%ae-26938014,https://app.apollo.io/#/people/66f8e7f50f76600001169397
Jeff,Holcomb,VP,American Capital Partners,americancapitalpartners.com,http://www.americancapitalpartners.com,"Smyrna, Georgia",http://www.linkedin.com/in/jeff-holcomb-430a72a7,https://app.apollo.io/#/people/5c44a395f6512559874bad27
Jeffrey,Ramsey,Registered Representative -VP,Ramsey Financial Group,ramseyfg.com,http://www.ramseyfg.com,"Louisville, Ohio",http://www.linkedin.com/in/jeffrey-ramsey-2aaa8164,https://app.apollo.io/#/people/5e61ebd2a31ca70001687caf
James,Faranda,VP / Sr. Wealth Advisor,Broadview Wealth Management,broadviewwealthmanagement.com,http://www.broadviewwealthmanagement.com,"Albany, New York",http://www.linkedin.com/in/james-faranda-68b929b6,https://app.apollo.io/#/people/66ffd3a93694cf0001d0f544
Ib,Ibrahim,"VP, M&a",Al Ahly Pharos - الأهلي فاروس,alahlypharos.com,http://www.alahlypharos.com,"New York, New York",http://www.linkedin.com/in/ibrahimbibrahim,https://app.apollo.io/#/people/54ec30df746869444c6a4262
Vincent,Trimaldi,VP of Investment Banking,Vienna Capital Partners,viennacap.com,https://viennacap.com,"New York, New York",http://www.linkedin.com/in/vincent-trimaldi-7b4746a6,https://app.apollo.io/#/people/681cf2244154520001068ef6
Celeste,A,"VP, Client Engagement & Marketing | IAR",Maxiam Capital | Private Wealth Management,maxiam.com,http://www.maxiam.com,United States,http://www.linkedin.com/in/celeste-a-636201183,https://app.apollo.io/#/people/631aee2c9901c500010e566f
Riece,Fleming,VP | BSA Officer,Community of Resources,corbanking.com,http://www.corbanking.com,"Pascagoula, Mississippi",http://www.linkedin.com/in/riece-fleming-cams-50a85516a,https://app.apollo.io/#/people/66f87c081cc13a0001e62d4f
Meenakshi,Biswas,Chief Manager,UCO Bank,bank.in,http://www.uco.bank.in,"Cheshire, Connecticut",http://www.linkedin.com/in/meenakshi-biswas,https://app.apollo.io/#/people/63054d710cacd10001e32aab
Wanying,Lim,Investment Office,STG Asset Management Pte. Ltd.,stg.com.sg,http://www.stg.com.sg,"Singapore, Singapore",http://www.linkedin.com/in/wanyinglim01,https://app.apollo.io/#/people/54a206757468693318b63306
Justin,Greenhill,CIO,Sollinda Capital Management,sollinda.com,http://www.sollinda.com,"Miami, Florida",http://www.linkedin.com/in/justin-greenhill-602aba17b,https://app.apollo.io/#/people/5cf10568a3ae6107e0a8d8f4
Hadeel,Salameh,CIO,Arab Bank,arabbank.com,http://www.arabbank.com,"Palestine, Texas",http://www.linkedin.com/in/hadeel-salameh-473282191,https://app.apollo.io/#/people/5e7c0a459fd7700001b49405
Ryan,Fleischer,President/CIO,"Revolution Group, LLC",revgroupllc.com,http://www.revgroupllc.com,"Omaha, Nebraska",http://www.linkedin.com/in/ryanfleischer,https://app.apollo.io/#/people/54a5bcad7468693b8c4260a4
Jon,Arnold,CEO and CIO Vision Fund 2030,Rockport Wealth Advisors,rockportwealth.com,http://www.rockportwealth.com,"Youngstown, Ohio",http://www.linkedin.com/in/jon-p-arnold-528b7434,https://app.apollo.io/#/people/57d55b9ca6da9853de0024f7
Greg,Buechele,"Director, Co-CIO",Drakewood Capital Management Limited,drakewood.co.uk,http://www.drakewood.co.uk,"New York, New York",http://www.linkedin.com/in/greg-buechele-81067b4,https://app.apollo.io/#/people/54aa9ee474686906308efb0e
Jeong,Jeong,CEO / CIO,KB Asset Management,co.kr,http://www.kbam.co.kr,"Singapore, Singapore",http://www.linkedin.com/in/jeong-hee-jeong-629163241,https://app.apollo.io/#/people/6350149a3bf61c0001075071
Mary,McNutt,Co-Founder,1015 Capital Partners,1015capitalpartners.com,http://www.1015capitalpartners.com,"Havertown, Pennsylvania",http://www.linkedin.com/in/mary-mcnutt-09a9103a,https://app.apollo.io/#/people/66edb144627f100001d8c4ea
Jared,Huffman,CEO & Co-Founder,Pro-Life Payments,prolifepayments.com,http://www.prolifepayments.com,"Winston-Salem, North Carolina",http://www.linkedin.com/in/jaredmhuffman,https://app.apollo.io/#/people/66fc0f04676e760001f690a4
Jae,Hwang,Co-Founder,Former,fmr.vc,http://www.fmr.vc,"New York, New York",http://www.linkedin.com/in/jyhwang,https://app.apollo.io/#/people/54a405827468692cf0b6c825
Randol,Curtis,Chief Investment Officer & Co-Founder,Thryve Wealth Management,thryvewealthmanagement.com,http://www.thryvewealthmanagement.com,United States,http://www.linkedin.com/in/randol-w-curtis-cfa-701525179,https://app.apollo.io/#/people/676e45b8ee592c00012181f2
Millicent,Akuffo,Co-Founder,OAPay,oapay.co,http://www.oapay.co,"Dallas, Texas",http://www.linkedin.com/in/millicent-akuffo-43a96358,https://app.apollo.io/#/people/5e70f2e25058af0001fcd8dc
Savanna,Zinno,Co-Founder & Managing Partner,Parallax Partners,parallaxp.com,http://www.parallaxp.com,"Cleveland, Ohio",http://www.linkedin.com/in/savannaroberts,https://app.apollo.io/#/people/66ebdab01008ec00012fc34a
David,Glover,Chairman & Managing Partner,Wellspring Wealth,wellspringwealth.com,https://wellspringwealth.com,"Alpharetta, Georgia",http://www.linkedin.com/in/david-glover-851685222,https://app.apollo.io/#/people/65e084fe23a4a9000103d6b8
Amylou,Sarion,Office of The Chairman,Financo,financo.global,http://www.financo.global,"New York, New York",http://www.linkedin.com/in/amylou-sarion-77922520,https://app.apollo.io/#/people/54a7a1eb74686968297cfa46
Rian,Dartnell,Chairman of the Board,City of London Investment Group PLC (LSE:CLIG),clig.com,http://www.clig.com,"New York, New York",http://www.linkedin.com/in/rian-dartnell-b7702411,https://app.apollo.io/#/people/5adeb0aba3ae618e3c76b8f3
Neil,Aslin,Vice Chairman,PFGBEST,pfgbest.com,https://pfgbest.com,"Chicago, Illinois",http://www.linkedin.com/in/neil-aslin-7053904b,https://app.apollo.io/#/people/653db4a27df4c60001b8e2f8
Marie,Davis,COO,Davis Wealth Management,daviswealth.co.uk,http://www.daviswealth.co.uk,"Elk Grove, California",http://www.linkedin.com/in/marie-davis-0b3aa147,https://app.apollo.io/#/people/5ac896f9a6da984042e74a58
Leslie,Coote,COO and Investment Analyst,Green Capital Partners,greencappartners.com,http://www.greencappartners.com,"Melbourne, Australia",http://www.linkedin.com/in/leslie-kleinheksel-coote-94312238,https://app.apollo.io/#/people/60dbc704626b9000017139fd
Ron,Taraborrelli,COO/Wealth Advisor Synergy Wealth Management,Synergy Wealth Management LLC,synergywm.net,http://www.synergywm.net,"Philadelphia, Pennsylvania",http://www.linkedin.com/in/ron-taraborrelli-cfp%c2%ae-chfc%c2%ae-clu%c2%ae-ea-a924abbb,https://app.apollo.io/#/people/5c45ce2ea3ae6155a32f9e01
Jessica,Regidor,Managing Director and COO,Glomb Private Wealth,glombprivatewealth.com,http://www.glombprivatewealth.com,"San Jose, California",http://www.linkedin.com/in/jessicaregidorglombgroup,https://app.apollo.io/#/people/54a13bb169702dc8e4b68801
Harold,Ruf,COO,Squadron Capital,squadroncapital.com,http://www.squadroncapital.com,"Pleasant Grove, Utah",http://www.linkedin.com/in/harold-ruf-07bb5823,https://app.apollo.io/#/people/54a2c6947468693cdd28043c
Lauren,Cote,COO,Emerson Family Office,emersonfo.com,http://www.emersonfo.com,"San Francisco, California",http://www.linkedin.com/in/locote,https://app.apollo.io/#/people/67261a813190530001e0d0d2
Chris,Haugen,COO,SkillAbility,getskillability.com,http://www.getskillability.com,"Lake Mary, Florida",http://www.linkedin.com/in/chris-haugen-6724ab314,https://app.apollo.io/#/people/6707b96ac5ee8600019a7a94
Gary,Rees,COO / Partner,JK Capital,jkcapital.com.br,http://www.jkcapital.com.br,"Houston, Texas",http://www.linkedin.com/in/reesgary,https://app.apollo.io/#/people/66feaf77de79ad00011e50c6
Parvathi,Annanth,COO & CLO,Debia Pte. Ltd.,debia.co,http://www.debia.co,"Singapore, Singapore",http://www.linkedin.com/in/parvathi-annanth,https://app.apollo.io/#/people/60689d0b23caa80001b6f244
Andreza,Maia,COO & Licensed Financial Agent,Defender Finance,defenderfinance.us,http://www.defenderfinance.us,"Miami, Florida",http://www.linkedin.com/in/andreza-maia-30613030,https://app.apollo.io/#/people/55c8d50e73696411a7c3ad12
Mabel,Ha,COO,Quann Prestige Pte Ltd,quannprestige.com,http://www.quannprestige.com,"Singapore, Singapore",http://www.linkedin.com/in/hamabel,https://app.apollo.io/#/people/60dd59f1796412000127231c
Dinah,Ilagan,COO/ Director,"Asian M&A Links Co., Ltd.",asianmalinks.com,https://asianmalinks.com,"Conroe, Texas",http://www.linkedin.com/in/dinah-ilagan-92b63b100,https://app.apollo.io/#/people/5d5b0a6a80f93eda092194d4
Daniel,Razvi,Senior Partner/COO,Higher Ground Financial Group,hgfg.com,http://www.hgfg.com,"Frederick, Maryland",http://www.linkedin.com/in/danielrazvi,https://app.apollo.io/#/people/54a2988674686930c21c9d2e
Dennis,Fuapau,COO,KlickEx Group,klickex.net,http://www.klickex.net,"Auckland, New Zealand",http://www.linkedin.com/in/dennis-fuapau-5b87a91ba,https://app.apollo.io/#/people/6808817b85e0ad0001559ebd
Dan,Kahn,COO (Parent Company),Axiom Trust Company,axiom-trust.com,http://www.axiom-trust.com,"Los Angeles, California",http://www.linkedin.com/in/danielkahn,https://app.apollo.io/#/people/631f00daa817bd0001f557c5
Jay,Weddle,COO,Hageman Capital,hagemancapital.com,http://www.hagemancapital.com,"Zionsville, Indiana",http://www.linkedin.com/in/jay-weddle-9a499220,https://app.apollo.io/#/people/54a471327468692fa2480e48
Jennifer,Means,COO / Project Management,"Espalier Software, LLC",espalier.io,http://www.espalier.io,"Kansas City, Missouri",http://www.linkedin.com/in/jenmeans,https://app.apollo.io/#/people/54a8aaa274686930ada5f402
Brian,Leleux,CMO,MATTHEW JAMES Tax & Wealth Management,matthewjames.com,http://www.matthewjames.com,"Lafayette, Louisiana",http://www.linkedin.com/in/brianleleux,https://app.apollo.io/#/people/54a27e217468693825b45d27
Pedro,Velez,CMO,Payroll Ecuador,payroll.ec,http://www.payroll.ec,"Washington, District of Columbia",http://www.linkedin.com/in/plvelz,https://app.apollo.io/#/people/66d793865b6bb60001fadd74
Glenn,Breslauer,Partner & CMO,Big Mike Financial,bigmikefinancial.com,http://www.bigmikefinancial.com,"Hellertown, Pennsylvania",http://www.linkedin.com/in/glennbreslauer,https://app.apollo.io/#/people/5570597e736964540a8d2400
Safi,Khan,AWS Certified - Terraform,Terraform,terraform.io,http://www.terraform.io,"Saint Charles, Missouri",http://www.linkedin.com/in/safikhanz96,https://app.apollo.io/#/people/5fca7027bf4ffe0001419248
Francis,Mwangi,Full Stack Engineer,Co-operative Bank of Kenya,co.ke,http://www.co-opbank.co.ke,United States,http://www.linkedin.com/in/francis-mwangi-b28308103,https://app.apollo.io/#/people/68c2779144d2750001a03396
Lemuel,Lin,Web Service Engineer,Xsellarate Merchant Services,xsellarate.com,http://www.xsellarate.com,"California, US",http://www.linkedin.com/in/lemuellin,https://app.apollo.io/#/people/65e4ce2e8f18470007b25592
Arjay,Veliganio,Software Engineer,LGT Wealth Management Australia,lgtwealthmanagementaustralia.com,https://lgtwealthmanagementaustralia.com,Australia,http://www.linkedin.com/in/arjay-veliganio-68210b11a,https://app.apollo.io/#/people/63a483964cafdf0001245c06
Luis,Martinez,Security Engineer,WAO Fintech,wao.net,https://wao.net,"Oxnard, California",http://www.linkedin.com/in/luis-martinez-596aab108,https://app.apollo.io/#/people/5b2e8bc0a6da982c839af719
Neven,Vidakovic,Member of the Management Board,Escont Partners,escontpartners.hr,http://www.escontpartners.hr,United States,http://www.linkedin.com/in/neven-vidakovi%c4%87-phd-42026748,https://app.apollo.io/#/people/5aa60482a6da98fe3ee8c57c
Will,Banks,Board Director,Challenger Capital,challengercapital.org,http://www.challengercapital.org,"Brisbane, Australia",http://www.linkedin.com/in/will-banks-ceo,https://app.apollo.io/#/people/67a49714480bbc0001fede9a
Yahaya,Maikori,Member Board of Directors,VFD MICROFINANCE BANK,vbank.ng,http://www.vbank.ng,"Atlanta, Georgia",http://www.linkedin.com/in/yahaya-maikori-59840b2b,https://app.apollo.io/#/people/67cedc489449f10001d69c22
Beth,Porter,Founding Board Member and Executive Committee Member,CRECER IFD - Institución Financiera de Desarrollo,crecerifd.bo,http://www.crecerifd.bo,"New York, New York",http://www.linkedin.com/in/beth-porter-8b57a65,https://app.apollo.io/#/people/54a6254a74686936768662c5
Melanie,Chance,Marketing Director/ HR Liason/ Commissioned Notary Public,JCG Tax Advisors,jcgtax.com,http://www.jcgtax.com,"Fair Play, Missouri",http://www.linkedin.com/in/melanie-chance-5aa536157,https://app.apollo.io/#/people/66ff67d26072970001648671
Kelly,Iannone,"Founder, Real Estate Entrepreneur",Waypoint Wealth Fund / Waypoint CIP,waypointcip.com,http://www.waypointcip.com,"Clermont, Florida",http://www.linkedin.com/in/kelly-iannone-waypointcip,https://app.apollo.io/#/people/66ffc692b358ea00010918ff
Ali,Ouattara,"Entrepreneur, Group Head of Innovation",GoCab,gocab.io,http://www.gocab.io,United States,http://www.linkedin.com/in/ali-ouattara,https://app.apollo.io/#/people/679d1fbf304272000130e8ee
Lauren,Quinlan,Manager at Altera Financial,Altera Financial,alterafinancial.com.au,http://www.alterafinancial.com.au,"Brisbane, Australia",http://www.linkedin.com/in/lauren-quinlan-7b2b62bb,https://app.apollo.io/#/people/66f950ebd1c6fd00014e27f5
Christina,Thomas,Practice Manager,Forsythes Business & Financial Advisors,forsythesadvisors.com.au,http://www.forsythesadvisors.com.au,"Newcastle, Australia",http://www.linkedin.com/in/christina-thomas-009a9176,https://app.apollo.io/#/people/5ac2ebf2a6da98155e16d970
Lauren,Tschider,Wealth Manager,Tschider Financial Planning,tschiderfinancial.com,http://www.tschiderfinancial.com,"Minnesota, US",http://www.linkedin.com/in/lauren-tschider701,https://app.apollo.io/#/people/6125e5e9bd4e4e0001fb1ec0
Kelly,Platt,Service and Operations Manager,First Aurora Financial Group,firstaurorafinancial.com,http://www.firstaurorafinancial.com,"Buffalo, New York",http://www.linkedin.com/in/kelly-platt-346b3a1b9,https://app.apollo.io/#/people/611c4b8a55d90300014fd358
Debra,Hancock,Practice Manager,KMS Financial Solutions,kmsfinancial.com.au,http://www.kmsfinancial.com.au,"Ringwood East, Australia",http://www.linkedin.com/in/debra-hancock-390a14148,https://app.apollo.io/#/people/5e82048f09b14a0001672ed2
Gretchen,Feldmeyer,Marketing Manager,Feldmeyer Financial Group,feldmeyerfinancialgroup.com,http://www.feldmeyerfinancialgroup.com,"Dayton, Ohio",http://www.linkedin.com/in/gretchen-feldmeyer-873145b8,https://app.apollo.io/#/people/5c3a632df65125747354ef2e
Jodie,Flaiban,Growth Manager,Feel Good Financial Planning,feelgoodfp.com.au,http://www.feelgoodfp.com.au,"Sydney, Australia",http://www.linkedin.com/in/jodie-flaiban-61465333,https://app.apollo.io/#/people/54c2bbf17468697af76a56c1
Leanne,Rule,Practice Manager,RCR Financial Group,rcrfinancialgroup.com.au,http://www.rcrfinancialgroup.com.au,"Doncaster East, Australia",http://www.linkedin.com/in/leanne-rule-66b887301,https://app.apollo.io/#/people/68acf73ff5cf840001ff76b0
Kathy,Giese,Relationship Manager,HD Vest Financial Services,hdvest.com,https://hdvest.com,"Irving, Texas",http://www.linkedin.com/in/kathy-giese-cmp-cmm-b376ba7,https://app.apollo.io/#/people/54a4fde174686936769d9873
Justin,Rice,Financial Advisor & Branch Manager,McLaren Wealth Strategies,mclarenwealth.com,http://www.mclarenwealth.com,"Ann Arbor, Michigan",http://www.linkedin.com/in/jwrice5,https://app.apollo.io/#/people/54ec453e746869431106e073
Dan,Waller,Senior Vice President Financial Advisor PIM Portfolio Manager,"Integrative Wealth Management, LLC",integrativewm.com,http://www.integrativewm.com,"Daytona Beach, Florida",http://www.linkedin.com/in/dan-waller-ii-crpc%c2%ae-328a52a9,https://app.apollo.io/#/people/66d6abcc0a202e0001d2e6c3
KK,Lim,Client Services Manager - Financial Planning,Fornaro,fornaro.com,https://fornaro.com,"Brisbane, Australia",http://www.linkedin.com/in/kk-lim-a16327bb,https://app.apollo.io/#/people/66f962bfd1c6fd000154b029
Ryan,Loynd,Founder | CEO | Wealth Manager,"BrightGuide Financial, LLC",brightguidefinancial.com,http://www.brightguidefinancial.com,"Scottsdale, Arizona",http://www.linkedin.com/in/ryanloynd,https://app.apollo.io/#/people/66f5bb37c873fc00013bf80c
Rick,Atkinson,Senior Manager,Taper Financial Solutions,taperfinancialsolutions.com.au,http://www.taperfinancialsolutions.com.au,"Mermaid Beach, Australia",http://www.linkedin.com/in/rick-atkinson-63324648,https://app.apollo.io/#/people/5d509677f65125ede8caa9dd
Jurgen,Van Nistelrooij,Manager Financial Services,Newtone,newtone.nl,http://www.newtone.nl,"Brigantine, New Jersey",http://www.linkedin.com/in/jpavannistelrooij,https://app.apollo.io/#/people/57d47cb2a6da9853def88b75
Susan,Gilson,Operations Manager / Loan Originator,Fidelity Mortgage Team Powered By Benchmark Mortgage,fidelitymtg.com,http://www.fidelitymtg.com,"Illinois, US",http://www.linkedin.com/in/susan-gilson-a06131a1,https://app.apollo.io/#/people/54a700427468696829e8f70b
Nigel,Wallace,Operations Team Member,Integrated Compliance Consulting,integratedcomplianceconsulting.com,http://www.integratedcomplianceconsulting.com,"Honolulu, Hawaii",http://www.linkedin.com/in/nigel-wallace-3097822a,https://app.apollo.io/#/people/54a615f07468692cf009a5c0
Deb,Root,Director of Operations and Compliance,Team USA Mortgage,teamusamortgage.com,http://www.teamusamortgage.com,"Quincy, Illinois",http://www.linkedin.com/in/deb-root-5b064a11,https://app.apollo.io/#/people/611b6788255b5d00012ec57d
Eric,Burke,Operations Manager and Financial Stewardship Lead,Abundant Life Planning an Eversource Wealth Advisors Team,abundantlifeplan.com,http://www.abundantlifeplan.com,"Jacksonville, Florida",http://www.linkedin.com/in/eric-burke-crpc%c2%ae-2a19353a,https://app.apollo.io/#/people/659793e83c01ec0001a80c38
Dhriti,Chhibber,Operations Team Member,Quickzy Finance,quickzy.com.au,http://www.quickzy.com.au,Australia,http://www.linkedin.com/in/dhriti-chhibber,https://app.apollo.io/#/people/67d8bae0db50cb0001004346
Rebecca,McCuistion,Director of Operations,Collins Financial - Forbes Best-In-State Wealth Management Team,collinsfinancialforbesbestinstatewealthmanagementteam.com,https://collinsfinancialforbesbestinstatewealthmanagementteam.com,"Plano, Texas",http://www.linkedin.com/in/rebecca-mccuistion-8376948,https://app.apollo.io/#/people/54a2f5fb74686935be73f649
Christopher,Tieland,Manager of Operations,Somerset Advisory,somersetadvisory.com,http://www.somersetadvisory.com,"Lady's Island, South Carolina",http://www.linkedin.com/in/christopher-tieland,https://app.apollo.io/#/people/6742621a619c7e00013dcfd1
Dallin,Schwendiman,VP of Sales,Heritage Wealth Management,heritagewealthmi.com,http://www.myheritagewealth.com,United States,http://www.linkedin.com/in/dallin-schwendiman-82b087240,https://app.apollo.io/#/people/66ff1ccf3f12c90001cef7a8
Hudson,Chow,VP of Sales Development,Anchor Home Mortgage,theanchorteam.com,http://www.theanchorteam.com,"Cumming, Georgia",http://www.linkedin.com/in/hudson-chow-821668323,https://app.apollo.io/#/people/67693f7b091d0600011b8c71
Matthew,L,VP of Sales,Kentucky Payments,kentuckypayments.com,http://www.kentuckypayments.com,"Lexington, Kentucky",http://www.linkedin.com/in/matthew-l-6b1955231,https://app.apollo.io/#/people/631c7dcacaec370001ce2b13
Taylor,Hopper,VP of Sales & Marketing,Flying Pig Payment Processing,chooseflyingpig.com,http://www.chooseflyingpig.com,"Portland, Oregon",http://www.linkedin.com/in/taylor-hopper-536372178,https://app.apollo.io/#/people/6893af807a65f60001890350
Elizabeth,Honeycutt,VP of Operations and Talent Acquisition I Recruiter I Former Non-Profit Teacher,Duff Agency | Life Insurance Sales Company,duffagency.com,http://www.duffagency.com,"Dayton, Ohio",http://www.linkedin.com/in/elizabethhoneycutt,https://app.apollo.io/#/people/66f5d06ff3ea880001132315
Charles,Maynadier,Director Equity Sales,Van Lanschot Kempen Investment Banking,vanlanschotkempeninvestmentbanking.com,https://vanlanschotkempeninvestmentbanking.com,"New York, New York",http://www.linkedin.com/in/charles-m-59846b4b,https://app.apollo.io/#/people/6610db93b4ae4200079ed78e
Jason,Roaldson,Producing Sales Director,Grove Bank Mortgage,grove.bank,http://www.grove.bank,"Excelsior, Minnesota",http://www.linkedin.com/in/jasonroaldson,https://app.apollo.io/#/people/54a78442746869730aec8f3c
Philip,Puccio,"Director, European Equity Sales Trading",DNB Carnegie,dnbcarnegie.com,http://www.dnbcarnegie.com,"New York, New York",http://www.linkedin.com/in/philip-puccio-1b62438,https://app.apollo.io/#/people/54a42a5a7468692fa2989631
Parker,Sinkiewicz,Account Executive,Advisory Merchant Services,advisorymerchantservices.com,http://www.advisorymerchantservices.com,"Houston, Texas",http://www.linkedin.com/in/parker-sinkiewicz-515a32277,https://app.apollo.io/#/people/6498f97fd169a800010b2ee3
Soralla,Ballesteros,Account Executive,Goldman Financial,gogoldman.com,http://www.gogoldman.com,"Lewisville, Texas",http://www.linkedin.com/in/soralla-ballesteros,https://app.apollo.io/#/people/645bd5ba6f6d4200016e14fe
Matt,Hurley,Account Executive,Fello,fello.in,https://fello.in,"Provo, Utah",http://www.linkedin.com/in/matthewshurley,https://app.apollo.io/#/people/54a2bfd07468693fda490a3a
Shiva,Rafii,Account Executive,PacShores Mortgage,pacshoresmortgage.com,http://www.pacshoresmortgage.com,"Los Angeles, California",http://www.linkedin.com/in/shiva-rafii-a0777796,https://app.apollo.io/#/people/66f682cce89e94000112b1c6
Zach,Zimmerman,National Account Executive,Elevated Tax Strategies,elevated.tax,http://www.elevated.tax,"Portland, Maine",http://www.linkedin.com/in/zachzimm,https://app.apollo.io/#/people/54a5012e7468693442c41575
Anthony,Sementelli,Account Executive,Kennebec Wealth Management,kennebecwealthmanagement.com,https://kennebecwealthmanagement.com,United States,http://www.linkedin.com/in/anthony-sementelli-cfp%c2%ae-4a2416168,https://app.apollo.io/#/people/673b2bc9147f1d0001b8ee46
Jonathan,Dick,Account Executive,Merrimack Wealth Management,merrimackwealth.com,http://www.merrimackwealth.com,"Amesbury, Massachusetts",http://www.linkedin.com/in/jonathan-dick-a95405142,https://app.apollo.io/#/people/5e7f4cde074ae80001624221
Carson,Brown,Account Executive,Soulence Wealth Management,soulencewealth.com,http://www.soulencewealth.com,"Salt Lake City, Utah",http://www.linkedin.com/in/carsoncbrown,https://app.apollo.io/#/people/6431533e548c3900018fb6f8
Barry,Sawyer,Account Executive,Common Sense Financial,my-csf.com,http://www.my-csf.com,"Saint George, Utah",http://www.linkedin.com/in/barry-sawyer-041213336,https://app.apollo.io/#/people/67e7b229f562750001d4d206
David,Fell,Account Executive,Debt Sales Partners,debtsales.us,http://www.debtsales.us,"Kent, Ohio",http://www.linkedin.com/in/david-fell-82723517,https://app.apollo.io/#/people/5addadf7a6da984d2232739d
Brian,Mentzer,Account Executive,The Partners Wealth Management,thepartnerswm.com,http://www.thepartnerswm.com,"Pittsburgh, Pennsylvania",http://www.linkedin.com/in/brian-mentzer96,https://app.apollo.io/#/people/5e72b9e227e6180001b6e425
Justin,Lamber,Account Executive,Lamb Financial,lambfinancial.co.uk,http://www.lambfinancial.co.uk,"Pittsburgh, Pennsylvania",http://www.linkedin.com/in/justin-lamber-8217bb94,https://app.apollo.io/#/people/6638385b1fcc4000012d9d39
Thomas,Bourdon,Account Executive,Neptune Wholesale,neptunewholesale.com,http://www.neptunewholesale.com,"Boston, Massachusetts",http://www.linkedin.com/in/thomas-bourdon-9b09b081,https://app.apollo.io/#/people/57d3f72ca6da9853a65aad90
Sam,Lautzenheiser,Account Executive,Legions Capital Inc.,legionscapital.com,http://www.legionscapital.com,"Phoenix, Arizona",http://www.linkedin.com/in/sam-lautzenheiser-40087618a,https://app.apollo.io/#/people/5fb573425365210001d4aa3b
Kerry,Cole,Wholesale Account Executive,MLB Wholesale,mlbwholesale.com,http://www.mlbwholesale.com,"Dansville, New York",http://www.linkedin.com/in/kerry-cole-39a372157,https://app.apollo.io/#/people/60be5034bd31280001317c97
Chris,Howley,National Account Executive,Essex Mortgage - Correspondent Lending,essexcorrespondent.com,http://www.essexcorrespondent.com,United States,http://www.linkedin.com/in/chrisshowley,https://app.apollo.io/#/people/6517ac4d4b71b00001db921b
Jeremiah,Gilliam,Senior Account Executive,Variant Lending Group | A DBA of Home Mortgage Alliance Corporation (NMLS #1165808),variantlendinggroup.com,http://www.variantlendinggroup.com,"Ladera Ranch, California",http://www.linkedin.com/in/jeremiah-gilliam-2074a632,https://app.apollo.io/#/people/66f8530dfb40b300014e4828
Sandi,Hart,IT Director | Senior Accountant,Proactive Advisory Group,proactiveadvisorygroup.com,http://www.proactiveadvisorygroup.com,"Kirkland, Washington",http://www.linkedin.com/in/sandi-hart-4305976,https://app.apollo.io/#/people/66fe6173d2d9d70001f1bdca
Michael,Dellinger,Director of IT,RQC Group,rqcgroup.com,http://www.rqcgroup.com,"Buffalo, New York",http://www.linkedin.com/in/michael-dellinger-13130882,https://app.apollo.io/#/people/54a27f8d7468692e7180f427
Maria,Ferla,Director - HR Business Partner,Natixis CIB Australia,natixiscibaustralia.com,https://natixiscibaustralia.com,"Sydney, Australia",http://www.linkedin.com/in/maria-ferla-93600419,https://app.apollo.io/#/people/5ae8bb98a6da98eb71b9cc8d
Mike,Francesconi,Senior Director - HR Benefit Design,AXA Financial,axa-equitable.com,https://axa-equitable.com,"Syracuse, New York",http://www.linkedin.com/in/mike-francesconi-957ab27,https://app.apollo.io/#/people/54c22b357468697af7394a81
Heather,Forbes,"Managing Director of Finance, HR & Marketing","Three Part Advisors, LLC",threepartadvisors.com,http://www.threepartadvisors.com,"Dallas, Texas",http://www.linkedin.com/in/heatherforbes,https://app.apollo.io/#/people/66f7538b0efa5b00011aad0f
Carlos,Gomez,M&A Director,Fimecap Investment Banking,fimecap.mx,http://www.fimecap.mx,"Miami, Florida",http://www.linkedin.com/in/carlosgarridogomez,https://app.apollo.io/#/people/54a1f9b17468692e71884302
Blaise,Zimmer,Director of Investment Strategy,RichMark Private Wealth Management,richmarkpwm.com,http://www.richmarkpwm.com,"Bay City, Michigan",http://www.linkedin.com/in/blaise-zimmer-065702a6,https://app.apollo.io/#/people/54c2106274686916399bad73
Emina,Mustabasic,Director of Investment Operations,RMG Wealth Management Group,rmgwealthmanagement.com,https://rmgwealthmanagement.com,"Wethersfield, Connecticut",http://www.linkedin.com/in/emina-mustabasic-382374136,https://app.apollo.io/#/people/5e69265f4c7b2e0001c39fe3
Jordan,Santarsiero,Director,MS Capital - Investment Banking,mscapitalinvestmentbanking.com,https://mscapitalinvestmentbanking.com,"Los Angeles, California",http://www.linkedin.com/in/jordan-santarsiero-a2011a22,https://app.apollo.io/#/people/62073a398a0b350001541e94
Amanda,Barnett,Director of Operations,Charney Investment Group,charneyig.com,http://www.charneyig.com,"Harrisburg, Pennsylvania",http://www.linkedin.com/in/amanda-barnett-846483a2,https://app.apollo.io/#/people/57d59a6da6da9853765e5397
Emmanuel,Casuscelli,Managing Director | Investment Management,UNION CAPITAL GROUP,ucapgroup.com,http://www.ucapgroup.com,"Miami, Florida",http://www.linkedin.com/in/casuscelli,https://app.apollo.io/#/people/54a4c02a7468693676044b60
Natalie,Ristevski,Director of Finance,Investment Plus Accounting Group,investplusaccounting.com.au,http://www.investplusaccounting.com.au,"Bankstown, Australia",http://www.linkedin.com/in/natalie-ristevski-mortgage-broker,https://app.apollo.io/#/people/64b4da87734698000199571d
Andrew,Jensen,"Senior Wealth Advisor, Director of Alternative Investments, Investment Committee Member",Zermatt Wealth Partners,zermattwealthpartners.com,https://zermattwealthpartners.com,"Los Angeles, California",http://www.linkedin.com/in/andrew-m-jensen-caia-51308b5,https://app.apollo.io/#/people/66f30245b320260001b489cc
Roger,Shreero,Managing Director- Cantor Fitzgerald Investment Management,Cantor Fitzgerald Asset Management,cantorassetmanagement.com,https://cantorassetmanagement.com,"Charlotte, North Carolina",http://www.linkedin.com/in/roger-shreero-63b4b1b,https://app.apollo.io/#/people/54a76e38746869682966d133
Michael,Mirza,Senior Managing Director,Wealth & Investment Strategy Experts,wise-atl.com,http://www.wise-atl.com,"Atlanta, Georgia",http://www.linkedin.com/in/a-michael-mirza-47228213,https://app.apollo.io/#/people/6203db7533a0d400019df339
Cindy,Forman,Director of Communications & Client Experience,Forman Investment Services,formanis.com,http://www.formanis.com,"Indianapolis, Indiana",http://www.linkedin.com/in/cindy-forman-160314bb,https://app.apollo.io/#/people/64f4c6820297180001062d55
Scott,Lasky,Private Wealth Advisor,"Lionshead Wealth Management, LLC",lionsheadwealth.com,http://www.lionsheadwealth.com,"New York, New York",http://www.linkedin.com/in/realizeyourdreams,https://app.apollo.io/#/people/611c2a9109935d0001ed6f5e
Jay,Poole,"Financial Advisor, RJFS",Pentas Wealth Management,pentaswealth.com,http://www.pentaswealth.com,"Lake City, Florida",http://www.linkedin.com/in/jay-poole-301b3a8,https://app.apollo.io/#/people/66f818bbeee1360001b61c04
Gregory,Cafiero,Head of Financial Services,Davies Talent Solutions,daviestalent.com,https://daviestalent.com,"New York, New York",http://www.linkedin.com/in/gregory-cafiero-0911a910b,https://app.apollo.io/#/people/57dacab1a6da984aabc59317
Aurelio,Lombardi,Head of Talent & Culture,LEASY,leasyauto.com,http://www.leasyauto.com,United States,http://www.linkedin.com/in/aurelio-lombardi-b1893b172,https://app.apollo.io/#/people/610145582de8280001ba37b0
Ihor,Pokhyton,Investment Analyst,Capital Times,capital-times.com,http://www.capital-times.com,"New York, New York",http://www.linkedin.com/in/ifin,https://app.apollo.io/#/people/642c265fa7b16a000153dd61
Ford,Palmer,Investment Analyst,"Parisi Gray Wealth Management, LLC",parisigray.com,http://www.parisigray.com,"New York, New York",http://www.linkedin.com/in/ford-palmer-69650b197,https://app.apollo.io/#/people/612121ba684ec30001ef188a
Matt,Williamson,ICT Infrastructure Analyst,CDH Investment Bank Ltd,cdh-malawi.com,http://www.cdh-malawi.com,"Cleveland, Ohio",http://www.linkedin.com/in/matt-williamson-425328160,https://app.apollo.io/#/people/64ecde01e652810001f8b5ce
Dickson,Wong,Investment Analyst,KMXK Investment,kmxkinvestment.com,http://www.kmxkinvestment.com,"Singapore, Singapore",http://www.linkedin.com/in/dickson-wong-cfa-076b28106,https://app.apollo.io/#/people/5d5f58cf80f93e5894565633
Thomas,McKenzie-McHarg,Investment Analyst,Argus Advisory,argusadvisory.com.au,http://www.argusadvisory.com.au,"Melbourne, Australia",http://www.linkedin.com/in/thomas-mckenzie-mcharg-629867109,https://app.apollo.io/#/people/57e095a2a6da981c4d326073
Gage,Spolansky,Investment Analyst,The Amitis Group,theamitisgroup.com,http://www.theamitisgroup.com,"New York, New York",http://www.linkedin.com/in/gages,https://app.apollo.io/#/people/67e79a289dac19000141c270
Christian,McAlpine,Investment Analyst,Verde Technology Ventures,verdetechnologyventures.com,https://verdetechnologyventures.com,"Philadelphia, Pennsylvania",http://www.linkedin.com/in/christian-mcalpine,https://app.apollo.io/#/people/631db8f903e0060001404ce4
Nicholas,Cipollone,Investment Analyst,Hightower Bethesda,hightowerbethesda.com,http://www.hightowerbethesda.com,"Washington, District of Columbia",http://www.linkedin.com/in/ncipollone,https://app.apollo.io/#/people/6689042508a74f0001a56b98
Nick,Nelson,Investment Analyst,Carlson Family Office,carlsonfamilyoffice.com,https://carlsonfamilyoffice.com,"Minneapolis, Minnesota",http://www.linkedin.com/in/nick-nelson-cfa-4a8128153,https://app.apollo.io/#/people/66d6c96d49d7260001a4f6a3
Matias,Gaedechens,Investment Analyst,Arrayan Asset,arrayanasset.com,http://www.arrayanasset.com,"Charleston, South Carolina",http://www.linkedin.com/in/matias-gaedechens,https://app.apollo.io/#/people/664919d2b8b345000120e45e
Magy,Yassa,Investment Analyst,Classic Financial,classicfinancial.net,http://www.classicfinancial.net,"Westlake Village, California",http://www.linkedin.com/in/magy-yassa-a1544016b,https://app.apollo.io/#/people/64e6a7aaa38ba00001af2ad5
Potcharapol,Suteparuk,"Engineering Manager, Department Head of Data Platform",Kiatnakin Phatra Financial Group,kkpfg.com,http://www.kkpfg.com,"Kirkland, Washington",http://www.linkedin.com/in/psuteparuk,https://app.apollo.io/#/people/55d803d1f3e5bb1c6b0018a9
Janice,Heffernan,Client Services and Data Operations Manager,"Integrity Insurance and Financial Services IL, TX",insurewithintegrity.com,http://www.insurewithintegrity.com,"Illinois, US",http://www.linkedin.com/in/janice-heffernan-7487b6137,https://app.apollo.io/#/people/5dd1932e6359f30001c5d771
Nicolas,Dupuis-Gaudreault,Financial Security Advisor,Corporation Financière Ethicor Inc,ethicor.com,http://www.ethicor.com,United States,http://www.linkedin.com/in/nicolas-dupuis-gaudreault-033955a6,https://app.apollo.io/#/people/64f30cd916a6a10001bfd441
Madison,Evans,Financial Advisor Associate,Blanke Schein Wealth Management | A Hightower Company,blankescheinwealthmanagement.com,http://www.blankescheinwealthmanagement.com,United States,http://www.linkedin.com/in/madison-evans1,https://app.apollo.io/#/people/60c5ec8975f7e9000113ed55
Phoebe,Chan,Financial Accountant,Ausure Insurance Brokers,ausuretownsville.com.au,http://www.ausuretownsville.com.au,"Brisbane, Australia",http://www.linkedin.com/in/phoebe-chan-34b877a4,https://app.apollo.io/#/people/5fdde631fc3e8e000141c0d9
Hope,Dogbevia,Accountant & Financial Advisor,Keystone Financial Services,keystonefinancialservice.com,http://www.keystonefinancialservice.com,"Omaha, Nebraska",http://www.linkedin.com/in/hope-dogbevia-mba-cfp%c2%ae-ea-4a9a9931,https://app.apollo.io/#/people/651674b52e821a00011c5665
Ian,Wynne,Financial Accountant,Moore Ireland,mooreireland.ie,http://www.mooreireland.ie,"Sydney, Australia",http://www.linkedin.com/in/ian-wynne-aca-a4baa716b,https://app.apollo.io/#/people/5f4cf529d2ea070001a1e2c9
Parker,Fraley,Client Accountant,Riegel Financial,riegelfinancial.com,http://www.riegelfinancial.com,"Fairborn, Ohio",http://www.linkedin.com/in/parker-fraley-1180a8195,https://app.apollo.io/#/people/63dae67a43d21c000117e2a1
Cynthia,Williams,Reconciliation Accountant,MB Financial Bank,mbfinancialbank.com,https://mbfinancialbank.com,"Wilmington, Ohio",http://www.linkedin.com/in/cynthia-williams-177736114,https://app.apollo.io/#/people/5b37be08a6da980c14bc0e57
Colin,Yi,Investment and Portfolio Analyst,Whitehaven Private Portfolios,whitehavenprivateportfolios.com,https://whitehavenprivateportfolios.com,Australia,http://www.linkedin.com/in/colinyi,https://app.apollo.io/#/people/57dfb8dfa6da980b2ffaf4a9
Stephanie,Manuel,Lead Accountant,Caruthers Tax & Financial Solutions,roncaruthers.com,http://www.roncaruthers.com,"San Diego, California",http://www.linkedin.com/in/stephanie-manuel-362507117,https://app.apollo.io/#/people/69e0b84a7d20cb000191e17e
Jeremy,Stubbs,Program Director of Transformation and PMO,Wave Money,com.mm,http://www.wavemoney.com.mm,"Singapore, Singapore",http://www.linkedin.com/in/jeremy-stubbs-1a7748195,https://app.apollo.io/#/people/6124a0b0048f8400012595b6
Jimena,Lopez,Strategic Planning Analyst,MOBILCASH LC,mobil-cash.com,http://www.mobil-cash.com,"Miami, Florida",http://www.linkedin.com/in/jimena-lopez-10687915,https://app.apollo.io/#/people/54a4d57b74686938acd17367
Beatriz,Miranda,Strategic Planning Analyst,Roadcard,roadcard.com.br,http://www.roadcard.com.br,"New York, New York",http://www.linkedin.com/in/beatrizdemiranda,https://app.apollo.io/#/people/5d6ae106a3ae61cf2329f6bc
Segun,Ishola,Frontend Developer,Zedcrest Group,zedcrest.com,http://www.zedcrest.com,United States,http://www.linkedin.com/in/segun-ishola,https://app.apollo.io/#/people/61b42b914bcff100019ebe8f
Joel,Bruce,Developer,Intermountain Mortgage,intermountainmortgage.com,https://intermountainmortgage.com,"Salt Lake City, Utah",http://www.linkedin.com/in/joel-bruce-03297714,https://app.apollo.io/#/people/54eb48be74686931b8190d0e
Aaron,Soderberg,Institutional Marketing Director- BirdRock & Regional Recruiter,BirdRock Wealth,birdrockwealth.com,http://www.birdrockwealth.com,"Minneapolis, Minnesota",http://www.linkedin.com/in/aaron-soderberg-90365227,https://app.apollo.io/#/people/67c00ded5f248e0001821382
Chen,Junjie,Product Manager,Guosen Securities,com.cn,http://www.guosen.com.cn,"Singapore, Singapore",http://www.linkedin.com/in/chen-junjie-2734707a,https://app.apollo.io/#/people/623bfb4162965100017b5294
Salman,Eldash,Product Manager,Bokra,bokra.com,http://www.bokra.com,"Nashville, Tennessee",http://www.linkedin.com/in/salmaneldash,https://app.apollo.io/#/people/54a236927468693825659116
Linneker,Carvajal,Lead Software Architect,Banco General,bgeneral.com,http://www.bgeneral.com,"Denver, Colorado",http://www.linkedin.com/in/liaxca,https://app.apollo.io/#/people/54a7169774686975f8523a14
Brian,Pittman,Data Architect,NLC,nlc.co.uk,http://www.nlc.co.uk,"Saint Johns, Florida",http://www.linkedin.com/in/brian-pittman-990a4a17a,https://app.apollo.io/#/people/614e9505a4fea10001c4a318
Hosam,Neama,Software Architect,Kea,keaworld.com,http://www.keaworld.com,"Gaithersburg, Maryland",http://www.linkedin.com/in/hosam-neama-b555aa34,https://app.apollo.io/#/people/54a4efeb74686938ace9a36f
Adam,Krauszer,Founding Member - Chief Architect,Harmonic,harmonic.com,https://harmonic.com,"Chicago, Illinois",http://www.linkedin.com/in/adam-krauszer-9b19295,https://app.apollo.io/#/people/57e0fce8a6da987d840eabd9
Joseph,Gangi,President and Founding Member / Financial & Settlement Architect,ELANA Financial & Settlement Architects,elanafinancialandsettlementarchitects.com,http://www.elanafinancialandsettlementarchitects.com,"Easton, Pennsylvania",http://www.linkedin.com/in/joedigangi1,https://app.apollo.io/#/people/54a42f097468693b8ccbdf32
Vania,Gaudia,Sr Director and Program Architect,TruView Lending,truviewlending.com,http://www.truviewlending.com,"Salt Lake City, Utah",http://www.linkedin.com/in/vaniagaudia,https://app.apollo.io/#/people/54abfa967468692ca185ee19
Raul,Pino,Senior Consultant,One Payment Merchant Services Tallahassee,smallbusinessmerchantservice.com,http://www.smallbusinessmerchantservice.com,"Miami, Florida",http://www.linkedin.com/in/raul-pino-887920155,https://app.apollo.io/#/people/5f4a932fd7feaf0001c5e5f3
Lisa,Henson,Senior Consultant,Dennis Piper & Associates PC,brennanpiper.cpa,http://www.brennanpiper.cpa,"Morgantown, West Virginia",http://www.linkedin.com/in/lisa-henson-6865561ba,https://app.apollo.io/#/people/6126c73e95a24d0001862dfa
Dilip,John,Senior Business Consultant,P&C Life Insurance,pnclifeinsurance.com,http://www.pnclifeinsurance.com,"Houston, Texas",http://www.linkedin.com/in/dilipjohn,https://app.apollo.io/#/people/54a439f67468693b8c984a36
Frank,Grande,Senior Pension Consultant,Concierge Retirement Services,conciergeretirementservices.com,https://conciergeretirementservices.com,"Harrison, New York",http://www.linkedin.com/in/frank-grande-35979113,https://app.apollo.io/#/people/54a77838746869730a430f38
Cobey,Dumbravo,Senior Business Consultant,Atlantic Capital Funding,atlanticcapitalfunding.com,http://www.atlanticcapitalfunding.com,"Las Vegas, Nevada",http://www.linkedin.com/in/cobey-dumbravo-98333a2b,https://app.apollo.io/#/people/61b186f1add3e80001f64183
Zach,Stephens,Senior Consultant,Clearwater,clearwatercf.com,http://www.clearwatercf.com,"Nashville, Tennessee",http://www.linkedin.com/in/zach-stephensjdmha,https://app.apollo.io/#/people/5f0e02e107aa880001454deb
Jody,N,Senior Consultant,Mortgage Banking Solutions & Doctor Schell the Profit Doctor,mortgagebankingsolutionsdoctorschelltheprofitdoctor.com,https://mortgagebankingsolutionsdoctorschelltheprofitdoctor.com,"Flagstaff, Arizona",http://www.linkedin.com/in/jody-n-16b71017,https://app.apollo.io/#/people/5e7db08dc5c91c0001edb4ff
Michael,Yang,Head of People,ApeX Protocol,apex.exchange,http://www.apex.exchange,"Singapore, Singapore",http://www.linkedin.com/in/michael-y-25a8453a0,https://app.apollo.io/#/people/698d7a329e401400012eb921
Harold,Boz,Senior Software Engineering,Söderberg & Partners,soderbergpartners.se,http://www.soderbergpartners.se,"Passaic, New Jersey",http://www.linkedin.com/in/harold-lockward,https://app.apollo.io/#/people/57de38f2a6da987aec2390e7
Padmini,,Software Engineer,BNY Wealth,bnymellonwealth.com,https://bnymellonwealth.com,"San Jose, California",http://www.linkedin.com/in/padmini-arra,https://app.apollo.io/#/people/62d128810cf3c90001274e2a
Alan,Tang,Software Programmer,Millenning Pte Ltd,millenning.com,http://www.millenning.com,"Singapore, Singapore",http://www.linkedin.com/in/alantang1903,https://app.apollo.io/#/people/65d5a3f96d8b8e0001b5cb18
Dana,Brown,Client Services Administrator,Four Seasons Wealth Management - St. Louis,4swmstl.com,http://www.4swmstl.com,"Ballwin, Missouri",http://www.linkedin.com/in/dana-brown-663002332,https://app.apollo.io/#/people/6954bed7ae9f8900017a00c3
Denise,Lavoie,Office Administrator,ACG Wealth Management,acgwealthmanagement.com,https://acgwealthmanagement.com,"Richmond, Virginia",http://www.linkedin.com/in/denise-lavoie-baa073222,https://app.apollo.io/#/people/649658b349454900016f2445
Steph,Gajari,Executive Administrator,Firstrust Financial Resources,ffrpro.com,http://www.ffrpro.com,"King of Prussia, Pennsylvania",http://www.linkedin.com/in/steph-gajari-1ba05a67,https://app.apollo.io/#/people/6357bd70504d3800017f15d3
Carey,Thompson,Accountant & tax Specialist,"Financial Accounting Services, Ltd., and Chartered Financial Planning Associates, Ltd.",financialaccountingservicesltdandcharteredfinancialplanningassociates.com,https://financialaccountingservicesltdandcharteredfinancialplanningassociates.com,"Richmond, Virginia",http://www.linkedin.com/in/carey-thompson-94a00a18,https://app.apollo.io/#/people/675947e698fe990001762bb7
Andrew,Mendoza,Senior Accountant/Senior Bookkeeper,Mendoza Financial Services,mendozaaccountingservices.com,http://www.mendozaaccountingservices.com,"San Francisco, California",http://www.linkedin.com/in/andrew-mendoza95,https://app.apollo.io/#/people/680dcacab2999500019e72dd
Kim,Tay,Accountant and Financial Adviser,KT&A Advisory,ktaadvisory.com,http://www.ktaadvisory.com,"Melbourne, Australia",http://www.linkedin.com/in/kim-tay-8280a6129,https://app.apollo.io/#/people/5e82a19da5e9480001c45ffa
Thomas,Macaluso,Senior Analyst and Financial Advisor,2/13 Strategic Partners,213strategicpartners.com,http://www.213strategicpartners.com,"Wayne, Pennsylvania",http://www.linkedin.com/in/thomas-macaluso-cfa,https://app.apollo.io/#/people/672dc92880239000012a5a6b
Michael,Li,Freelance Developer,ARTA TechFin Corporation Limited,artatechfin.com,http://www.artatechfin.com,"Seattle, Washington",http://www.linkedin.com/in/michael-li-7b686724,https://app.apollo.io/#/people/61445ce59a766d00011f978e
Sayed,A,Python Developer,ING Belgium,ing.be,http://www.ing.be,"Chicago, Illinois",http://www.linkedin.com/in/sayed-a-0a918a237,https://app.apollo.io/#/people/6253bdc9bf24820001db8b9e
Karel,Pansky,Java Developer v Komer&ccaron;ní Bance,Komerční banka,kb.cz,http://www.kb.cz,"Michigan, US",http://www.linkedin.com/in/karel-pansk%c3%bd-96551027a,https://app.apollo.io/#/people/64899f8da4161000017ffe70
Aidan,Bono,Algorithms Developer,Flycatcher,flycatcher.dev,http://www.flycatcher.dev,United States,http://www.linkedin.com/in/aidanbabo,https://app.apollo.io/#/people/693d4b02d3c1e3000137e2e1
Priscilla,Comitto,Marketing Specialist | Digital Product & Analytics,loan-o,loan-o.com.au,http://www.loan-o.com.au,"Brisbane, Australia",http://www.linkedin.com/in/priscilla-comitto,https://app.apollo.io/#/people/55702b6173696449f3a8a900
Earl,Yaokasin,Wealth Architect,WealthArch Investment Services,mywealtharch.com,http://www.mywealtharch.com,"Pasadena, California",http://www.linkedin.com/in/earl-jordan-yaokasin-cfa-7350ab4b,https://app.apollo.io/#/people/6029d1d989d96a000124a360
Veronica,Alonso,Digital Architect,Pibank USA,pibank.com,http://www.pibank.com,"Miami, Florida",http://www.linkedin.com/in/veronica-alonso-50100a171,https://app.apollo.io/#/people/603e6453321d1c0001050437
Karan,Mann,Lead Solutions Architect - Enterprise Integration,People First Bank,peoplefirstbank.com.au,https://peoplefirstbank.com.au,"Melbourne, Australia",http://www.linkedin.com/in/karanmann,https://app.apollo.io/#/people/54a5c67774686938ac106aa7
Anton,Svechkov,Senior Systems Analyst / Solutions Architect,Click,click.uz,https://click.uz,"New York, New York",http://www.linkedin.com/in/antonsve,https://app.apollo.io/#/people/54a20e0e74686935be75c308
Maddison,Cox,Transitions & Project Specialist,Mybluesky,mybluesky.com.au,http://www.mybluesky.com.au,"Adelaide, Australia",http://www.linkedin.com/in/maddison-cox,https://app.apollo.io/#/people/66fc7be4fe696c0001804adf
Daniel,Deryan,Senior Finance Consultant,Deryan Financial Group,deryanfinancialgroup.com.au,http://www.deryanfinancialgroup.com.au,"Burnley, Australia",http://www.linkedin.com/in/daniel-deryan-946795112,https://app.apollo.io/#/people/57dc203ca6da9868dafb292c
Scott,Engel,Senior Loan Consultant,First Capital,firstcapitalng.com,http://www.firstcapitalng.com,"Santa Monica, California",http://www.linkedin.com/in/scott-engel-a918804,https://app.apollo.io/#/people/5ae1c36da6da984dd3d29bc3
Darshan,Pradhan,Senior Investment Consultant,Unique Wealth Strategies,uniquewealthstrategies.com,http://www.uniquewealthstrategies.com,"Chicago, Illinois",http://www.linkedin.com/in/darshan-pradhan-405411b3,https://app.apollo.io/#/people/57d43d30a6da9853ee951233
Sam,Dacher,Senior Tax Consultant,Nashional Tax Planning,nashionaltaxplanning.com,http://www.nashionaltaxplanning.com,United States,http://www.linkedin.com/in/sam-dacher-cpa,https://app.apollo.io/#/people/6513c8061434cc00018d41cb
Veronika,Kralikova,VIP Senior Consultant,"Partners Financial Services, a.s.",partners.cz,http://www.partners.cz,"Michigan, US",http://www.linkedin.com/in/veronika-kralikov%c3%a1-9936a282,https://app.apollo.io/#/people/671cc6ef2516e40001eccdf8
Michael,Bohn,Senior Tax Consultant,"Total Tax, Inc",totaltax.com,https://totaltax.com,United States,http://www.linkedin.com/in/michael-bohn-876738279,https://app.apollo.io/#/people/65e48a918515b00007ef92d6
Katie,Aday,Senior Loan Consultant,"Silver Oak Funding, Inc.",sofunding.net,http://www.sofunding.net,"Sacramento, California",http://www.linkedin.com/in/katie-aday-299071176,https://app.apollo.io/#/people/6982ff2c93772b0001b9b931
Dylan,Hub,Senior Retirement Plan Consultant,THE ADVICE HUB,theadvicehub.co.nz,http://www.theadvicehub.co.nz,"Auckland, New Zealand",http://www.linkedin.com/in/dylan-mann-theadvicehub,https://app.apollo.io/#/people/6167760e2ac3830001f1677f
Richard,Daniel,Senior Consultant – Accounts Receivable Automation,Recuvery,recuvery.com,http://www.recuvery.com,"Irvine, California",http://www.linkedin.com/in/richard-daniel-7260531b3,https://app.apollo.io/#/people/64ca758a1402290001366ca4
Marina,Ihlenfeldt,Software Operations Manager,Evolution Group,za.com,http://www.evolution.za.com,"Myrtle Beach, South Carolina",http://www.linkedin.com/in/marina-ihlenfeldt-18aba212,https://app.apollo.io/#/people/66f82545a1320d00018f4671
Lisa,Podrobinok,Computer Programmer,AAM,audit-aam.fr,http://www.audit-aam.fr,"Arlington Heights, Illinois",http://www.linkedin.com/in/lisa-podrobinok-555781152,https://app.apollo.io/#/people/60c1104f9ab10f00010ef6c0
Madelyn,Miller,Client Service Administrator Team Lead,"Prentice Wealth Management, LLC",prenticewealth.com,http://www.prenticewealth.com,"Rochester, New York",http://www.linkedin.com/in/madelyndavidson7326611a8,https://app.apollo.io/#/people/60c618c320bc3c0001f88a02
Miriam,Finkley,Financial Services Client Service Administrator,"sunderland, massachusetts, united states",dalefrankinsurance.com,https://dalefrankinsurance.com,United States,http://www.linkedin.com/in/miriam-finkley-943b64a3,https://app.apollo.io/#/people/57d33b35a6da9865d15653ec
Sean,Bell,Executive Administrator,YORKSHIRE WEALTH MANAGEMENT,yorkshirewealthmanagement.com,http://www.yorkshirewealthmanagement.com,"Escondido, California",http://www.linkedin.com/in/sean-bell-b238467a,https://app.apollo.io/#/people/5f5c578bff3d0b0001a2c84c
Tim,Guihan,Business Objects Administrator,Financial Partners Inc,financialpartnerinc.com,http://www.financialpartnerinc.com,"Wilbraham, Massachusetts",http://www.linkedin.com/in/tim-guihan-268a9558,https://app.apollo.io/#/people/57e1edbba6da98093ee45bc2
Miracle,Parks,Senior Oracle Middleware and Database Administrator,National Bank of Egypt (NBE),com.eg,http://www.nbe.com.eg,"Portland, Oregon",http://www.linkedin.com/in/miracle-parks-689807281,https://app.apollo.io/#/people/665b8296e77a1a0001f3ef07
Yvonne,Atwater,Office Manger and Accounting Administrator,Sharp Point Accounting Solutions,sharppointbooks.com,https://sharppointbooks.com,"Chicago, Illinois",http://www.linkedin.com/in/yvonne-atwater-73770560,https://app.apollo.io/#/people/54abe579746869332d3cc614
Mary,Letteri,Office Administrator,"Vital Wealth Management, LLC",vitalwealthmgmt.com,http://www.vitalwealthmgmt.com,"Chicago, Illinois",http://www.linkedin.com/in/mary-letteri-38397610a,https://app.apollo.io/#/people/57d8f951a6da98725289dab1
Kayla,McPhail,Loan Administrator,Ark Finance,arkfinance.ie,http://www.arkfinance.ie,"Sydney, Australia",http://www.linkedin.com/in/kayla-mcphail-a19ab596,https://app.apollo.io/#/people/54a564dc7468692cf0745494
Katherine,Spill,Trust Administrator,"Empire Trust, Inc.",empiretrustinc.com,http://www.empiretrustinc.com,"Albuquerque, New Mexico",http://www.linkedin.com/in/katherine-spill-064aba134,https://app.apollo.io/#/people/66a700c9d6ebde0001b4051d
Eric,Katen,Testing Administrator,Banks & Co,banksco.co.uk,http://www.banksco.co.uk,"Fresno, California",http://www.linkedin.com/in/eric-katen-5153a9130,https://app.apollo.io/#/people/5ab2d11aa6da986fe037edfe
Jennifer,Gabicki,Client Service Administrator,Pearl Wealth Group,pearlwealthgroup.com,http://www.pearlwealthgroup.com,"Florida, US",http://www.linkedin.com/in/jennifer-gabicki-4045b876,https://app.apollo.io/#/people/57dc60a5a6da981cb4fcdb25
Kristy,Charles,Client Services Administrator,EPA Group,epagroup.com.au,http://www.epagroup.com.au,Australia,http://www.linkedin.com/in/kristy-charles-477b65119,https://app.apollo.io/#/people/5cb2ae9fa3ae616d78075111
Kristy,Cragle,Office Administrator,"BCK Partners, Inc.",bckpartners.com,http://www.bckpartners.com,"Horseheads, New York",http://www.linkedin.com/in/kristy-cragle-794569180,https://app.apollo.io/#/people/6126945011a2f700010439a7
Fanitta,Ballard,Client Service Administrator,Balanced Financial Concepts,balancedfinancialconcepts.com,http://www.balancedfinancialconcepts.com,"Cleveland, Ohio",http://www.linkedin.com/in/fanitta-ballard-27a2b5145,https://app.apollo.io/#/people/5d4d1e50a3ae611c6033ec45
Christi,Demeules,Client Administrator,NewSpring Wealth Partners,newspringwealthpartners.com,http://www.newspringwealthpartners.com,United States,http://www.linkedin.com/in/christi-demeules,https://app.apollo.io/#/people/5d446f11a3ae6172bbf8e9ba
Debby,Bryant,Office Administrator,SpringSource Wealth Advisors,springsourcewealth.com,http://www.springsourcewealth.com,"Hillsboro, Oregon",http://www.linkedin.com/in/debby-bryant,https://app.apollo.io/#/people/63504d66627bbd000105eb0f
Amanda,Noel,Wealth Management Administrator,"KDP Wealth Management, LLC",kdp-wealth.com,http://www.kdp-wealth.com,"Medford, Oregon",http://www.linkedin.com/in/amanda-noel-362189295,https://app.apollo.io/#/people/674386c950a1ba0001f289f1
Chloe,Clease,Trust Administrator,HIGHVERN,highvern.com,http://www.highvern.com,"Haddonfield, New Jersey",http://www.linkedin.com/in/chloe-clease-0593b7206,https://app.apollo.io/#/people/68a2e9a22c6b5f0001c25d24
Reese,Vinch,Case Administrator,NFP Structured Settlements,nfpstructures.com,http://www.nfpstructures.com,"Bentonville, Arkansas",http://www.linkedin.com/in/reesevinch,https://app.apollo.io/#/people/640d1d83b37fe70001a13aff
Samuel,Gibbins,Fund Administrator,Cache Financials Inc.,usecache.com,http://www.usecache.com,"Millers Point, Australia",http://www.linkedin.com/in/samuel-gibbins-ba9a04297,https://app.apollo.io/#/people/658a5886e111fb000166f433
Anna,McDowell,Sr Office Administrator,Iron Point Financial LLC,ironpointfin.com,http://www.ironpointfin.com,"Grove City, Pennsylvania",http://www.linkedin.com/in/anna-marie-mcdowell-bb779872,https://app.apollo.io/#/people/54aa5759746869037791ba00
Shantrell,Harris,Construction Loan Administrator,Gateway Correspondent Lending,gatewaycorrespondent.com,http://www.gatewaycorrespondent.com,"Dallas, Texas",http://www.linkedin.com/in/shantrell-harris-22814b189,https://app.apollo.io/#/people/6539131028c12b000194785d
Emily,Deluca,Branch Office Administrator,Cedrus Wealth & Tax,cedruswealthgroup.com,http://www.cedruswealthgroup.com,"Elk River, Minnesota",http://www.linkedin.com/in/emmy-lou-deluca,https://app.apollo.io/#/people/6690ed790edef60001fe1490
Revathi,Neeli,Loan Administrator,Jabsons Finance,jabsonsfinance.com.au,http://www.jabsonsfinance.com.au,"Chadstone, Australia",http://www.linkedin.com/in/revathi-neeli-693b99203,https://app.apollo.io/#/people/62d147c2716caa0001146818
Natalie,Nash,Customer Service Administrator,Strategic Solutions Australia,ssafp.com.au,http://www.ssafp.com.au,"Brisbane, Australia",http://www.linkedin.com/in/natalie-nash-3a216a3a,https://app.apollo.io/#/people/669ef707b38d250001bf7c45
Meridith,Pettye,Client Service Associate,Elevate Family Partners LLC/Concurrent CIO,concurrentcio.com,http://www.concurrentcio.com,"Houston, Texas",http://www.linkedin.com/in/meridith-pettye-21923b190,https://app.apollo.io/#/people/6316da8a993635000167df4d
Justin,Cheaves,Chief Risk Officer,Story Financial Partners,storyfinancialpartners.com,http://www.story.bank,"Corinth, Mississippi",http://www.linkedin.com/in/justin-cheaves-cams-cerp-02a607143,https://app.apollo.io/#/people/67847ef60ec1a600015149a8
Laura,Smith,"Manager, Paid Media & CRO",altLINE by The Southern Bank,sobanco.com,http://www.sobanco.com,United States,http://www.linkedin.com/in/-laura-k-smith-,https://app.apollo.io/#/people/5d414831f65125cc2e8bd8d6
Corey,Martin,Department of Finance CRO,CRONOS ARES PARTNERS,cronosarespartners.com,https://cronosarespartners.com,"Los Angeles, California",http://www.linkedin.com/in/corey-martin-64439b123,https://app.apollo.io/#/people/6517fcb25313c000016fb5bb
Angelina,Jammal,Director of Operations,Carlin Wealth Management Group,carlinwealthmanagementgroup.com,http://www.carlinwealthmanagementgroup.com,"Austin, Texas",http://www.linkedin.com/in/angelina-jammal,https://app.apollo.io/#/people/5f0fd83b2b3245000116cd3e
Riley,Deshazo,Director of Firm Strategy and Operations,Amarillo Wealth Management,amarillowealth.com,http://www.amarillowealth.com,"Amarillo, Texas",http://www.linkedin.com/in/riley-deshazo-cfp%c2%ae-32807398,https://app.apollo.io/#/people/6700c6c9a00465000193283c
Latika,Tillis,Director of Operations,Presidio Wealth Partners,presidiowp.com,http://www.presidiowp.com,"Richmond, Texas",http://www.linkedin.com/in/latika-tillis-35659962,https://app.apollo.io/#/people/54a62fb07468692fa22e88c9
Jiyun,Chan,Director of Insurance Operations and Services,Vista Wealth Management Group,vistawealthmanagementgroup.com,http://www.vistawealthmanagementgroup.com,"Schaumburg, Illinois",http://www.linkedin.com/in/jiyun-chan-46083512,https://app.apollo.io/#/people/54a1b30074686945faa72309
Lori,Scory,Director of Operations at Flatirons Financial Planning,Flatirons Financial Planning | Northwestern Mutual,flatironsfinancialplanningnorthwesternmutual.com,https://flatironsfinancialplanningnorthwesternmutual.com,"Boulder, Colorado",http://www.linkedin.com/in/lori-scory,https://app.apollo.io/#/people/658e4f74ab8ea10001efb97c
Caitlin,McKinney,Director of Operations,"The Smith Companies, Ltd., A Capitas® Financial Partner",smithcompany.com,http://www.smithcompany.com,"Boston, Massachusetts",http://www.linkedin.com/in/caitlinmurphymckinney,https://app.apollo.io/#/people/694686734cf121000182508b
Jeff,Maillet,Director of Operations,Avant Garde,avantgardetrading.com,http://www.avantgardetrading.com,"Chicago, Illinois",http://www.linkedin.com/in/jeff-maillet,https://app.apollo.io/#/people/698720ff4ccd520001bb9f3e
William,McKenzie,Director of Operations,"Sentinel Asset Management, LLC.",sentinelassetmanagementllc.com,http://www.sentinelassetmanagementllc.com,"Wallingford, Connecticut",http://www.linkedin.com/in/william-mckenzie-452921266,https://app.apollo.io/#/people/64f45f7ba8fcbf000119245c
Jonathan,Abosaid,Director of Operations,Coral Wealth Management,coralwealthmanagement.com,http://www.coralwealthmanagement.com,"Fort Lauderdale, Florida",http://www.linkedin.com/in/jonathanabosaid,https://app.apollo.io/#/people/66fddeb95e0d170001df9371
Megan,Bryant,Director of Operations,PayCourt / CCP,paycourt.com,http://www.paycourt.com,"Taylorville, Illinois",http://www.linkedin.com/in/megan-bryant-76230959,https://app.apollo.io/#/people/57d9aca3a6da98721aa55ae6
Alex,Leise,Director of Operations,Montage Wealth Advisors,montagewealth.net,http://www.montagewealth.net,"Newport Beach, California",http://www.linkedin.com/in/alex-leise-5838b929b,https://app.apollo.io/#/people/680825d477c8060001c76bd4
Aldo,Oyadomari,Director of Client Coverage & Operations | Advisor,Althum Advisors,althumadvisors.com,http://www.althumadvisors.com,"Miami, Florida",http://www.linkedin.com/in/aldooyadomari,https://app.apollo.io/#/people/64777af2c9e2e600015f1c3b
Crystal,Crowell,Director of Operations,LedgerLogix,ledgerlogix.com,http://www.ledgerlogix.com,"Florida, US",http://www.linkedin.com/in/crystal-crowell-tp4,https://app.apollo.io/#/people/664c2b3421852c000196fe81
Kathy,Olds,Director of Operations,Bowersock Capital Partners,bowersockcapital.com,http://www.bowersockcapital.com,"Lawrence, Kansas",http://www.linkedin.com/in/kathy-olds-1aa4891b2,https://app.apollo.io/#/people/5f876bfb0d1f60000167c69f
Cynthia,Alvarez,Director of Operations,Reliance Financial Partners,reliancefinancialpartners.com,http://www.reliancefinancialpartners.com,"San Antonio, Texas",http://www.linkedin.com/in/cynthia-alvarez-9b6590198,https://app.apollo.io/#/people/60ccd2785a05e00001b6ffe2
Casey,Twisdale,Director of Operations,Woman to Woman Financial,womantowomanfinancial.com,http://www.womantowomanfinancial.com,"Jacksonville, Florida",http://www.linkedin.com/in/casey-twisdale-b4137190,https://app.apollo.io/#/people/60132ccc842d60000162a780
Michelle,Hathaway,Director of Operations,Lehner Shope Wealth Group,lcswealth.com,http://www.lcswealth.com,"Wauseon, Ohio",http://www.linkedin.com/in/michellehathaway,https://app.apollo.io/#/people/63150082c96ccf0001b6afa8
Paula,Montag,Operations Director,Montag Wealth Management,montagwm.com,http://www.montagwm.com,"East Dubuque, Illinois",http://www.linkedin.com/in/paulamontag,https://app.apollo.io/#/people/652529be3aee2b00017a167d
Carolina,Leppert,Director of Operations,Periscope Wealth Partners,periscopewp.com,http://www.periscopewp.com,"New York, New York",http://www.linkedin.com/in/carolina-leppert-b3905899,https://app.apollo.io/#/people/54a432ed74686938acd6b534
Kelsey,Crisman,Operations Director,Southwestern Advisory Group,southwesternadvisorygroup.com,http://www.southwesternadvisorygroup.com,"Bluff Dale, Texas",http://www.linkedin.com/in/kelseycrisman,https://app.apollo.io/#/people/68c5e5f35a233c000165ec76
Kristin,Thorne,Director of Operations,J BLACK FINANCIAL GROUP,joeblackfinancialgroup.com,http://www.joeblackfinancialgroup.com,"Kansas City, Missouri",http://www.linkedin.com/in/kristin-thorne333,https://app.apollo.io/#/people/64c7c3dfa8cfe70001e42fef
Kimberly,Dudley,Director of Operations,Advantage Merchant Systems LLC,advantagemerchantsystems.com,http://www.advantagemerchantsystems.com,"Lewisville, Texas",http://www.linkedin.com/in/kimberlyvdudley,https://app.apollo.io/#/people/62597db10e96bf00013ed8d7
Camille,Ledda,Director of Operations,The Wealth Boutique,thewealthboutique.com,http://www.thewealthboutique.com,"Chester, New Jersey",http://www.linkedin.com/in/camilleleddadirectorofoperations,https://app.apollo.io/#/people/57df7647a6da980b26439bc7
Tina,Molnar,Director of Operations,Teach Plan Retire,teachplanretire.com,http://www.teachplanretire.com,"Indianapolis, Indiana",http://www.linkedin.com/in/tina-molnar-teachplanretire,https://app.apollo.io/#/people/60c443eae6f01e00014aae92
Ashley,Wagner,Director of Insurance and Investment Operations,"Omni Wealth Management, Northwestern Mutual",omniwealthmanagementnorthwesternmutual.com,https://omniwealthmanagementnorthwesternmutual.com,"Boston, Massachusetts",http://www.linkedin.com/in/ashley-wagner-2528a3101,https://app.apollo.io/#/people/57e015faa6da980b4a0cf96e
John,Kellogg,Director of Operations,Provident Wealth Management,provident-wealth.com,http://www.provident-wealth.com,"Burlington, North Carolina",http://www.linkedin.com/in/johnlkellogg,https://app.apollo.io/#/people/5d6cfa98f6512586b7c74cba
Zachary,Stachowiak,Director of Operations,The 1972 Fund,the1972fund.com,http://www.the1972fund.com,"Austin, Texas",http://www.linkedin.com/in/zachary-a-stachowiak,https://app.apollo.io/#/people/612b94301509980001559011
Camila,Chiang,Director of Operations,Connect Wealth,connectwealthgroup.com,http://www.connectwealthgroup.com,"Washington, District of Columbia",http://www.linkedin.com/in/camila-chiang-44184a101,https://app.apollo.io/#/people/57e1cc8ca6da985737bc075b
Carrie,Wolak,Director of Operations,Cappelle Wealth Management,cappellewealthmanagement.com,https://cappellewealthmanagement.com,"Schaumburg, Illinois",http://www.linkedin.com/in/carrie-wolak-5101226,https://app.apollo.io/#/people/54a742e67468696220603124
Blake,McCorvey,Director of Operations,"Federal Employees Retirement Services, Inc.",federalemployeesretirementservices.com,http://www.federalemployeesretirementservices.com,"Atlanta, Georgia",http://www.linkedin.com/in/blakemccorvey,https://app.apollo.io/#/people/54a31ff074686930c2946c56
Jessica,Ringle,Director of Client Accounts and Operations,LaBarge Financial,labargefinancial.com,http://www.labargefinancial.com,"Crownsville, Maryland",http://www.linkedin.com/in/jessicaringle,https://app.apollo.io/#/people/57dd5fbaa6da987b2ca00ce3
Joshua,Wills,Director of Operations,O'Neill Asset Management,oneillassetmanagement.com,http://www.oneillassetmanagement.com,"Grand Rapids, Michigan",http://www.linkedin.com/in/joshgwills,https://app.apollo.io/#/people/5d3909b180f93e0df0cd5579
Christie,Hector,Director of Operations,"Dewey, McDonald & Carrillo, Inc.",dmcconsult.com,http://www.dmcconsult.com,"Fontana, California",http://www.linkedin.com/in/christie-hector-0a3717221,https://app.apollo.io/#/people/619c97a503a9ef000161dfbe
Jennifer,Albert,Client Relationship Manager & Operations Director,"Compass Financial Group, Inc.",compassfg.com,http://www.compassfg.com,"Dublin, Ohio",http://www.linkedin.com/in/jennifer-lm-albert,https://app.apollo.io/#/people/57de7d17a6da987ae494e5d0
Jonathan,Hancock,"Director, Trading Operations",Edwards Group of Wells Fargo Advisors,robedwardswealth.com,http://www.robedwardswealth.com,"Naples, Florida",http://www.linkedin.com/in/jonathanphancock,https://app.apollo.io/#/people/5ae65214a6da98d449794b07
Erin,Sanders,Director of Operations/Loan Processor,Arrow Home Loans | NMLS 2773262,arrowhomeloans.com,http://www.arrowhomeloans.com,"Portland, Oregon",http://www.linkedin.com/in/erin-sanders-072b83122,https://app.apollo.io/#/people/5d6b5691f65125eda229760b
Matthew,Anderson,Director of Operations,Tax Advocate Group,taxadvocategroup.com,http://www.taxadvocategroup.com,"Los Angeles, California",http://www.linkedin.com/in/matthew-anderson-b1b9b034,https://app.apollo.io/#/people/5e7dc207e2098f00014c5aa5
Thomas,Cary,Director of Operations,DJM Financial | Northwestern Mutual Private Client Group,djmfinancial.com,http://www.djmfinancial.com,"Los Angeles, California",http://www.linkedin.com/in/tcary,https://app.apollo.io/#/people/54a121d269702d918c9fbc02
Jeremy,Toothman,Director of Business Operations,Main Street Financial Group,mainstreetfinancial.info,http://www.mainstreetfinancial.info,"Atlanta, Georgia",http://www.linkedin.com/in/jeremy-toothman-b254a2122,https://app.apollo.io/#/people/57d3ac00a6da9853beca4d47
Madeline,Magruder,Director of Operations,Moreno Capital,morenocapital.co,http://www.morenocapital.co,"Hallandale Beach, Florida",http://www.linkedin.com/in/madeline-magruder-438a0b260,https://app.apollo.io/#/people/64a707cd936cf00001179172
Jennifer,Benson,Operations Director,"Insight CPAs & Financial, PLLC",insightcpasfinancialpllc.com,http://www.insightcpafinancial.com,United States,http://www.linkedin.com/in/jennifer-benson-52684685,https://app.apollo.io/#/people/5ad7cc90a6da98e3def625af
Lauren,Pettersen,Director of Operations,Monument Financial Group Boston,monumentfinancialgroupboston.com,https://monumentfinancialgroupboston.com,"Boston, Massachusetts",http://www.linkedin.com/in/lauren-pettersen-12422545,https://app.apollo.io/#/people/54a7a9da7468696de7621e4a
Alana,Smith,Senior Director of Operations,Artistry Wealth Management,artistrywealthmanagement.com,https://artistrywealthmanagement.com,"Brookfield, Wisconsin",http://www.linkedin.com/in/alana-smith-32ab5a50,https://app.apollo.io/#/people/615be211c32d21000172a8e3
Sydnee,Kozberg,Director of Operations,Bluestone Wealth Partners,bluestonewp.com,http://www.bluestonewp.com,"Columbus, Ohio",http://www.linkedin.com/in/sydnee-kozberg-493296bb,https://app.apollo.io/#/people/6513dc58e4cc80000106e3dd
Ryan,Koziol,Director of Operations,CAVU Wealth Partners,cavuwealthpartners.com,https://cavuwealthpartners.com,"Chicago, Illinois",http://www.linkedin.com/in/ryan-koziol-8a6031193,https://app.apollo.io/#/people/68cf7c6d90bc890001367cfd
Jenifer,Castellano,Director of Investment Operations,Heirloom Advisors,heirloomadvisors.com,http://www.heirloomadvisors.com,"North Carolina, US",http://www.linkedin.com/in/jenifer-castellano-cima%c2%ae-cfp%c2%ae-59637236,https://app.apollo.io/#/people/66ddba8de974390001d3e969
Laura,Mount,Director of Operations,Prince Financial Services,princefinancial.com,https://princefinancial.com,"Seattle, Washington",http://www.linkedin.com/in/laura-mount-1a4b5a3,https://app.apollo.io/#/people/54a52dc77468692fa2f88a83
Ilana,Rosenberg,Director of Finance and Operations,Chosen Family Office,chosenfamilyoffice.com,http://www.chosenfamilyoffice.com,"Richmond, Virginia",http://www.linkedin.com/in/ilana-rosenberg-079a78201,https://app.apollo.io/#/people/61385698a26a7500012b8425
Debbie,Romans,Director of Operations and Small Business Services,"H A Beasley & Company, PLC",habeasley.net,http://www.habeasley.net,"Murfreesboro, Tennessee",http://www.linkedin.com/in/debbie-romans-67287035,https://app.apollo.io/#/people/54a2a5207468693fda849a32
Emily,Misener,Director of Wealth Management Operations,Accel Wealth Management,accelwealthmanagement.com,http://www.accelwealthmanagement.com,"Cedar Rapids, Iowa",http://www.linkedin.com/in/emily-misener,https://app.apollo.io/#/people/60376d52f92ecf0001ccb433
Lauren,Isaacson,"Director of Operations, VP & Wealth Planning Associate",Stelvio Private Wealth,stelviowp.com,http://www.stelviowp.com,"San Francisco, California",http://www.linkedin.com/in/lauren-isaacson-27393417b,https://app.apollo.io/#/people/5e6b6302d365630001390aa4
Julie,Lyons,Director of Operations,Oak Harbor Wealth Partners,oakharborwealthpartners.com,https://oakharborwealthpartners.com,"North Carolina, US",http://www.linkedin.com/in/julie-lyons-43061035,https://app.apollo.io/#/people/5c33b2d6f65125be42dca6fc
Nicole,Rimsza,Wealth Advisor & Director of Operations,Sunstone Wealth Management,sunstonewealthmanagement.com,http://www.sunstonewealthmanagement.com,"Scottsdale, Arizona",http://www.linkedin.com/in/nicole-rimsza-cfp%c2%ae-aams%c2%ae-11a820125,https://app.apollo.io/#/people/628dae562cc3bd00012480ee
Hollie,O'Shields,Director of Operations/Client Relationship Manager,Jeter Hrubala Wealth Strategies,bethhrubala.com,http://www.bethhrubala.com,"South Carolina, US",http://www.linkedin.com/in/hollie-o-shields-aams%e2%84%a2-83037043,https://app.apollo.io/#/people/6610e1d138135a0007ba6854
Dave,Lingel,Director of Planning and Investment Operations,Anchor Financial Partners- Northwestern Mutual,anchorfinancialpartners.com,http://www.anchorfinancialpartners.com,"Marietta, Georgia",http://www.linkedin.com/in/davelingel,https://app.apollo.io/#/people/55709eb4736964215fa70b00
Michele,Reuter,Director of Operations,Heritage Planning Partners,heritageplanningpartners.com,https://heritageplanningpartners.com,"Bartlett, Illinois",http://www.linkedin.com/in/michelereuter,https://app.apollo.io/#/people/54a3a9ec7468692fa24fd008
Emily,Daniel,Director of Operations,Johnson & Brannen Advisory Group,johnsonbrannenadvisory.com,https://johnsonbrannenadvisory.com,"Athens, Georgia",http://www.linkedin.com/in/r-emily-wolfe-daniel-3ba89248,https://app.apollo.io/#/people/60c34edf27191f0001f00815
Dee,Hurd,Director of Operations,WestPark Financial®,westparkfinancial.com,https://westparkfinancial.com,"Chesterfield, Virginia",http://www.linkedin.com/in/dee-hurd-358604240,https://app.apollo.io/#/people/65e97ac4b5d4420007605420
Maria,Michaud,Director of Operations,"Encompass Group, LLC",encompass-group.com,http://www.encompass-group.com,"Suffield, Connecticut",http://www.linkedin.com/in/maria-michaud-724588345,https://app.apollo.io/#/people/6a790c2d5db7e400010c14b8
Robert,Francis,Director of Trading Operations,Wealth Intelligently Navigated,winwealthadvisors.com,http://www.winwealthadvisors.com,"New York, New York",http://www.linkedin.com/in/robert-francis-6341a652,https://app.apollo.io/#/people/5ae43435a6da98d2c5f66125
Eliza,Mino,Director of Insurance Operations & Client Relations,Grindstone Wealth Management,grindstonewealthmanagement.com,https://grindstonewealthmanagement.com,"San Juan Capistrano, California",http://www.linkedin.com/in/eliza-kinnealey,https://app.apollo.io/#/people/664e1dc923e91a0001ed1f69
Jake,Sonne,Director of Marketing and Business Operations,Peak Wealth Management,peakwealthmanagement.com,https://peakwealthmanagement.com,"Salt Lake City, Utah",http://www.linkedin.com/in/jdsonne,https://app.apollo.io/#/people/5f9ee797e2861500016d75b2
Eric,Kratty,Director of Operations & Vice President,"World Class Unlimited, Inc",wcunlimited.com,http://www.wcunlimited.com,"Kansas City, Missouri",http://www.linkedin.com/in/erickratty,https://app.apollo.io/#/people/66f5ec29adcaf400014a54a5
Jessica,McAdam,Director of Operations - Northwestern Mutual,Four Oak Financial,fouroakfinancial.com,https://fouroakfinancial.com,United States,http://www.linkedin.com/in/jessica-mcadam-7b104544,https://app.apollo.io/#/people/54aaa150746869037735530f
Theresa,Cooper,"Director of Operations, PWM Financial Advisor, RJFS",Patton Wealth Management,pattonwealthmgt.com,http://www.pattonwealthmgt.com,"Toledo, Ohio",http://www.linkedin.com/in/theresarcooperchfc,https://app.apollo.io/#/people/66fcb235c64b740001fe69ed
Kim,Davis,Director of Client Operations,BlueBird Advisory,bluebirdadvisory.com,http://www.bluebirdadvisory.com,"Hurricane, Utah",http://www.linkedin.com/in/kim-davis-37829358,https://app.apollo.io/#/people/5e6d65eacc8f1e0001a11630
Lauren,Behrens,Director of Operations,"The Legacy Group, Inc.",thelegacygroupinc.com,https://thelegacygroupinc.com,"Baltimore, Maryland",http://www.linkedin.com/in/lauren-behrens-88a42a102,https://app.apollo.io/#/people/564a2699a6da980b14014735
Eva,Grzynkowicz,"Director of Operations, Mortgage Specialist",ClearPath Financial LLC,cpathfinancial.com,http://www.cpathfinancial.com,"Barrington, Illinois",http://www.linkedin.com/in/eva-grzynkowicz-4140a912a,https://app.apollo.io/#/people/60de96fa5ec2680001e1d334
Melissa,Harris,Director of Operations,Strategic Wealth Partners of Colorado,mystrategicwealth.com,http://www.mystrategicwealth.com,"Orchard City, Colorado",http://www.linkedin.com/in/melissa-chastain-harris-6145851b,https://app.apollo.io/#/people/54a40da0746869320926f428
Shawn,Hofland,Director of Operations and Compliance,Desert Financial Wealth Management,desertfinancialwealthmanagement.com,https://desertfinancialwealthmanagement.com,"Phoenix, Arizona",http://www.linkedin.com/in/shawnhofland,https://app.apollo.io/#/people/60a64ca09d3e930001967954
Justin,Kaufman,Director of Client Services and Operations,Hightower Omaha,hightoweromaha.com,https://hightoweromaha.com,"Omaha, Nebraska",http://www.linkedin.com/in/juskauf,https://app.apollo.io/#/people/687bdaa2ac13aa0001509c76
Julia,Boamah,Director of Operations,Hapanowicz Financial,hapfinancial.com,http://www.hapfinancial.com,"Oakdale, Pennsylvania",http://www.linkedin.com/in/julia-boamah-809096121,https://app.apollo.io/#/people/6744d77c6a07be000112d273
Heather,Wilson,Director of Operations,EPIC Holistic Partners,epicholisticpartners.com,http://www.epicholisticpartners.com,"Phoenix, Arizona",http://www.linkedin.com/in/heather-wilson-782aa9203,https://app.apollo.io/#/people/64104db004aefc0001b64b8e
Michele,Cramer,Director of Operations,"CoActive Wealth Strategists, LLC",coactivewealthstrategists.com,http://www.coactivewealthstrategists.com,"Reading, Pennsylvania",http://www.linkedin.com/in/michele-cramer-51110312,https://app.apollo.io/#/people/54a5aea47468692abf4aaca0
Lisa,Taylor,Director of Operations,Crescent Financial Group,crescentfinancial.ca,http://www.crescentfinancial.ca,"Lexington, South Carolina",http://www.linkedin.com/in/lisa-taylor-581ba071,https://app.apollo.io/#/people/5ac20d6fa6da981d52e5e653
Sarah,Howington,Director of Client Operations & Executive Assistant,New City Family Office,newcityfamilyoffice.com,http://www.newcityfamilyoffice.com,"Myrtle Beach, South Carolina",http://www.linkedin.com/in/sarah-howington-73988b132,https://app.apollo.io/#/people/6717457e8171df00017c24a4
Greg,Rando,Director of Operations,"POM RECOVERIES, INC.",pomr.com,http://www.pomr.com,"Lindenhurst, New York",http://www.linkedin.com/in/greg-rando-98217b1a,https://app.apollo.io/#/people/54a5da917468692abf0326ae
Tosha,Thompson,Director of Operations,"Fidant Wealth Partners, A private wealth advisory practice of Ameriprise Financial Services, LLC.",fidantwealthpartners.com,http://www.fidantwealthpartners.com,"Fort Mitchell, Kentucky",http://www.linkedin.com/in/tosha-thompson-bfa%e2%84%a2-860933166,https://app.apollo.io/#/people/63173e31f03fcc0001751fb6
Rebecka,Kelley,Director of Investment Operations and Services,The Atrium Financial Group,theatriumfinancial.com,https://theatriumfinancial.com,"Albany, New York",http://www.linkedin.com/in/rebeckakelley,https://app.apollo.io/#/people/61567e3224fc5c00015af26f
Cathy,Colbert,Director of Operations,"REIT Investment Group, LLC",reitinvestmentgroup.com,http://www.reitinvestmentgroup.com,"Nashville, Tennessee",http://www.linkedin.com/in/ccolbert,https://app.apollo.io/#/people/54a60e5774686938ac4eaebe
Amanda,Aragona,Director of Operations,Capital Income Advisors,capitalincomeadvisors.com,http://www.capitalincomeadvisors.com,"California, US",http://www.linkedin.com/in/amandaaragona,https://app.apollo.io/#/people/5b305b55a6da98eb603f68bf
Andrea,Bell,Director of Sales & Operations,"IPayment Protected, Inc.",ipaymentprotected.com,http://www.ipaymentprotected.com,"Jackson, Tennessee",http://www.linkedin.com/in/andrea-bell-675086178,https://app.apollo.io/#/people/61a021f546f7b700015e6c33
Yeon,Thomas,Director of Operations,Waller & Wax Advisors Inc.,wallerandwax.com,http://www.wallerandwax.com,"Tampa, Florida",http://www.linkedin.com/in/yeon-thomas,https://app.apollo.io/#/people/54a474bf746869320919e848
Angela,Salestrom,Director of Operations / Lifetime Financial Solutions,Lifetime Financial Solutions,lifetimefinancialsolutions.co.uk,http://www.lifetimefinancialsolutions.co.uk,United States,http://www.linkedin.com/in/angela-salestrom-172021a0,https://app.apollo.io/#/people/54a76887746869730a890932
Shawn,McLallen,Director of Operations,Verity Investment Management,verityim.com,http://www.verityim.com,"San Antonio, Texas",http://www.linkedin.com/in/shawn-mclallen,https://app.apollo.io/#/people/57d87108a6da987857810755
Logan,Keefe,Director of Operations,BirdRock Funding,birdrockfunding.com,http://www.birdrockfunding.com,"San Marcos, California",http://www.linkedin.com/in/logan-keefe-095056122,https://app.apollo.io/#/people/57d7769aa6da984f863932e5
Laurie,Foley,Director of Service Operations,Payflex,payflex.co.za,http://www.payflex.co.za,"Omaha, Nebraska",http://www.linkedin.com/in/laurie-foley-2a77916,https://app.apollo.io/#/people/54aa58417468692366e53101
Caroline,Abernathy,Director of Operations,DeltaWealthServices,deltawealthservices.com,http://www.deltawealthservices.com,"Shelby, North Carolina",http://www.linkedin.com/in/caroline-abernathy-mba-19118718a,https://app.apollo.io/#/people/66f9884411be6100017c9bf6