First Name,Last Name,Title,Company,Company Domain,Website Link,Location,Person Linkedin Url,Apollo Profile Url
William,Mitcheson,DevOps Engineer,First American,firstamerican.com,https://firstamerican.com,"Melbourne, Florida",http://www.linkedin.com/in/liam-mitcheson,https://app.apollo.io/#/people/61f50c45e9a4d50001e9e0f0
Luis,Martinez,Security Engineer,WAO Fintech,wao.net,https://wao.net,"Oxnard, California",http://www.linkedin.com/in/luis-martinez-596aab108,https://app.apollo.io/#/people/5b2e8bc0a6da982c839af719
Thomas,Garvey,President,LCR Wealth Management,lcrwealth.com,http://www.lcrwealth.com,"Wilton, Connecticut",http://www.linkedin.com/in/thomas-garvey,https://app.apollo.io/#/people/66f401877d3ca20001f98342
David,Donato,Director/ Financial Adviser,Strategic Financial Planning,strategicfinancialplanning.com,https://strategicfinancialplanning.com,"Tasmania, Australia",http://www.linkedin.com/in/david-donato-a6080b81,https://app.apollo.io/#/people/670017c17b229a0001613fb3
Bushra,Chaudhry,Team Leader- Client Service Manager,Proxima Financial Planning,proximafg.com.au,http://www.proximafg.com.au,"Adelaide, Australia",http://www.linkedin.com/in/bushra-chaudhry-0b62b432,https://app.apollo.io/#/people/54a3830b7468692abf3be300
Lauren,Exelby,Team Leader - Client Services,Stream Financial,streamfinancial.com.au,http://www.streamfinancial.com.au,Australia,http://www.linkedin.com/in/lauren-exelby-6a6b47151,https://app.apollo.io/#/people/67003dd1dafc4100011e0779
Jon,Samide,Lead Commodity Leader,MONETA Money Bank,moneta.cz,http://www.moneta.cz,"Tampa, Florida",http://www.linkedin.com/in/jon-samide-a877696,https://app.apollo.io/#/people/54a4bb7f746869367607de5e
Julia,Dean,Managing Partner & Strategic Leader,SUIG CPAs & Advisors,suigco.com,http://www.suigco.com,"Cleveland, Ohio",http://www.linkedin.com/in/deanjulia,https://app.apollo.io/#/people/54a5643b74686938acf49294
Matthew,Schoeppe,Trusted Benefits Leader,Wilson Partners,wilson-partners.co.uk,http://www.wilson-partners.co.uk,"Troy, Michigan",http://www.linkedin.com/in/matthew-schoeppe,https://app.apollo.io/#/people/60914ae9f810480001e12aef
Mohamed,Harb,Senior Microfinance Team Leader,AMAN Holding,aman.eg,http://www.aman.eg,"Arab, Alabama",http://www.linkedin.com/in/mohamed-harb-7193a0220,https://app.apollo.io/#/people/63ea1239635d380001f98b78
Kaden,Emery,People Leader,Smart Financial,smartfinancial.com.au,http://www.smartfinancial.com.au,"Wollongong, Australia",http://www.linkedin.com/in/kaden-emery-6b288051,https://app.apollo.io/#/people/66fdc4e6e5870200016cbd9f
John,Kadala,SVP Commercial Banking Market Team Leader North Dallas,Bank of Texas,bankoftexas.com,https://bankoftexas.com,"McKinney, Texas",http://www.linkedin.com/in/john-r-kadala-mba-mjur,https://app.apollo.io/#/people/6742afdc0ff4110001321a5e
Ravi,Misra,Healthcare Leader,Truist Securities,truistsecurities.com,https://suntrust.com,"New York, New York",http://www.linkedin.com/in/ravi-misra-8436724,https://app.apollo.io/#/people/54a484127468692cf0f88c4d
Narender,Saharan,Business Development Leader,kandid financial service,kandidloans.com.au,http://www.kandidloans.com.au,"Sydney, Australia",http://www.linkedin.com/in/narender-saharan-17198078,https://app.apollo.io/#/people/5e0e79863ab54800016f4c5a
Michelle,Mantovani,Business Success Team Leader,Pay4Fun Instituição de Pagamento S.A,p4f.com,http://www.p4f.com,"Narrabeen, Australia",http://www.linkedin.com/in/michelle-mantovani,https://app.apollo.io/#/people/680d1a03b78aa800016e6614
Caroline,Ward,Paraplanning Team Leader,Catapult Wealth,catapultwealth.com.au,http://www.catapultwealth.com.au,"Adelaide, Australia",http://www.linkedin.com/in/caroline-ward-b0666a39,https://app.apollo.io/#/people/5c5e587a80f93edde5209cc5
Chloe,Dunderdale,Team Leader - Payments,People First Bank,peoplefirstbank.com.au,https://peoplefirstbank.com.au,"Highbury, Australia",http://www.linkedin.com/in/chloe-dunderdale-2b414b17b,https://app.apollo.io/#/people/5e7d119386f91f0001ef50b5
Jamie,Schneider,Human Resources Leader,Socium Advisors,sociumadvisors.com,https://sociumadvisors.com,"St. Louis, Missouri",http://www.linkedin.com/in/jwschneider,https://app.apollo.io/#/people/66fabf73bb67e20001a5682e
Lee,Cdlp,Leader TLC Group,Canopy Mortgage TLC-Group,canopymortgagetlcgroup.com,https://canopymortgagetlcgroup.com,"Austin, Texas",http://www.linkedin.com/in/loveyourrate,https://app.apollo.io/#/people/54c18d4a7468697af7b7f920
Richard,Norris,Member Firm Leader,Valuation Research Global,vrg.net,http://www.vrg.net,"Sydney, Australia",http://www.linkedin.com/in/richard-norris-2482bb27,https://app.apollo.io/#/people/54a710a87468696220bc0112
David,Bartels,President/Sales Leader/Mortgage Professional,"1st Colorado Mortgage Solutions, Inc.",fcmortgagesolutions.com,http://www.fcmortgagesolutions.com,"Cheyenne, Wyoming",http://www.linkedin.com/in/davidbartels621,https://app.apollo.io/#/people/66f181aee60e19000153fc56
Kayleigh,Baker,Team Leader/ Paraplanner,Future Paraplanning,futurepp.com.au,http://www.futurepp.com.au,"Gold Coast, Australia",http://www.linkedin.com/in/kayleigh-baker,https://app.apollo.io/#/people/63551e0994482a0001cf0aaf
Yasamin,Beitollahi,Sales Leader,Lendvia Financial,lendvia.com,http://www.lendvia.com,"Irvine, California",http://www.linkedin.com/in/yasaminbeitollahi,https://app.apollo.io/#/people/54a3396474686930c25bc75d
McEsario,Cesario,Clinical Unit Leader,Metropolitan,metropolitan.co.za,https://metropolitan.co.za,"Oriskany, New York",http://www.linkedin.com/in/mcesario-cesario-9a4b4217,https://app.apollo.io/#/people/54a49bef74686938ac795355
Sheldon,Smith,"Team Leader, Client Engineering and Support",UWMC,uwmc.com,https://uwmc.com,"West Bloomfield Township, Michigan",http://www.linkedin.com/in/sheldon-smith-233ba6124,https://app.apollo.io/#/people/6666337ad8c6db00012026fc
Katsumi,Sakamoto,Retention Team Leader,GCC7 Services ltd. Malta,gcc7-services.com,http://www.gcc7-services.com,"Saint Pauls, North Carolina",http://www.linkedin.com/in/katsumi-sakamoto-0a732443,https://app.apollo.io/#/people/54a2b95a7468693fda87fd37
David,Evans,Client Executive & Practice Leader,Premier Network,premier.network,http://www.premier.network,"Liberty, Missouri",http://www.linkedin.com/in/davidmevanskc,https://app.apollo.io/#/people/5aae6ff7a6da98c4598bc4d3
Rachael,Bell,Director of Operations & Experience Leader,Palmieri & Shannahan,palmierishannahan.com,https://palmierishannahan.com,"Baltimore, Maryland",http://www.linkedin.com/in/rachael-bell-clf%c2%ae-b9885b133,https://app.apollo.io/#/people/60471cc0dc4c020001998d2f
Martha,Kelley,Finance Leader,"JP Latz Advisors, LLC",jplatzadvisors.com,http://www.jplatzadvisors.com,"Atlanta, Georgia",http://www.linkedin.com/in/martha-nelson-kelley,https://app.apollo.io/#/people/54a50e4a7468692fa2ff9f79
Erick,Gutierrez,Transaction Advisory Services Leader,Transaction Strategist,transactionstrategist.com,http://www.transactionstrategist.com,"Chicago, Illinois",http://www.linkedin.com/in/erick-gutierrez-b2b35126,https://app.apollo.io/#/people/5e631987cb252a0001e4859d
John,Ragland,Executive Team Member | East Division Leader,Supreme Lending Southeast Region,supremebest.com,http://www.supremebest.com,"Atlanta, Georgia",http://www.linkedin.com/in/john-ragland-jr-065a3420b,https://app.apollo.io/#/people/6106239d02748e00015823a8
Tania,Prosser,Senior Team Leader,MotoNovo Finance,motonovofinance.com,https://motonovofinance.com,"Newport, Rhode Island",http://www.linkedin.com/in/tania-prosser-cert-dc-fsre-2528a0ab,https://app.apollo.io/#/people/66ff87bd3f12c90001eed150
Kirsen,Doolittle,Director,Tamarisk Family Office,tamariskfamilyoffice.com,http://www.tamariskfamilyoffice.com,"Holland, Michigan",http://www.linkedin.com/in/kirsen-doolittle-ctfa-9b285ab,https://app.apollo.io/#/people/66fa633869f3ce000115e25c
Tasha,Ferguson,Asst Manager,Alpine Bank Illinois,alpinebankillinois.com,https://alpinebankillinois.com,"Belvidere, Illinois",http://www.linkedin.com/in/tasha-ferguson-a98b5570,https://app.apollo.io/#/people/63414f9d73767a0001752055
Sara,Warntz,Director of Client Services,Topsail Wealth Management,topsailwealthmanagement.com,http://www.topsailwealthmanagement.com,United States,http://www.linkedin.com/in/sara-warntz-cfp%c2%ae-495072244,https://app.apollo.io/#/people/641235e869410c0001bae6a0
Mike,Parsons,Family Office Advisor,Capital Family Office,capital-fo.com,http://www.capital-fo.com,"Atlanta, Georgia",http://www.linkedin.com/in/mike-parsons-cfa-capital-fo,https://app.apollo.io/#/people/685ef3e3f3189300011050d0
Kevin,McCluskey,CEO and Director of Investments at Castle Island Family Office,Castle Island Family Office,castleislandfamilyoffice.com,http://www.castleislandfamilyoffice.com,"North Palm Beach, Florida",http://www.linkedin.com/in/kevin-mccluskey-789454195,https://app.apollo.io/#/people/5e64dd07901d330001f8643e
Sharen,McFaull,Credit Manager,Aorangi Debt Collection,aorangi-debt.co.nz,https://aorangi-debt.co.nz,"Canterbury, New Zealand",http://www.linkedin.com/in/sharen-mcfaull-1609481b2,https://app.apollo.io/#/people/62ec2abe14f43d0001e445f1
Michael,Li,Freelance Developer,ARTA TechFin Corporation Limited,artatechfin.com,http://www.artatechfin.com,"Seattle, Washington",http://www.linkedin.com/in/michael-li-7b686724,https://app.apollo.io/#/people/61445ce59a766d00011f978e
German,Ramirez,Managing Director & Founder,CERTA FINANCIAL PLANNING,certaplanning.com,http://www.certaplanning.com,"Miami, Florida",http://www.linkedin.com/in/german-m-ramirez-cfp%c2%ae-26938014,https://app.apollo.io/#/people/66f8e7f50f76600001169397
Sara,Dell,Director of Mortgage Compliance,Renasant Mortgage Lending,renasantmortgagelending.com,https://renasantmortgagelending.com,"Alpharetta, Georgia",http://www.linkedin.com/in/sara-dell-036aa94,https://app.apollo.io/#/people/60cc3f067b3f6f00018f2926
Neven,Vidakovic,Member of the Management Board,Escont Partners,escontpartners.hr,http://www.escontpartners.hr,United States,http://www.linkedin.com/in/neven-vidakovi%c4%87-phd-42026748,https://app.apollo.io/#/people/5aa60482a6da98fe3ee8c57c
Yahaya,Maikori,Member Board of Directors,VFD MICROFINANCE BANK,vbank.ng,http://www.vbank.ng,"Atlanta, Georgia",http://www.linkedin.com/in/yahaya-maikori-59840b2b,https://app.apollo.io/#/people/67cedc489449f10001d69c22
Beth,Porter,Founding Board Member and Executive Committee Member,CRECER IFD - Institución Financiera de Desarrollo,crecerifd.bo,http://www.crecerifd.bo,"New York, New York",http://www.linkedin.com/in/beth-porter-8b57a65,https://app.apollo.io/#/people/54a6254a74686936768662c5
Reece,Gregory,Engineering Project Manager,NEXUS MINING,nexusminingltd.com,http://www.nexusminingltd.com,"Sydney, Australia",http://www.linkedin.com/in/reece-gregory-aa36a7a0,https://app.apollo.io/#/people/54a9e2f1746869334a55371b
Gogo,Angel,Eputy CFO,CASH Financial Services Group Limited,com.hk,http://www.cfsg.com.hk,"New York, New York",http://www.linkedin.com/in/gogo-angel-827563272,https://app.apollo.io/#/people/6607eda8499433000754bd57
Cindy,Settina,CFO,RetireRight Pittsburgh,retirerightfp.com,https://retirerightfp.com,"Pittsburgh, Pennsylvania",http://www.linkedin.com/in/cindy-settina-776a83124,https://app.apollo.io/#/people/57d415afa6da9853ce92fb98
Pam,Smith,CFO,Century Finance,centuryfinance.ch,http://www.centuryfinance.ch,"Rocky Mount, North Carolina",http://www.linkedin.com/in/pam-smith-3637957,https://app.apollo.io/#/people/557139ba7369645005371b00
Michelle,Baird,CFO,"Tectonic Financial, Inc.",t.financial,http://www.t.financial,United States,http://www.linkedin.com/in/michelle-baird-cpa-0409a053,https://app.apollo.io/#/people/60f00389c56550000167a5f3
Nicholas,Murray,External CFO Consultant,Numera,numerafinance.com,http://www.numerafinance.com,"Brisbane, Australia",http://www.linkedin.com/in/nicholas-murray-277638123,https://app.apollo.io/#/people/614d7e13d4841f00015b972f
Turner,Symonds,CFO and Financial Advisor,Symonds Wealth Management,symondswealthmanagement.com,http://www.symondswealthmanagement.com,"Dallas, Texas",http://www.linkedin.com/in/tsymonds21,https://app.apollo.io/#/people/5f507db3fcedd800019d46e3
David,Grzybowski,CFO,A&E Financial Services LLC,aefinancialservicesllc.com,http://www.aefinancialservicesllc.com,"Fort Lauderdale, Florida",http://www.linkedin.com/in/david-grzybowski-035b1651,https://app.apollo.io/#/people/54a235ab7468693cddea3516
Kevin,Brice,VP of Business Development,CFO Resources,cfo-resources.com,http://www.cfo-resources.com,"Hillsborough Township, New Jersey",http://www.linkedin.com/in/kevin-brice-aa5357b,https://app.apollo.io/#/people/6857e16df3e3b10001fae45f
Tobi,Mobley,CFO,Cornerstone Accounting Solutions,csafin.com,http://www.csafin.com,"Savannah, Georgia",http://www.linkedin.com/in/tobi-mobley-38567139,https://app.apollo.io/#/people/66ed4508c4dc680001db42a4
James,Bohan,"Founder, CFO",Stonehan,stonehan.com,http://www.stonehan.com,"Spokane, Washington",http://www.linkedin.com/in/jamesdbohan,https://app.apollo.io/#/people/54a8b06b7468693399470704
John,Lee,CFO,"Pinnacle Asset Management Group, Inc",planwithpamg.com,http://www.planwithpamg.com,"New York, New York",http://www.linkedin.com/in/john-lee-13399930,https://app.apollo.io/#/people/5abc60c9a6da98405a646608
Kristen,Engeron,Co-Founder,Dynamic Tax & CFO,dynamictaxcfo.com,http://www.dynamictaxcfo.com,"Houma, Louisiana",http://www.linkedin.com/in/kristen-engeron-25271438,https://app.apollo.io/#/people/57da07a6a6da9876007e1f42
Jason,Gold,"CFO, Partner",ARC Wealth Management,awmnyc.com,http://www.awmnyc.com,"New York, New York",http://www.linkedin.com/in/jasonegold,https://app.apollo.io/#/people/5ad3fa01a6da98683ec406c5
Nathan,Imboden,CEO and Personal CFO,Boden Wealth,bodenwealth.com,http://www.bodenwealth.com,"Lemoyne, Pennsylvania",http://www.linkedin.com/in/nathanimboden,https://app.apollo.io/#/people/66dfbf8ba0718600013d66dc
Gerdus,Buitendag,Director,Seed CFO,seedcfo.com.au,http://www.seedcfo.com.au,"Caulfield North, Australia",http://www.linkedin.com/in/gerdus-buitendag-56008453,https://app.apollo.io/#/people/60de5d5e72756d000192385c
Rowena,Hofman,Consulting CFO,"JML Hofman Consulting & Financial Services, Inc.",jmlhofman.com,http://www.jmlhofman.com,"Los Angeles, California",http://www.linkedin.com/in/rowena-hofman-97122713,https://app.apollo.io/#/people/60a66a5b00898d0001b1fa3e
MY,Marvi,Virtual CFO,MYM Accounting & Business Consultancy,mymconsultancy.com.au,http://www.mymconsultancy.com.au,"Wentworth Point, Australia",http://www.linkedin.com/in/mym-accounting-business-consultancy,https://app.apollo.io/#/people/6722d003d284750001623996
Juan,Bohorquez,CFO & Co-Founder,Key Capital Colombia,keycapital.co,http://www.keycapital.co,"Davenport, Florida",http://www.linkedin.com/in/juan-c-bohorquez-2b605b188,https://app.apollo.io/#/people/67460d0016429c0001fa8f35
Anthea,Austin,CFO | Fractional CFO,Clear Margin Consulting,clearmarginconsulting.com,http://www.clearmarginconsulting.com,Australia,http://www.linkedin.com/in/antheaaustin,https://app.apollo.io/#/people/62ec8d2df205040001ecb427
Ivyson,Nova,CFO l Compliance Officer,Options & Company,optionsco.com.br,http://www.optionsco.com.br,United States,http://www.linkedin.com/in/ivysonvilanova,https://app.apollo.io/#/people/54a53b3b7468692fa2dbef87
Riochi,Giles,Fractional CFO,Giles Financial Consulting,gilesfc.com,http://www.gilesfc.com,"Houston, Texas",http://www.linkedin.com/in/riochi,https://app.apollo.io/#/people/54aacbd374686903775b8019
Robert,Millar,CFO,MAP Capital,mapcapital.com,https://mapcapital.com,"Melbourne, Australia",http://www.linkedin.com/in/robamillar,https://app.apollo.io/#/people/5c485428f651256c75aadebc
Katarina,Mrvaljevic,CFO and Finop,Galileo Global Securities LLC,galileoglobalsecurities.com,https://galileoglobalsecurities.com,"New York, New York",http://www.linkedin.com/in/katarina-m-33aaa8a,https://app.apollo.io/#/people/61f7e2451e1d280001bc083d
Michael,Peters,CFO,WT Financial Group (ASX:WTL),wtfglimited.com,http://www.wtfglimited.com,"Sydney, Australia",http://www.linkedin.com/in/michael-peters-33142141,https://app.apollo.io/#/people/66f9a65183ba0c00015cfbe6
Fan,Zhang,CFO,Akulaku Group,akulakugroup.com,http://www.akulakugroup.com,"Singapore, Singapore",http://www.linkedin.com/in/fazhang,https://app.apollo.io/#/people/610ffa7846956500018c28a7
Michael,Marek,CFO,Cognient Group,cognient.com,https://cognient.com,"Chicago, Illinois",http://www.linkedin.com/in/michael-marek-34a78480,https://app.apollo.io/#/people/66f695323322240001403dd5
Trey,Reece,FVP - Correspondent CFO,SouthState Correspondent Division,southstatecorrespondent.com,http://www.southstatecorrespondent.com,"Atlanta, Georgia",http://www.linkedin.com/in/treyreece1,https://app.apollo.io/#/people/54a339db7468693cddd8a15d
Selena,Park,"CFO/Office Manager, Banking and Finance",Edge Lending Solutions,edge.net.au,http://www.edge.net.au,"Toowoomba, Australia",http://www.linkedin.com/in/selena-park,https://app.apollo.io/#/people/64730d6c26e7d5000183e910
Fabio,Vasconcellos,Partner / Co-Founder / CFO,4ON,be4on.com,http://www.be4on.com,"Alpharetta, Georgia",http://www.linkedin.com/in/fabio-vasconcellos,https://app.apollo.io/#/people/6359829e0df4430001f28935
Marcos,Perez,Executive Vice President/CFO,Vida Federal Credit Union,vidafcu.org,http://www.vidafcu.org,"Victorville, California",http://www.linkedin.com/in/marcos-perez-590762a5,https://app.apollo.io/#/people/67208897eeea5600019b1ddf
Katherine,Gaffney,Consulting CFO & Advisor,Startup CFOs,startupcfos.com,http://www.startupcfos.com,United States,http://www.linkedin.com/in/katherinegaffney,https://app.apollo.io/#/people/5ff9a1066b491d000159dc79
Yoshihide,Yamauchi,CFO,AIGF Advisors,aigfadvisors.com.sg,http://www.aigfadvisors.com.sg,"Singapore, Singapore",http://www.linkedin.com/in/yoshihide-yamauchi-97a021195,https://app.apollo.io/#/people/6841290f3ccdcc00011105b2
Jason,O'Reilly,Coo/cfo,DrawBridge Lending,dbl.digital,http://www.dbl.digital,"Chicago, Illinois",http://www.linkedin.com/in/jason-o-reilly-60315a22a,https://app.apollo.io/#/people/640f3b1b4e02490001ed2457
Palloma,Peterson,CFO and Treasurer,Nodal Brazil,nodalbrazil.com,http://www.nodalbrazil.com,"Baltimore, Maryland",http://www.linkedin.com/in/pallomapeterson,https://app.apollo.io/#/people/60b00de99bf8740001474e5e
Morgan,Moench,Strategic Finance & CFO Advisor,Analog Consulting Group,analogcg.com,http://www.analogcg.com,United States,http://www.linkedin.com/in/morganmoench,https://app.apollo.io/#/people/66f56c067dcff00001fbb76f
Jonathan,Grinnon,Fractional CFO,Fractional CFO USA,fcfousa.com,http://www.fcfousa.com,"Reston, Virginia",http://www.linkedin.com/in/jonathangrinnon,https://app.apollo.io/#/people/60face40af52630001b3f976
Brittany,D'Arcy,Partner,Fifth Quarter Partners,fifthquarterpartners.com,http://www.fifthquarterpartners.com,"New York, New York",http://www.linkedin.com/in/brittany-darcy,https://app.apollo.io/#/people/6542ea0b5c385d0001683a6d
John,Saltmarsh,Director - CFO,AJL Group,ajlgroup.co.za,http://www.ajlgroup.co.za,"Ulverstone, Australia",http://www.linkedin.com/in/john-saltmarsh-649619103,https://app.apollo.io/#/people/57da4ab8a6da984aa7c4d67f
Cody,Shoemaker,Fractional CFO | Financial Consultant | HZR Financial Partners,HZR Financial Partners,hzrpartners.com,http://www.hzrpartners.com,"Scottsdale, Arizona",http://www.linkedin.com/in/cody-shoemaker-hzr,https://app.apollo.io/#/people/5e643b80cdfd4b0001f3e174
Scott,Osborne,Financial Advisor / CFO of Odyssey Financial Advisors,Odyssey Financial Advisors,yourodyssey.com,http://www.yourodyssey.com,"Fort Mitchell, Kentucky",http://www.linkedin.com/in/scott-a-osborne-78235a31,https://app.apollo.io/#/people/54c2959c74686916398070ab
Scott,Lipka,CFO / Investment Adviser,Select Wealth Advisers,selectwealthadvisers.com,http://www.selectwealthadvisers.com,"Collierville, Tennessee",http://www.linkedin.com/in/scottlipka,https://app.apollo.io/#/people/54a290e97468692e718ad62c
Lowell,Mora,Fractional CFO,Impact CFO,impactcfo.net,http://www.impactcfo.net,"Chicago, Illinois",http://www.linkedin.com/in/lowellmora,https://app.apollo.io/#/people/60d60cd6dcf3140001f28af3
Steve,Koscik,Founder & Fractional CFO,Think CFO,thinkcfo.net,http://www.thinkcfo.net,"Clermont, Florida",http://www.linkedin.com/in/steve-koscik-cpa-mba,https://app.apollo.io/#/people/60de1249cf797b0001579fd7
Sam,Teoh,CFO/GM,Vield,vield.io,http://www.vield.io,"Adelaide, Australia",http://www.linkedin.com/in/samteoh,https://app.apollo.io/#/people/57dd50d7a6da987b45601f64
Eduardo,Carrasquilla,Chief Financial Officer (CFO),Quipu,com.co,http://www.quipu.com.co,United States,http://www.linkedin.com/in/eduardo-carrasquillla,https://app.apollo.io/#/people/628e55a63b036900017a7795
Wendy,Sheasby,"CPA, CFO",Branta,branta.co.uk,http://www.branta.co.uk,"Houston, Texas",http://www.linkedin.com/in/wendy-sheasby-9b4634109,https://app.apollo.io/#/people/57d34ac0a6da986578cc621d
Kris,Morris,Managing Partner & Fractional CFO,Arete CFO Partners,aretecfopartners.com,http://www.aretecfopartners.com,"Detroit, Michigan",http://www.linkedin.com/in/kjzmorris,https://app.apollo.io/#/people/60f5dfb1988bd10001921c8e
Mary,Brimer,GenX Wealth Advisor and Personal CFO,Ginger Green Financial,gingergreenfinancial.com,http://www.gingergreenfinancial.com,"Jamestown, Rhode Island",http://www.linkedin.com/in/marybrimer,https://app.apollo.io/#/people/66f8ac3e1cc13a0001f45b18
Lou,Gaffney,Virtual CFO - Guiding you Along a Clear Path to More Cash,Balanced Vintage CFO Services,balancedvintage.com,http://www.balancedvintage.com,"High Point, North Carolina",http://www.linkedin.com/in/louannegaffney,https://app.apollo.io/#/people/5ee3160f8183a20001c95565
Jim,Emmerson,Fractional CFO (part-time),Venture Growth Partners,vgpartners.io,http://www.vgpartners.io,"Oradell, New Jersey",http://www.linkedin.com/in/jim-emmerson-48595a10,https://app.apollo.io/#/people/604f74bf87eb41000183e3d8
Patrick,Walker,Founder,Blue Ridge CFO Group LLC,blueridgecfogroup.com,http://www.blueridgecfogroup.com,"Atlanta, Georgia",http://www.linkedin.com/in/patrick-walker-cpa-b95591173,https://app.apollo.io/#/people/67c00b3ccc19280001fb5f6e
Stuart,Wilson,Founder & Lead Finance Systems Architect | Fractional Controller & CFO,BlackpeakCFO,blackpeakcfo.com,http://www.blackpeakcfo.com,United States,http://www.linkedin.com/in/stuart-fractional-cfo,https://app.apollo.io/#/people/65fe9cb53585600006104a39
David,Glover,Chairman & Managing Partner,Wellspring Wealth,wellspringwealth.com,https://wellspringwealth.com,"Alpharetta, Georgia",http://www.linkedin.com/in/david-glover-851685222,https://app.apollo.io/#/people/65e084fe23a4a9000103d6b8
Amylou,Sarion,Office of The Chairman,Financo,financo.global,http://www.financo.global,"New York, New York",http://www.linkedin.com/in/amylou-sarion-77922520,https://app.apollo.io/#/people/54a7a1eb74686968297cfa46
Rian,Dartnell,Chairman of the Board,City of London Investment Group PLC (LSE:CLIG),clig.com,http://www.clig.com,"New York, New York",http://www.linkedin.com/in/rian-dartnell-b7702411,https://app.apollo.io/#/people/5adeb0aba3ae618e3c76b8f3
Neil,Aslin,Vice Chairman,PFGBEST,pfgbest.com,https://pfgbest.com,"Chicago, Illinois",http://www.linkedin.com/in/neil-aslin-7053904b,https://app.apollo.io/#/people/653db4a27df4c60001b8e2f8
Sam,Stillone,Chairman - Investment Committee,Esencia Wealth,esenciawealth.com.au,http://www.esenciawealth.com.au,"Sydney, Australia",http://www.linkedin.com/in/sam-stillone,https://app.apollo.io/#/people/5570a13c73696418a7d51000
Mariana,Castro,Executive Personal Assistant to President & Chairman,Confidential Single Family Office,tfoatx.com,https://tfoatx.com,United States,http://www.linkedin.com/in/l-mariana-castro-4464092a,https://app.apollo.io/#/people/5d5bcfce80f93edf07f201f8
Upmanyu,Misra,"Co-Chairman, Kutumb Group",Farmway,farmway.io,https://farmway.io,"New York, New York",http://www.linkedin.com/in/upmanyum,https://app.apollo.io/#/people/61dfba41abc9520001e4068c
Philipp,Kusche,Chairman of HCMA Europe & Global Co-Head of ILS,Howden Capital Markets & Advisory,howdencma.com,http://www.howdencma.com,"New York, New York",http://www.linkedin.com/in/philippkusche,https://app.apollo.io/#/people/54a406d47468693b8c1b3126
Sairee,Chahal,"Founder, Chairperson",Mahila Money,mahila.money,http://www.mahila.money,"Singapore, Singapore",http://www.linkedin.com/in/sairee,https://app.apollo.io/#/people/66f4f7a105a4ea0001905179
Michael,Piccoli,Founder,Shift Financial Planning,shiftfp.io,http://www.shiftfp.io,"West Palm Beach, Florida",http://www.linkedin.com/in/michaelpiccoli,https://app.apollo.io/#/people/6010760a3ed5b50001198583
Andrea,Petro,Co-Founder,AdCap Growth Partners,adcapgp.com,http://www.adcapgp.com,"New York, New York",http://www.linkedin.com/in/andrea-petro-13b660327,https://app.apollo.io/#/people/670ad67d27e41f000118d383
Patrick,Fontana,Founder,Fontana Financial Planning,fontanafinancialplanning.com,http://www.fontanafinancialplanning.com,"Dallas, Texas",http://www.linkedin.com/in/patrick-fontana-cfp%c2%ae-5798401,https://app.apollo.io/#/people/66eef075af670f0001680c41
Erik,Baskin,Founder,Baskin Financial Planning,baskinfp.com,http://www.baskinfp.com,"Colorado Springs, Colorado",http://www.linkedin.com/in/erikbaskin,https://app.apollo.io/#/people/66f164299e6adf0001b6d71e
Nick,Daniel,Co-Founder,Columbus Wealth Management,cbuswm.com,http://www.cbuswm.com,"Columbus, Ohio",http://www.linkedin.com/in/nick-j-daniel,https://app.apollo.io/#/people/54a4c4737468693442c01062
David,Leone,Founder,Leone & Company Wealth Management,leoneandcompany.com,http://www.leoneandcompany.com,United States,http://www.linkedin.com/in/david-leone-cfp%c2%ae-cima%c2%ae-71b2a2183,https://app.apollo.io/#/people/67206ed7fbb23b0001cf0575
Jennifer,Griffis,President and Founder,Integrity Wealth Management,iwmkc.com,http://www.iwmkc.com,"Saint Joseph, Missouri",http://www.linkedin.com/in/jenniferlgriffis,https://app.apollo.io/#/people/66fd00bfd7e5be000156fcf4
Nimisha,Melag,Co-Founder,iSpeed Canada Fintech Inc,ispeedtax.ca,http://www.ispeedtax.ca,"Palo Alto, California",http://www.linkedin.com/in/nimisha-m,https://app.apollo.io/#/people/6871e5efdd9ddc00017d3862
Antonia,Rocca,"Founder, Managing Partner",Saige Private Wealth Management,saigepwm.com,http://www.saigepwm.com,"Santa Barbara, California",http://www.linkedin.com/in/antonia-la-rocca-6b1146a,https://app.apollo.io/#/people/623cc6038dd239000110c92a
Salvatore,Picciallo,Founder & CEO,MetaParadigm Wealth Management,metaparadigmwealth.com,http://www.metaparadigmwealth.com,"New York, New York",http://www.linkedin.com/in/salvatore-picciallo,https://app.apollo.io/#/people/66f8b1998dcef000015d2b86
Richard,Betor,Founder and Managing Principal,Betor Group P.L. a Family Office,betorgroup.com,http://www.betorgroup.com,"Miami, Florida",http://www.linkedin.com/in/richard-j-betor-156ba02,https://app.apollo.io/#/people/66f3253a93dd49000103cebc
Gitta,Kanvasi,Founder & Financial Planner,Northstar Financial Planning,northstarfinancialplanning.com,http://www.northstarfinancialplanning.com,"Miami, Florida",http://www.linkedin.com/in/gitta-kanvasi,https://app.apollo.io/#/people/5e81727309113c00017221bb
Stoy,Hall,CEO/Founder,Black Mammoth,blackmammoth.com,http://www.blackmammoth.com,"Ankeny, Iowa",http://www.linkedin.com/in/stoyhall,https://app.apollo.io/#/people/670f402ced8e180001bca501
Paola,Martinez,Founder,CPA Tax Adviser | Yellow Oak Financial Planning,cpataxadviser.com,http://www.cpataxadviser.com,"Simpsonville, South Carolina",http://www.linkedin.com/in/paomartinezcpa,https://app.apollo.io/#/people/684323baeb59890001585077
Paul,Waller,Co-Founder and Managing Director,Mackie & Waller Wealth Management Group,mackiewaller.com,http://www.mackiewaller.com,"Mattoon, Illinois",http://www.linkedin.com/in/paul-waller-cfp%c2%ae-3984b0b1,https://app.apollo.io/#/people/5e07fafeed90a70001ad3eb9
Eric,Lardner,Founder & President,Abundant Wealth Management,abundantwealthmanagement.com,http://www.abundantwealthmanagement.com,"Dallas, Texas",http://www.linkedin.com/in/eric-lardner-8b63ba222,https://app.apollo.io/#/people/61e7ce2e6547ca000121a286
Stephanie,Ackler,President & Co-Founder,AKD Wealth Partners of Wells Fargo Advisors Financial Network,akdwealthpartners.com,http://www.akdwealthpartners.com,"New York, New York",http://www.linkedin.com/in/stephanieackler,https://app.apollo.io/#/people/54a4cc347468692fa28b7064
Jonathan,Penta,"Founder, Managing Director, & Senior Wealth Advisor, CRPC®, CEPA®",Penta Wealth Management,pentawealthmanagement.com,http://www.pentawealthmanagement.com,"Boston, Massachusetts",http://www.linkedin.com/in/jonathanpenta,https://app.apollo.io/#/people/66f56c087dcff00001fbb7fb
Salvador,Perez,Founder/President,Totem Wealth Management,totemwealthmanagement.com,http://www.totemwealthmanagement.com,"Charlotte, North Carolina",http://www.linkedin.com/in/salvador-perez-cfp%c2%ae-4a809a137,https://app.apollo.io/#/people/6128cb1343bfe00001020329
Sean,Cawley,"Co-Founder, Wealth Management Advisor",Resolute Wealth Management,resolutewealthmanagement.com,http://www.resolutewealthmanagement.com,"Brentwood, Tennessee",http://www.linkedin.com/in/sean-cawley-cfp%c2%ae-57a47aa3,https://app.apollo.io/#/people/671ce41947201e0001250419
Ryan,George,"Founder and Principal, Wealth Management Advisor",Ascend Wealth Management,ascendwealthmanagement.com,https://ascendwealthmanagement.com,"Leawood, Kansas",http://www.linkedin.com/in/ryantgeorge,https://app.apollo.io/#/people/66f240855abd9e00015c2049
Paul,Jarvis,Director and Co-Founder,BFD Financial Planning,bfdfinancialplanning.com,http://www.bfdfinancialplanning.com,"Castle Hill, Australia",http://www.linkedin.com/in/paul-jarvis,https://app.apollo.io/#/people/635964f21f90e10001495b8a
Drew,Feutz,Founder & Financial Planner,"Migration Wealth Management, LLC",migrationwealthmanagement.com,http://www.migrationwealthmanagement.com,"Indianapolis, Indiana",http://www.linkedin.com/in/drewfeutz,https://app.apollo.io/#/people/610468195e7b5a00012d96f3
Shuwun,,Founder | Financial Advisor,Ripple Wealth Management,ripplewealthmgmt.com,http://www.ripplewealthmgmt.com,"Boise, Idaho",http://www.linkedin.com/in/shuwunma,https://app.apollo.io/#/people/643ca0322b277a000133dd1c
Felicia,Greenwald,President/Founder,Aventurine Planning,aventurineplanning.com,http://www.aventurineplanning.com,"Las Vegas, Nevada",http://www.linkedin.com/in/feliciacpa,https://app.apollo.io/#/people/692cf06cdc3cfd00010b5af3
Tony,Pereira,Tony Pereira Company Founder,Lake Macquarie Financial Planning,lakemacquariefp.com.au,http://www.lakemacquariefp.com.au,"Newcastle, Australia",http://www.linkedin.com/in/tonypereira1,https://app.apollo.io/#/people/5b188a40a6da98cbde63cc0e
Gus,Gotsis,Founder,Accurate Advisory Group Inc.,accurateadvisory.com,http://www.accurateadvisory.com,"Zephyrhills, Florida",http://www.linkedin.com/in/gus-gotsis-63565517,https://app.apollo.io/#/people/66fe7b755898520001d9bae9
Laura,Rfc,"Founder, CEO",LS Wealth Management LLC ℠,lswealthmanagement.com,http://www.lswealthmanagement.com,"Bryan, Ohio",http://www.linkedin.com/in/laura-stover-rfc%c2%ae-8b35b515,https://app.apollo.io/#/people/66f3b46f5f69fa0001adc6c4
Greg,Head,Family Office | Founder | CEO | Private Equity Operating Model,The Monarch Group | Single Family Office,themonarchgroupllc.com,http://www.themonarchgroupllc.com,"Tucson, Arizona",http://www.linkedin.com/in/greghead,https://app.apollo.io/#/people/56c4b454f3e5bb4b1801800a
Geraldine,McManus,Founder,Morangie Management LLC,morangiemanagement.com,http://www.morangiemanagement.com,"New York, New York",http://www.linkedin.com/in/geraldine-mcmanus-373291b,https://app.apollo.io/#/people/54a9b48074686933990d2717
Anthony,Smith,Founder,Local Merchant Services,localmerchantservices.com,http://www.localmerchantservices.com,"Denver, Colorado",http://www.linkedin.com/in/anthony-smith-571a6424,https://app.apollo.io/#/people/6116185d78c6b6000195849c
Tom,Wunderlick,Financial Representative - Founder WWA IWSG,Versatile Wealth Management,versatilewealthmanagement.com,https://versatilewealthmanagement.com,"Dallas, Texas",http://www.linkedin.com/in/tom-wunderlick-5723a821,https://app.apollo.io/#/people/54aa92457468690377dfe30b
Jerry,Jendusa,Founder,The BREAKTHRU Multi-Family Office,bluleadership.com,http://www.bluleadership.com,"Milwaukee, Wisconsin",http://www.linkedin.com/in/jerryjendusa,https://app.apollo.io/#/people/5cd5563380f93e5b9ea913f8
Sean,McCurry,Founder,Pinnacle Private Ventures,pinnacle-pv.com,http://www.pinnacle-pv.com,"Kansas City, Missouri",http://www.linkedin.com/in/sean-mccurry-8a3aa415,https://app.apollo.io/#/people/66f825d45545790001b521ff
Leyder,Murillo,Founder & Managing Director - Independent Fee-Only Financial Advisor,Wolfpack Wealth Management,wolfpackwealth.net,http://www.wolfpackwealth.net,"Denver, Colorado",http://www.linkedin.com/in/leydermurillo,https://app.apollo.io/#/people/66fe41e5c1602800010482ac
John,Nowak,Founder | Financial Planner,Alo Financial Planning®,alo.financial,http://www.alo.financial,"Mount Prospect, Illinois",http://www.linkedin.com/in/johnnowak,https://app.apollo.io/#/people/66f56f307dcff00001fcc576
Mary,McNutt,Co-Founder,1015 Capital Partners,1015capitalpartners.com,http://www.1015capitalpartners.com,"Havertown, Pennsylvania",http://www.linkedin.com/in/mary-mcnutt-09a9103a,https://app.apollo.io/#/people/66edb144627f100001d8c4ea
Kristin,Printon,Co-Founder & Vice President,Moxie Wealth Management,moxiewealthmanagement.com,http://www.moxiewealthmanagement.com,"Minneapolis, Minnesota",http://www.linkedin.com/in/kristinbrandliprinton,https://app.apollo.io/#/people/57def307a6da987b3d42341a
Matthew,Bristow,Co-Founder and Managing Director,ClearRidge Investment Banking and Transaction Advisory,clearridgecapital.com,http://www.clearridgecapital.com,"Tulsa, Oklahoma",http://www.linkedin.com/in/matthewbristow,https://app.apollo.io/#/people/66fe404cc1602800010401f8
Stoyan,Panayotov,Founder and CEO,Babylon Wealth Management,babylonwealth.com,http://www.babylonwealth.com,"San Francisco, California",http://www.linkedin.com/in/stoyanpanayotov,https://app.apollo.io/#/people/66ff4fc46bc80f000151a3d0
Lauren,Pearson,"Managing Partner, Founder",Somerset Advisory,somersetadvisory.com,http://www.somersetadvisory.com,"Charlottesville, Virginia",http://www.linkedin.com/in/laurenspearson,https://app.apollo.io/#/people/66f8edd48dcef0000169b964
Tarif,Homsi,Founder & CEO,NoorVest,noorvest.com,http://www.noorvest.com,"McLean, Virginia",http://www.linkedin.com/in/tarif-homsi-b29b206a,https://app.apollo.io/#/people/66f56d197dcff00001fc10d6
Donovan,Carson,Founder,Carson Capital,carson.capital,http://www.carson.capital,"Nashville, Tennessee",http://www.linkedin.com/in/donovancarson,https://app.apollo.io/#/people/66f89ccb8dcef0000158b16b
Jennifer,Harrison,Founder,Family Office Support Services (FOSS Group),familyofficesupportservicesfoss.com,https://familyofficesupportservicesfoss.com,"Dallas, Texas",http://www.linkedin.com/in/jennifer-harrison-5977315,https://app.apollo.io/#/people/5ad91089a6da98e34540fd18
Mary,Flaherty,Founder & Portfolio Manager,MKF Private Wealth Management,mkfprivatewealthmanagement.com,http://www.mkfprivatewealthmanagement.com,"Denver, Colorado",http://www.linkedin.com/in/marykateflaherty,https://app.apollo.io/#/people/65216d265c00f3000128c7d9
Matt,Wallen,Founder,Confluence Wealth Management,myconfluencewealth.com,https://myconfluencewealth.com,"Fort Mill, South Carolina",http://www.linkedin.com/in/mattwallen300,https://app.apollo.io/#/people/66f563dd7dcff00001f8db0c
Kevin,McLoughlin,CIO and Co-Founder,"Trio Wealth Management, LLC",triowm.com,http://www.triowm.com,"McLean, Virginia",http://www.linkedin.com/in/kdmfinancialplanner,https://app.apollo.io/#/people/66f2dbc94a19da00017b0b6e
Mike,Riley,Founder,Inertia Wealth Management,inertiawealthmanagement.com,http://www.inertiawealthmanagement.com,"Cincinnati, Ohio",http://www.linkedin.com/in/mike-riley-60559723,https://app.apollo.io/#/people/5b4057d6a6da984c07cf2b03
Jared,Krog,"Founder, Wealth Management Advisor","Opulence Wealth Management, LLC",opulencewealthmanagement.com,http://www.opulencewealthmanagement.com,"Minneapolis, Minnesota",http://www.linkedin.com/in/jared-krog,https://app.apollo.io/#/people/671da62a05a20200019a8f30
Eric,Rosel,Founder,Rosel Wealth Management,roselwealth.com,http://www.roselwealth.com,"Denver, Colorado",http://www.linkedin.com/in/ericrosel,https://app.apollo.io/#/people/54eb63b974686931b8af1811
Shawna,Moore,Founder & Wealth Advisor | Moore Wealth Management,Moore Wealth Management,moorewealthmanagement.net,http://www.moorewealthmanagement.net,"Nashville, Tennessee",http://www.linkedin.com/in/shawnamckinneymoore,https://app.apollo.io/#/people/66fcc16f88d9000001ac4f57
Trey,Cochran,Founder,Cochran Wealth Management,cochranwealthmgmt.com,http://www.cochranwealthmgmt.com,United States,http://www.linkedin.com/in/trey-cochran,https://app.apollo.io/#/people/662b77d14fd1db00070f2ceb
Greg,Cohn,Founder,Maven Capital Partners,maven-cap.com,http://www.maven-cap.com,"Atlanta, Georgia",http://www.linkedin.com/in/greg-cohn-a1b18b41,https://app.apollo.io/#/people/54a2ff76746869382517fa4c
Douglas,Charney,President and Founder,Charney Investment Group,charneyig.com,http://www.charneyig.com,"Harrisburg, Pennsylvania",http://www.linkedin.com/in/douglas-charney-9284a83a2,https://app.apollo.io/#/people/6071e2c24d90c700017367d0
Gianmaria,Feleppa,CEO and Founder,UCapital Fintech Group,ucapital24.com,http://www.ucapital24.com,"New York, New York",http://www.linkedin.com/in/gianmaria-feleppa-b025582a,https://app.apollo.io/#/people/672f8c1bbbda1c0001c3cd1c
Jake,McCracken,"Wealth Advisor, Founder",River's Edge Wealth Management,riversedgewm.com,http://www.riversedgewm.com,United States,http://www.linkedin.com/in/jake-mccracken-cfp%c2%ae-83650036,https://app.apollo.io/#/people/66f8bddf8dcef000015faf26
Imani,Hamilton,Founder,Faith Finance LLC,faith-finance.com,http://www.faith-finance.com,"Philadelphia, Pennsylvania",http://www.linkedin.com/in/imani-hamilton,https://app.apollo.io/#/people/54a4fb4f7468692fa2a15d73
Nicholas,Stuller,Founder,BenFi,gobenfi.com,http://www.gobenfi.com,"Middlebury, Connecticut",http://www.linkedin.com/in/nicholas-stuller,https://app.apollo.io/#/people/622f533e8c1bdf0001970cc0
Paden,Squires,Founder,Squires Tax Planning,squirestaxplanning.com,http://www.squirestaxplanning.com,"Columbia, Missouri",http://www.linkedin.com/in/paden-squires-cpa-cfp-19681a1a,https://app.apollo.io/#/people/661136552a981400076151fe
Jay,Patadia,Founder,Veritas Planning Advisors - CPA,vpacpa.com,http://www.vpacpa.com,"Somerville, New Jersey",http://www.linkedin.com/in/jay-d-patadia-cpa-pfs-mba-536b57121,https://app.apollo.io/#/people/66f3f02e77550e0001cf9c90
Tony,Gomez,Founder & Wealth Management Advisor,AMG Wealth Management,amgwealthmgmt.com,http://www.amgwealthmgmt.com,"Melville, New York",http://www.linkedin.com/in/tonygomez-amgwealth,https://app.apollo.io/#/people/54ebaae3746869444c5aef09
Cody,Shirk,Founder,Explorer Equity Group,explorerequity.com,http://www.explorerequity.com,"Jupiter, Florida",http://www.linkedin.com/in/codyshirk,https://app.apollo.io/#/people/66fe21a577559100015b4f45
Sunsierre,Atkinson,"Founder, CEO and Financial Planner",TEAM Financial Planning,teamfinancialplanning.com,https://teamfinancialplanning.com,"New York, New York",http://www.linkedin.com/in/sunsierre-sunny-newsome-atkinson-cfp%e2%93%a1-8550318,https://app.apollo.io/#/people/65152c0f28c3e100019a63ba
Fred,Parkes,Founder/Fintech Digital Bank,PoetrYY,poetryyfinance.com,http://www.poetryyfinance.com,"New York, New York",http://www.linkedin.com/in/fredparkes,https://app.apollo.io/#/people/66f77b580294ca0001cb86ca
William,Mansour,Managing Director & Founder,WJM CPA,wjmcpa.com,http://www.wjmcpa.com,"Detroit, Michigan",http://www.linkedin.com/in/williammansour,https://app.apollo.io/#/people/54a4c8d474686938ac147d63
James,Olsen,"President & Chief Investment Officer, Co-founder",Malvern Capital Management,malverncap.com,http://www.malverncap.com,"Phoenixville, Pennsylvania",http://www.linkedin.com/in/james-olsen-cfa-cfp%c2%ae-35849615,https://app.apollo.io/#/people/671341c4f35cdc00017a46b4
Thomas,Smith,"Founder, Avant Garde•TACOai",Avant Garde,avantgardetrading.com,http://www.avantgardetrading.com,"Chicago, Illinois",http://www.linkedin.com/in/thomas-smith-44862228,https://app.apollo.io/#/people/66f622dd6b154900011cc0d2
Vester,Martin,Founder & Wealth Advisor,Cheaha Wealth Management,cheahawealthmanagement.com,http://www.cheahawealthmanagement.com,"Anniston, Alabama",http://www.linkedin.com/in/vester-martin-297860195,https://app.apollo.io/#/people/57e0d4bea6da987dbcea69e9
Eddie,Luhrassebi,Founder & CEO,Evoque Lending,evoquelending.com,http://www.evoquelending.com,"Beverly Hills, California",http://www.linkedin.com/in/evoquelending,https://app.apollo.io/#/people/66ff2b233f12c90001d364f3
Hays,Evans,Co-Founder,Clover Capital Partners,clovercappartners.com,http://www.clovercappartners.com,"Atlanta, Georgia",http://www.linkedin.com/in/haysevans,https://app.apollo.io/#/people/54c1b0bc7468691639926636
Joe,Funderburk,Co-Founder/Partner - 3D Wealth Management,3D Wealth Management,3dwealthmanagement.com,https://3dwealthmanagement.com,"Greenville, South Carolina",http://www.linkedin.com/in/joefunderburk,https://app.apollo.io/#/people/54a82fd8746869682965e065
Jim,Mackay,Founder / Financial Planner,"MacKay Financial Planning, LLC",mackayfinancialplanning.com,http://www.mackayfinancialplanning.com,"Springfield, Missouri",http://www.linkedin.com/in/jimlmackay,https://app.apollo.io/#/people/54a6ea607468696de701fb03
Ray,Armand,Founder & Growth Partner,Root2Growth Accounting & Advisory,root2growth.co.uk,http://www.root2growth.co.uk,"Exeter, California",http://www.linkedin.com/in/rayanne-armand,https://app.apollo.io/#/people/66f8585a7fdf380001f4212c
Amy,Mahar,Founder,LENDality,lendality.com,http://www.lendality.com,"Charlotte, North Carolina",http://www.linkedin.com/in/amy-mahar-1026a16,https://app.apollo.io/#/people/6114e77bba226100012e35b7
Nimesh,Soni,Founder & CEO,Datastub,datastub.us,http://www.datastub.us,"Herndon, Virginia",http://www.linkedin.com/in/nimesh-soni-datastub,https://app.apollo.io/#/people/60e4009f35ad3f0001941576
Tony,Fornaro,"Founder, Accountant & Broker",Fornaro,fornaro.com,https://fornaro.com,"Brisbane, Australia",http://www.linkedin.com/in/tonyfornaro,https://app.apollo.io/#/people/66f09523f10e9700019ea8fe
Alexander,Popovich,Founder,"Planning Advisory Services, LLC",planning-advisory-services.com,http://www.planning-advisory-services.com,"Santa Barbara, California",http://www.linkedin.com/in/alexander-popovich-15042a217,https://app.apollo.io/#/people/6513ef6c8eba130001f791cb
Jim,Capparelli,Founder & CEO,JCJ Wealth & Tax Advisory,jcjadvisory.com,http://www.jcjadvisory.com,United States,http://www.linkedin.com/in/jim-capparelli-94548314,https://app.apollo.io/#/people/66f993c69901a20001be3a35
Erez,Lankri,Co-Founder & CEO,Lucid Financials,lucid.now,http://www.lucid.now,"New York, New York",http://www.linkedin.com/in/lankrierez,https://app.apollo.io/#/people/678fa7de27deb400018e446e
Joseph,Abdou,Founder & President,"Prudence CPA, Inc.",prudencecpa.com,http://www.prudencecpa.com,"Mission Viejo, California",http://www.linkedin.com/in/josephabdou,https://app.apollo.io/#/people/66f8a2988dcef000015a0d7d
Rick,Sanchez,Co-Founder,Leveridge,leveridge.ai,http://www.leveridge.ai,"Los Angeles, California",http://www.linkedin.com/in/rick-sanchez-re-strategy,https://app.apollo.io/#/people/664d632d3ae5cd00018cac5e
Myra,Salzer,Founder,"The Wealth Conservancy, Inc.",thewealthconservancy.com,http://www.thewealthconservancy.com,"Boulder, Colorado",http://www.linkedin.com/in/myra-salzer,https://app.apollo.io/#/people/66f56c6f7dcff00001fbd8d0
Tawanda,Maravanyika,Founder,Trendsight,trendsight.com.au,http://www.trendsight.com.au,"Melbourne, Australia",http://www.linkedin.com/in/tawandamaravanyika,https://app.apollo.io/#/people/54a9f5de746869334abf9e1c
James,Veal,"Founder, President & CEO",JRV Wealth Management Group,jrvwealth.com,http://www.jrvwealth.com,"Philadelphia, Pennsylvania",http://www.linkedin.com/in/jamesrveal,https://app.apollo.io/#/people/54aa93e07468690b7583290c
Shmuel,Maya,Founder/Managing Director,Aventura Private Wealth,aventuraprivatewealth.com,http://www.aventuraprivatewealth.com,"Fort Lauderdale, Florida",http://www.linkedin.com/in/aventuraprivatewealth,https://app.apollo.io/#/people/66114567170d920007fc24ff
Tanvir,Lakhani,President/Founder,Texas FinServ Inc.,texasfinserv.com,http://www.texasfinserv.com,"Dallas, Texas",http://www.linkedin.com/in/tonylakhani,https://app.apollo.io/#/people/66ffefaf1211d40001f96040
Mike,Braun,Founder,Braun: Financial & Accounting Services,braunfas.com,http://www.braunfas.com,"Susquehanna, Pennsylvania",http://www.linkedin.com/in/mikejbraun,https://app.apollo.io/#/people/63dd4bb5d85b7a000189b853
Muhammad,Tariq,Founder & CEO,Mahaana,mahaana.com,http://www.mahaana.com,"Singapore, Singapore",http://www.linkedin.com/in/muhammad-shamoon-tariq-cfa-fdp-24b40a80,https://app.apollo.io/#/people/66f78ac4d075000001e56b5f
Vanessa,Gant,Founder & CEO,ProVision Accounting Solutions,provisionaccountingsolutions.com,http://www.provisionaccountingsolutions.com,"Charleston, South Carolina",http://www.linkedin.com/in/vanessa-r-gant-92198210a,https://app.apollo.io/#/people/60944aaebf253000016624f7
Tara,Bokosky,Founder,Sachi Financial Planning,sachifp.com,http://www.sachifp.com,"Newport Beach, California",http://www.linkedin.com/in/tara-bokosky,https://app.apollo.io/#/people/66fd075dd7e5be000158f5eb
Marc,Shachtman,Founder & CEO,True Wealth Advisory Group,truewealthadvisor.com,http://www.truewealthadvisor.com,"Miami, Florida",http://www.linkedin.com/in/marc-shachtman-22668b1a,https://app.apollo.io/#/people/66fab65501d29700017260a0
Kate,Atwood,"Founder, Managing Partner, President",Founders Grove Wealth Partners,fgwp.com,http://www.fgwp.com,"Richmond, Virginia",http://www.linkedin.com/in/kate-chewning-atwood,https://app.apollo.io/#/people/57e13103a6da987db484bde2
Mark,Klein,Founder The Klein Team NMLS #242843,The Klein Team,pclfinancialgroup.com,http://www.pclfinancialgroup.com,"Thousand Oaks, California",http://www.linkedin.com/in/thekleinteamgroup,https://app.apollo.io/#/people/66fdff45a00d8e000105e84d
Jun,Huang,Founder & Principal,InnoSight Financial,innosightfinancial.com,http://www.innosightfinancial.com,"Los Angeles, California",http://www.linkedin.com/in/huang-innosight,https://app.apollo.io/#/people/670747ff73ac2a0001fbb51a
Shanessa,Freshour,Founder & Financial Advisor,"Fresh Wealth Strategies, LLC",freshwealthstrategies.com,http://www.freshwealthstrategies.com,"Seattle, Washington",http://www.linkedin.com/in/shanessamfreshour,https://app.apollo.io/#/people/5f550ed14cbd10000153c4c2
Katie,Cfp,Founder,Tonn Financial Planning,tonnfinancialplanning.com,http://www.tonnfinancialplanning.com,"Denver, Colorado",http://www.linkedin.com/in/katie-lewis-cfp%c2%ae-0501aa6,https://app.apollo.io/#/people/6636b16e1688470001784a40
Philip,Bagdade,Co-Founder,"Blue River Capital Management, LLC",brcm.co,http://www.brcm.co,"Portland, Oregon",http://www.linkedin.com/in/philipbagdadecfa,https://app.apollo.io/#/people/5b605f2b060cd45c1b251694
Tony,Wells,Founder,America Merchant Services,americamerchantservices.com,http://www.americamerchantservices.com,"Cleveland, Ohio",http://www.linkedin.com/in/tony-wells-74234b4b,https://app.apollo.io/#/people/66dca30e8742ea0001d1cabd
Jordan,Drinkhouse,Founder,Glow Financial Planning,glowfp.com,http://www.glowfp.com,"Spring Hill, Florida",http://www.linkedin.com/in/jordan-drinkhouse,https://app.apollo.io/#/people/57dd1ef4a6da987af537db3f
Max,Mitrofanov,Co-Founder/CEO,23 Street,23street.com,http://www.23street.com,"New York, New York",http://www.linkedin.com/in/maxmitrofanov,https://app.apollo.io/#/people/6512477192ac1100013aff41
Robert,Advisor,Founder and Financial Planner at RDB Wealth Advisors,RDB Wealth Advisors | Financial Planning & Wealth Management,rdbwealthadvisors.com,http://www.rdbwealthadvisors.com,"Evesham Township, New Jersey",http://www.linkedin.com/in/bob-bradley,https://app.apollo.io/#/people/66fe24b663240800016ca87b
Ritesh,Katwala,Co-Founder,City Capital Office,citycapitaloffice.com,http://www.citycapitaloffice.com,"Naperville, Illinois",http://www.linkedin.com/in/ritesh-katwala-b821b010,https://app.apollo.io/#/people/66f9992aad8db20001341f75
Scott,Goldstein,Founder,NFSG,nfsgwealth.com,https://nfsgwealth.com,"Boca Raton, Florida",http://www.linkedin.com/in/scott-goldstein-b6035bab,https://app.apollo.io/#/people/66f50f86c2798c0001521cf0
Jennifer,Wines,Founder,Invisible Wealth Consulting,jenniferwines.com,http://www.jenniferwines.com,United States,http://www.linkedin.com/in/jenniferwines,https://app.apollo.io/#/people/602c52a4fa131b0001d4fbd1
Cliff,Ambrose,Founder,Apex Wealth,apex-wealth.net,https://apex-wealth.net,"Danvers, Massachusetts",http://www.linkedin.com/in/cliff-ambrose-cts%e2%84%a2-cas%c2%ae-531798105,https://app.apollo.io/#/people/655b997a39638a000120f5cd
Brett,Spencer,Founder,Impact Financial,planningimpact.com,http://www.planningimpact.com,United States,http://www.linkedin.com/in/bspencer1,https://app.apollo.io/#/people/66f8dae68dcef0000165870e
Kyle,Morabito,Founder & CEO,Inventive Partners,1inventive.com,http://www.1inventive.com,"Miami, Florida",http://www.linkedin.com/in/kyle-morabito-b064a811,https://app.apollo.io/#/people/66fb7ac46a008e0001c42ba0
Troy,Armstrong,Senior Adviser & Founder,Larapinta Private,larapintaprivate.com.au,http://www.larapintaprivate.com.au,"Melbourne, Australia",http://www.linkedin.com/in/troy-armstrong-adviser,https://app.apollo.io/#/people/54c22d2e7468697af703f981
Jeffrey,Feldberg,Co-Founder,deepwealth.com,deepwealth.com,https://deepwealth.com,"Hallandale Beach, Florida",http://www.linkedin.com/in/jeffreyfeldberg,https://app.apollo.io/#/people/66f5f33d4295c1000198675c
Mark,Kuhne,Retirement Planner & Founder,Croix River Wealth Management,croixriverwm.com,http://www.croixriverwm.com,"Wisconsin, US",http://www.linkedin.com/in/markkuhne,https://app.apollo.io/#/people/54a59a437468693b8c5e489d
Barret,Frost,Founder,Breakaway Advisor Solutions,breakawayadvisorsolutions.com,http://www.breakawayadvisorsolutions.com,"San Diego, California",http://www.linkedin.com/in/barretfrost,https://app.apollo.io/#/people/6290afb821221c0001351228
Jesse,Anastase,Founder,Mavs Wealth Group,mavswealthgroup.com,http://www.mavswealthgroup.com,"Fort Lauderdale, Florida",http://www.linkedin.com/in/jesse-anastase-6a6862128,https://app.apollo.io/#/people/5c4809dda3ae61bbb75bca1c
Tarun,Kishnani,Founder,Ramana Capital LLC,ramanacapital.com,http://www.ramanacapital.com,"New York, New York",http://www.linkedin.com/in/tarunkishnani,https://app.apollo.io/#/people/65fcc8bafb3c100007338ab5
Alexander,Lashkari,Founder,Lashkari Wealth Management,statera-am.com,http://www.statera-am.com,"Newport Beach, California",http://www.linkedin.com/in/alex-lashkari,https://app.apollo.io/#/people/6578253063377d0001378eb8
Doug,Birnie,Founder & Managing Partner,Piedmont Wealth Advisory,piedmontwealthadvisory.com,http://www.piedmontwealthadvisory.com,"Baltimore, Maryland",http://www.linkedin.com/in/douglasbirnie,https://app.apollo.io/#/people/66f417e826fcf00001486b54
Kaitlyn,Laney,Founder,Laney Wealth Management,laneywm.com,http://www.laneywm.com,"Scottsdale, Arizona",http://www.linkedin.com/in/kaitlynlaney,https://app.apollo.io/#/people/66fce52729d09c00018dafa0
Ryan,Loynd,Founder | CEO | Wealth Manager,"BrightGuide Financial, LLC",brightguidefinancial.com,http://www.brightguidefinancial.com,"Scottsdale, Arizona",http://www.linkedin.com/in/ryanloynd,https://app.apollo.io/#/people/66f5bb37c873fc00013bf80c
Mary,Livingston,President and Founder,Abeona Wealth,abeonawealth.com,http://www.abeonawealth.com,"Birmingham, Alabama",http://www.linkedin.com/in/mary-meadows-livingston-cfa-cfp%c2%ae-39064635,https://app.apollo.io/#/people/60c2da5db083ca000178e9b7
Hazel,Secco,President and Founder,Align Financial Solutions LLC,alignfinancialsolutions.com,http://www.alignfinancialsolutions.com,"Hoboken, New Jersey",http://www.linkedin.com/in/hazel-secco,https://app.apollo.io/#/people/67064ba8a1af9d0001517223
Tony,Matheson,Founder,Slalom Wealth Management,slalomwealth.com,http://www.slalomwealth.com,"Sacramento, California",http://www.linkedin.com/in/tony-matheson,https://app.apollo.io/#/people/66edd696506ec00001ddb92f
Bryce,Dankers,Founder,Dankers Wealth Management,dankerswealth.com,http://www.dankerswealth.com,"Minneapolis, Minnesota",http://www.linkedin.com/in/bryce-dankers-cfp,https://app.apollo.io/#/people/5e74c9cc9e8b820001eba25b
Neetu,Prabhu,Founder,UNITY WEALTH STRATEGIES,unitywealthstrategies.com,http://www.unitywealthstrategies.com,"Dallas, Texas",http://www.linkedin.com/in/neetuprabhu,https://app.apollo.io/#/people/65995445877ffc00010e81bb
James,Hokans,"Co-Founder, Senior Advisor, Investor",Jiwambe,jiwambe.com,http://www.jiwambe.com,"Little Rock, Arkansas",http://www.linkedin.com/in/hokans,https://app.apollo.io/#/people/54a5072874686934420efa76
Kaya,Ladejobi,Founder & Financial Advisor,Earn Into Wealth,earnintowealth.com,http://www.earnintowealth.com,"New York, New York",http://www.linkedin.com/in/kayaladejobi,https://app.apollo.io/#/people/60c19753f84c7d0001593dbd
Gene,Bridgewater,Founder,Bridgewater Wealth Management,bridgewaterwealth.com,https://bridgewaterwealth.com,"Steamboat Springs, Colorado",http://www.linkedin.com/in/gene-bridgewater-4b19ab16,https://app.apollo.io/#/people/54a1b91e7468694f8f27620b
Michael,Anthony,Founder,More Wealth Management,morewealthmanagement.com,http://www.morewealthmanagement.com,"Atlanta, Georgia",http://www.linkedin.com/in/mbafilm,https://app.apollo.io/#/people/5ae1492fa6da984c9709fc3c
Ian,Christensen,Founder / President,Datacom Merchant Services,datacommerchantservices.com,http://www.datacommerchantservices.com,"Phoenix, Arizona",http://www.linkedin.com/in/ian-christensen-a43bb413,https://app.apollo.io/#/people/54a409127468693442d84a27
Anuj,Thakkar,Founder,Core City Capital,corecitycapital.com,http://www.corecitycapital.com,"Atlanta, Georgia",http://www.linkedin.com/in/anuj-thakkar-6846a399,https://app.apollo.io/#/people/6020db66600cc7000192204e
Ryan,Guth,Founder and Advisor,Goldfin Group,goldfin.group,http://www.goldfin.group,"Nashville, Tennessee",http://www.linkedin.com/in/ryan-guth,https://app.apollo.io/#/people/658404e950116500018b7a68
High,Harry,Founder/CEO,Buyside Hub,buysidehub.com,http://www.buysidehub.com,"New York, New York",http://www.linkedin.com/in/high-yield-harry-777045273,https://app.apollo.io/#/people/649f502dc69fc60001c1887c
Ganesh,Budidagaddapalli,Founder & CEO,Grass Capital LLC,grasscapadvisors.com,http://www.grasscapadvisors.com,"Houston, Texas",http://www.linkedin.com/in/budidagaddapalli,https://app.apollo.io/#/people/66fd53afa6f438000191566e
Luca,Wallace,Co-Founder,Syndex Capital,syndexgroup.com,http://www.syndexgroup.com,"Lexington, Kentucky",http://www.linkedin.com/in/luca-wallace502,https://app.apollo.io/#/people/57d75503a6da985b98e51dd2
Queenie,Tan,Co-Founder,Billroo,billroo.com,http://www.billroo.com,"Sydney, Australia",http://www.linkedin.com/in/queenietan,https://app.apollo.io/#/people/602f1a5e1a732200011484ff
Brad,Goodman,Founder,Muskoka Peak Partners,muskokapeakpartners.com,http://www.muskokapeakpartners.com,"Denver, Colorado",http://www.linkedin.com/in/brad-goodman-6952063,https://app.apollo.io/#/people/55bf6c387369647985a40400
Stacey,Little,Founder & Lead Advisor,STREAM Financial Planning,streamfp.com,http://www.streamfp.com,"Inverness, Florida",http://www.linkedin.com/in/staceyslittle,https://app.apollo.io/#/people/67bc39f16e0d4f000192d492
Desmond,Looi,"Founder, DL Partners",DL Partners,dlpartners.sg,http://www.dlpartners.sg,"Singapore, Singapore",http://www.linkedin.com/in/desmond-looi,https://app.apollo.io/#/people/6723e5718084e2000198cc97
Ranjit,Bahadur,"Founder, CEO",Unique Wealth Strategies,uniquewealthstrategies.com,http://www.uniquewealthstrategies.com,"Chicago, Illinois",http://www.linkedin.com/in/ranjitbahadur,https://app.apollo.io/#/people/604d56e0985dff0001379d1c
Janean,Hicks,Director | Co-Founder,Savi Wealth Pty Ltd,saviwealth.com.au,http://www.saviwealth.com.au,"Perth, Australia",http://www.linkedin.com/in/janean-hicks-b420b323,https://app.apollo.io/#/people/54a4120574686938ac39602a
Jack,Crawford,Founder and Managing Director,Finance Lab,financelab.ee,http://www.financelab.ee,"Denver, Colorado",http://www.linkedin.com/in/jack-crawford-26187427,https://app.apollo.io/#/people/66f1b3394c9c030001a7eb88
Tyler,Day,Founder & Financial Planner,Foresight Financial Planning,foresightfinancialplanning.com,https://foresightfinancialplanning.com,"Alma, Georgia",http://www.linkedin.com/in/tyler-day-71494a293,https://app.apollo.io/#/people/692bf7d88b38f300018a8583
Stephen,Faulkner,Founder & President,Altivolus Stock Loans,altivolusstockloans.com,http://www.altivolusstockloans.com,"Denver, Colorado",http://www.linkedin.com/in/stephenfaulkner-altivolus,https://app.apollo.io/#/people/66f85de0fa5bea000138c231
Timothy,Talbot,Founder/Wealth Planner,Attain Wealth Planning,attainwealth.com,http://www.attainwealth.com,"Lancaster, New York",http://www.linkedin.com/in/timothy-talbot-8105182a2,https://app.apollo.io/#/people/65e2124ac2169a0001344f10
Matthew,Lengel,President & Founder,"SummitPoint Capital Management, LLC",summitpoint-cap.com,http://www.summitpoint-cap.com,"Denver, Colorado",http://www.linkedin.com/in/matthew-lengel-cfp%c2%ae-b6857783,https://app.apollo.io/#/people/66c09eba6b226d0001c56d6a
Michael,Tindall,Founder,Consilium Private Wealth,consiliumpw.com,http://www.consiliumpw.com,United States,http://www.linkedin.com/in/michael-tindall-cfa-cts-277b263,https://app.apollo.io/#/people/6400deeb8f79dd000128a03c
Ron,Schutz,Founder,SMART Group Houston,smartgrouphouston.com,http://www.smartgrouphouston.com,"Houston, Texas",http://www.linkedin.com/in/ronschutz,https://app.apollo.io/#/people/54a221547468693825a7790f
Jason,Lilly,Founder,Tenere Wealth Advisors,tenerewealthadvisors.com,http://www.tenerewealthadvisors.com,United States,http://www.linkedin.com/in/jason-lilly-mba-cfa-cfp%c2%ae-82592677,https://app.apollo.io/#/people/54a5860e74686938acb6159a
Nick,Lerick,Founder and Financial Advisor,Exitus Financial Planning,exitusfinancialplanning.com,https://exitusfinancialplanning.com,"Austin, Texas",http://www.linkedin.com/in/nick-lerick-81876684,https://app.apollo.io/#/people/57d86112a6da98781780172c
Patrick,Lawson,CEO and Founder,Branch Partners,branchpartners.com,http://www.branchpartners.com,"Athens, Georgia",http://www.linkedin.com/in/patrick-lawson-cfp%c2%ae-6b652117,https://app.apollo.io/#/people/66edc8966d7b1700019cf48c
Thomas,Cahill,Founder,Titan Horizon Group,titanhorizongroup.com,http://www.titanhorizongroup.com,"New York, New York",http://www.linkedin.com/in/thomas-cahill-199b2397,https://app.apollo.io/#/people/66f0dd3d156daf0001fa02af
Gary,Dorfman,Founder & CEO,Thryve Wealth Management,thryvewealthmanagement.com,http://www.thryvewealthmanagement.com,"Santa Barbara, California",http://www.linkedin.com/in/gdorfman,https://app.apollo.io/#/people/609082b1fff96b000143ea37
Marc,Butler,Founder and Consultant,Marc Butler,marcbutler.com,https://marcbutler.com,"Philadelphia, Pennsylvania",http://www.linkedin.com/in/marcbutler123,https://app.apollo.io/#/people/6861ff9c7dd70500010cc55c
Mitch,Bergen,"Co-Founder, Wealth Partner",Cleartrek Wealth Partners,cleartrekwealth.com,http://www.cleartrekwealth.com,"Lincoln, Nebraska",http://www.linkedin.com/in/mitch-bergen-6448b38a,https://app.apollo.io/#/people/66f8be691cc13a0001f94f41
Paul,Evans,Wealth Advisor & Co-Founder,SilverTree Wealth Partners,silvertreewealthpartners.com,http://www.silvertreewealthpartners.com,"Scottsdale, Arizona",http://www.linkedin.com/in/paul-evans-711981213,https://app.apollo.io/#/people/6129c4c897ddd40001e8dde4
Steven,Tolleson,Founder,Wealth Intelligently Navigated,winwealthadvisors.com,http://www.winwealthadvisors.com,"Spartanburg, South Carolina",http://www.linkedin.com/in/steven-tolleson-3b8a889b,https://app.apollo.io/#/people/54a4d1ec74686938accd4666
Pam,Guggenheim,Co-Founder | Partner,Arrowood Capital &Partners,arrowood-capital.com,http://www.arrowood-capital.com,"Columbus, Ohio",http://www.linkedin.com/in/pam-guggenheim-chsnc%c2%ae-23758815,https://app.apollo.io/#/people/63a4591e23a6a40001932d3c
Joanne,Liu,Founder,WeMe Finance,wemefinance.com.au,http://www.wemefinance.com.au,"Mount Waverley, Australia",http://www.linkedin.com/in/joanne-liu-cpa-81b19151,https://app.apollo.io/#/people/5d48be85a3ae61c46665dc54
James,Nutkis,Founder,Onqix,onqix.com,http://www.onqix.com,"Dallas, Texas",http://www.linkedin.com/in/james-nutkis,https://app.apollo.io/#/people/66327dfb78ab740007098478
Jesse,Cox,Founder & CEO,Coastal Wealth Management,coastalprivatewealthmgmt.com,http://www.coastalprivatewealthmgmt.com,"San Juan Capistrano, California",http://www.linkedin.com/in/jesse-cox-bb8336138,https://app.apollo.io/#/people/5f5e9369d79eac0001d89046
Stephen,Ting,President and Founder,Verity Wealth Group,veritywealthgroup.com,http://www.veritywealthgroup.com,"Pasadena, California",http://www.linkedin.com/in/stephen-ting-25aa5868,https://app.apollo.io/#/people/654ce2943086380001b955b0
Tony,Brake,Founder / Behavioral Financial Advisor™,Crossroads Financial Planning,crossroadsfinancialplanning.com,https://crossroadsfinancialplanning.com,"Orange City, Iowa",http://www.linkedin.com/in/tony-e-vande-brake-fscp%c2%ae-ab0a995a,https://app.apollo.io/#/people/670f6a80834c380001650a7c
Will,Steinberger,Founder & CEO,Think Different Financial Planning,thinkdifferentfp.com,http://www.thinkdifferentfp.com,"Menlo Park, California",http://www.linkedin.com/in/willsteinberger,https://app.apollo.io/#/people/66fcfef2d7e5be00015655fc
Samanda,Morales,Founder & Principal,WellFin360 LLC,wellfin360.com,http://www.wellfin360.com,United States,http://www.linkedin.com/in/samanda-morales,https://app.apollo.io/#/people/661c92a520af8200070ea3a6
Bob,Cremerius,Founder,Prudent Financial,prudentfinancial.ie,http://www.prudentfinancial.ie,"Memphis, Tennessee",http://www.linkedin.com/in/bob-cremerius-60b19018,https://app.apollo.io/#/people/54a77f717468696de7384d3a
Dan,Woessner,Founder,MILLCREEK Financial Services,millcreekfs.com,http://www.millcreekfs.com,"Solon, Iowa",http://www.linkedin.com/in/dan-woessner,https://app.apollo.io/#/people/66f8d93f8dcef00001652e7c
Paul,Elliott,Founder,Iron Rock Wealth Management,ironrockwealth.com,http://www.ironrockwealth.com,"Tampa, Florida",http://www.linkedin.com/in/paul-elliott-cfp%c2%ae-58b687117,https://app.apollo.io/#/people/5b3bb505a6da98a102a98d04
Jonathon,Jordan,Founder,Stone Pillars Wealth Management,stonepillarswm.com,http://www.stonepillarswm.com,"Franklin, Tennessee",http://www.linkedin.com/in/jonathon-jordan-cfp,https://app.apollo.io/#/people/57dc258ca6da9807ba2fcc65
Suzanne,Ley,Chief Executive Officer & Chief Financial Officer | Fintech Neo-Bank | Co-Founder,Qrescendo,qrescendo.co,http://www.qrescendo.co,"New York, New York",http://www.linkedin.com/in/suzanne-ley,https://app.apollo.io/#/people/6100550f7b708d0001615ac2
Matt,Griffith,Founder & Financial Advisor,Griffith Wealth Management,griffithwealth.com,http://www.griffithwealth.com,"Wisconsin, US",http://www.linkedin.com/in/matt-griffith-cfp%c2%ae-9a06ba67,https://app.apollo.io/#/people/5c43e6c280f93e3bef1f647d
Queenie,Peng,Co-Founder,Receipt AI,receipt-ai.com,http://www.receipt-ai.com,"Chicago, Illinois",http://www.linkedin.com/in/queeniepeng,https://app.apollo.io/#/people/5f84c42204d49a00012b543c
Melissa,Yue,"Co-Founder, Partner",Quorum Private Wealth,quorumpw.com,http://www.quorumpw.com,"Danville, California",http://www.linkedin.com/in/melissau,https://app.apollo.io/#/people/5bd4fd6da3ae61d3b58bc015
Edward,Blankson,Founder,Flixapay Group,flixapaygroup.com,http://www.flixapaygroup.com,United States,http://www.linkedin.com/in/edward-james-blankson-126ba433,https://app.apollo.io/#/people/675e2cee4e5e8900016ba5ed
Mike,Powers,"Founder, Financial Planner",Manuka Financial,manukafinancial.com,http://www.manukafinancial.com,"Richmond, Virginia",http://www.linkedin.com/in/mike-powers-cpa-pfs-cfp%c2%ae-75179917,https://app.apollo.io/#/people/658e4aee4b9eb7000132b7d0
Tom,Farnan,Founder & Partner,Nelliam Financial Group,nelliamfinancial.com,https://nelliamfinancial.com,"Troy, New York",http://www.linkedin.com/in/tom-farnan-a1999027,https://app.apollo.io/#/people/66f564ae7dcff00001f9228c
Stacey,Zahoranski,"Founder, Wealth Advisor",Zahoranski Wealth Management,zahoranskiwealth.com,http://www.zahoranskiwealth.com,"Akron, Ohio",http://www.linkedin.com/in/staceyzahoranski,https://app.apollo.io/#/people/55cc5f26f3e5bb41b1005d77
Neal,Stanfield,"Founder, Wealth Advisor",TwentyOne5 Wealth Management,twentyone5wealthmanagement.com,https://twentyone5wealthmanagement.com,"Waco, Texas",http://www.linkedin.com/in/neal-stanfield-cfp%c2%ae-6715a91a,https://app.apollo.io/#/people/667353051da7e10001d7967a
John,Polychronis,Founder,Polychronis Financial Services,polychronisfinancial.com,http://www.polychronisfinancial.com,"Dover, New Hampshire",http://www.linkedin.com/in/john-polychronis-401b0617,https://app.apollo.io/#/people/66fb866bace2de00013fd40b
Marc-Antoine,Caya,Co-Founder and CEO,goPeer,gopeer.ca,http://www.gopeer.ca,"San Francisco, California",http://www.linkedin.com/in/mcaya,https://app.apollo.io/#/people/66fe6cb1cf38fb0001895e73
Opinder,Marwah,Founder,RYSE Financial,rysefinancial.com,http://www.rysefinancial.com,"San Dimas, California",http://www.linkedin.com/in/opinder-marwah-5b270414,https://app.apollo.io/#/people/66f8e5aa8dcef00001680fb1
Lajuan,Abram,Principal Founder & CEO,AV Financial Trust Company,avfnow.org,http://www.avfnow.org,"New York, New York",http://www.linkedin.com/in/lajuanabram,https://app.apollo.io/#/people/57d95e44a6da98722a850410
Mike,McAlister,Founder/CEO,Raintree Capital Management,raintreecm.com,http://www.raintreecm.com,"Phoenix, Arizona",http://www.linkedin.com/in/mike-mcalister-504277193,https://app.apollo.io/#/people/67005b077f95e80001f23be9
Eddy,Ricci,Founder,Lead Advisor,lead-advisor.com,http://www.lead-advisor.com,"New York, New York",http://www.linkedin.com/in/eddyricci,https://app.apollo.io/#/people/66facf26c196020001ac3963
Jacob,Jansen,Founder / Wealth Manager,Jansen Wealth Management,jansenwealth.com,http://www.jansenwealth.com,"Altoona, Wisconsin",http://www.linkedin.com/in/jakejansen11,https://app.apollo.io/#/people/66fcecf529d09c000190570b
Zachary,Poker,Founder,Poker Financial Group,pokerfinancialgroup.com,http://www.pokerfinancialgroup.com,"Oconomowoc, Wisconsin",http://www.linkedin.com/in/zachary-poker,https://app.apollo.io/#/people/66f2b3b79731f10001c3b8a4
Ge,Chen,Founder,Exponent Funds,exponentfunds.com,https://exponentfunds.com,"Los Angeles, California",http://www.linkedin.com/in/gechen2008,https://app.apollo.io/#/people/66fe3bc3c160280001029b6a
Susana,Romo,Founder and Managing Partner,Romo CPA,romocpa.com,http://www.romocpa.com,"Dallas, Texas",http://www.linkedin.com/in/susanaromocpa,https://app.apollo.io/#/people/54a30c347468693a7e5db850
Ashley,Dickson,Co-Founder,Next Bloom Wealth,nextbloomwealth.com,http://www.nextbloomwealth.com,United States,http://www.linkedin.com/in/ashleycdickson,https://app.apollo.io/#/people/54a4fb6c7468692cf06d4c73
Will,Snider,"Co-Founder, COO",Portside Wealth Group,portsidewealth.com,http://www.portsidewealth.com,"Mapleton, Utah",http://www.linkedin.com/in/wsnider28,https://app.apollo.io/#/people/66fd005bd7e5be000156de1d
Mike,Pelo,CEO / Founder / Managing Director,Peak Wealth Management,peakwealthmanagement.com,https://peakwealthmanagement.com,"Provo, Utah",http://www.linkedin.com/in/mikeypelo,https://app.apollo.io/#/people/67c3421f64bc8d00013fdb6e
Patrick,Callahan,Wealth Advisor / Co-Founder,Xception Family Office,xceptionfamilyoffice.com,http://www.xceptionfamilyoffice.com,"Atlanta, Georgia",http://www.linkedin.com/in/m-patrick-callahan-jd-6b68583,https://app.apollo.io/#/people/54abc31e7468692a6b39830b
Jason,Pitts,CEO/Founder,Pitts Private Wealth,pittsprivatewealth.com,http://www.pittsprivatewealth.com,"Ashburn, Virginia",http://www.linkedin.com/in/jason-pitts-76981911,https://app.apollo.io/#/people/54fa70eb7468694d66c68f00
Rachelle,Morlok,President and Co-Founder,Bloom International,bloom-international.com,http://www.bloom-international.com,"Kansas City, Missouri",http://www.linkedin.com/in/rachelle-morlok-078024197,https://app.apollo.io/#/people/60c1758ee2047300012a358a
Michael,Williams,"Founder, Financial Advisor",Cillo Wealth Management,cillowealthmanagement.com,http://www.cillowealthmanagement.com,"Pittsburgh, Pennsylvania",http://www.linkedin.com/in/michael-williams-67079b124,https://app.apollo.io/#/people/5c5bdc7580f93e9eb485017f
Fred,Burgess,Principal & Founder,Regent Financial Services,pscoopersmith.com,http://www.pscoopersmith.com,"Brunswick, Maine",http://www.linkedin.com/in/fred-burgess-aif%c2%ae-ppc-820713,https://app.apollo.io/#/people/67dab9d1c902f40001865f26
Brandon,Herrin,Founder,Covewise,covewise.app,http://www.covewise.app,"Salina, Utah",http://www.linkedin.com/in/brandonherrin2,https://app.apollo.io/#/people/54a22f667468693cddfb4914
Nirvikar,Jain,Founder & Managing Partner,BayTech Capital Partners,baytechcapital.com,http://www.baytechcapital.com,"Palo Alto, California",http://www.linkedin.com/in/nirvikarjain,https://app.apollo.io/#/people/67173eb9970c800001bfa0bf
Henrique,Bueno,"Founder, Licensed Financial Professional",Defender Finance,defenderfinance.us,http://www.defenderfinance.us,"Clermont, Florida",http://www.linkedin.com/in/riquebueno,https://app.apollo.io/#/people/54a2e75c7468693cdd3ca745
Luther,Ensminger,Founder,1804 Financial Group,1804financialgroup.com,http://www.1804financialgroup.com,"Falls Church, Virginia",http://www.linkedin.com/in/luensminger,https://app.apollo.io/#/people/66f56aed7dcff00001fb583f
Eric,Manley,Founder,Atlantic Avenue Mortgage,atlanticavenuemortgage.com,http://www.atlanticavenuemortgage.com,"Delray Beach, Florida",http://www.linkedin.com/in/eric-manley-9a0aa3122,https://app.apollo.io/#/people/66f5ad895fab7a0001c9685a
Laryssa,Freeman,Founder and Financial Planner,Meritage Wealth Management,meritagewealth.com,http://www.meritagewealth.com,"Carlsbad, California",http://www.linkedin.com/in/laryssa-freeman,https://app.apollo.io/#/people/57e1c04ea6da9856ff1c8421
Joe,Barrett,Co-Founder / Chief Investment Officer,Barrett Capital Partners LLC,barrettcapitalpartners.com,http://www.barrettcapitalpartners.com,"Boston, Massachusetts",http://www.linkedin.com/in/joebarrettbcp,https://app.apollo.io/#/people/66fd0216d7e5be00015771b3
Matt,Stahl,Founder and Wealth Manager,Liv Wealth Management,liv-wealth.com,http://www.liv-wealth.com,"Minneapolis, Minnesota",http://www.linkedin.com/in/mattstahlpa,https://app.apollo.io/#/people/66f90d93ee610d0001bbd7a6
Tyler,Pahl,Wealth Advisor / Co-Founder,Millstone Wealth Management,millstonewm.com,http://www.millstonewm.com,"Saint Paul, Minnesota",http://www.linkedin.com/in/tyler-pahl-70a0a744,https://app.apollo.io/#/people/66fb5f90a8908c00018934dc
Matthew,Stack,Founder & Private Wealth Advisor,TATRA Wealth Management,tatrawealthmanagement.com,https://tatrawealthmanagement.com,"New York, New York",http://www.linkedin.com/in/matthew-stack,https://app.apollo.io/#/people/6352a2f92b7a2d000160d6ba
Sara,Seely,Founder and Financial Advisor,Eberly Wealth Management,eberlywealth.com,http://www.eberlywealth.com,"Austin, Texas",http://www.linkedin.com/in/saraseely,https://app.apollo.io/#/people/66fb8d5d2ce14200014bd106
Anna,Nelson,Founder,Mosaic Financial Solutions,mosaicfinancialsolutions.com,http://www.mosaicfinancialsolutions.com,"Sacramento, California",http://www.linkedin.com/in/anna-nelson-cspg-ea-865845b9,https://app.apollo.io/#/people/65165d7ea421940001e403e8
Michael,Ryan,Founder I Wealth Advisor,Triton Wealth,tritonwealth.com,http://www.tritonwealth.com,"Minneapolis, Minnesota",http://www.linkedin.com/in/michael-j-ryan-aif%c2%ae-cepa%c2%ae-003b024,https://app.apollo.io/#/people/680a082ee25ca80001ce6cef
Mark,Applegate,Co-Founder / COO,Doc Wealth,docwealth.io,http://www.docwealth.io,"Orlando, Florida",http://www.linkedin.com/in/mark-applegate-6b928b39,https://app.apollo.io/#/people/66f68cc10e6d7300016edb94
Tim,Gandre,Co-Founder,Prazak Gandre Wealth Advisors,pg-wealthadvisors.com,http://www.pg-wealthadvisors.com,"Houston, Texas",http://www.linkedin.com/in/tim-gandre-b7b5494,https://app.apollo.io/#/people/55cad69cf3e5bb6a1b02f780
Liuver,Duran,Founder,Sociable Mortgage LLC,sociable.mortgage,http://www.sociable.mortgage,"Cypress, Texas",http://www.linkedin.com/in/thetrustylender,https://app.apollo.io/#/people/673a301de6cf06000138f4f3
Stephen,Gaines,Founder and Managing Director,HighBank Advisors,highbankadvisors.com,https://highbankadvisors.com,"Denton, Maryland",http://www.linkedin.com/in/stephen-gaines-04257441,https://app.apollo.io/#/people/66ec0a9d0491ea00017f8d7e
Wes,Niblack,Co-Founder/Managing Partner,Ark Wealth Management,arkwealthmgmt.com,http://www.arkwealthmgmt.com,"Tacoma, Washington",http://www.linkedin.com/in/wes-niblack-cfp%c2%ae-b82b4533,https://app.apollo.io/#/people/609a09f49d56a500010930d7
Sal,D'Angelo,Founder & President,"LakePointe Advisors, LLC",lakepointeadvisors.com,http://www.lakepointeadvisors.com,"Cleveland, Ohio",http://www.linkedin.com/in/saljdangelo,https://app.apollo.io/#/people/66ffc57cb358ea000108d30c
Marquay,Baul,Founder | President,Integra Private Wealth Management,integrapwm.com,http://www.integrapwm.com,"Tulsa, Oklahoma",http://www.linkedin.com/in/marquaybaul,https://app.apollo.io/#/people/5cba9b32f3e5bbbdd121eb81
Edward,Terzolo,Founder & General Manager,The Terzolo Financial Group,terzolofinancial.com,http://www.terzolofinancial.com,"Syracuse, New York",http://www.linkedin.com/in/edward-terzolo-19355730,https://app.apollo.io/#/people/69e3d7f58b7bd20001ff6e88
Jontae,James,Co-Founder & CEO,OtakuCash - Power Up IRL,otakucash.com,http://www.otakucash.com,"Sacramento, California",http://www.linkedin.com/in/jontae,https://app.apollo.io/#/people/66f43f69cfdf8b0001211c42
Michael,Horowitz,Founder,Streetlight Capital,streetlight-cap.com,http://www.streetlight-cap.com,"New York, New York",http://www.linkedin.com/in/mahorowitz,https://app.apollo.io/#/people/66fb1c95caed06000146f17c
Marco,Yagui,Founder | Credit & Capital Advisory,Procapital Financial LLC,procapital-financial.com,http://www.procapital-financial.com,"Fort Lauderdale, Florida",http://www.linkedin.com/in/marcoyagui,https://app.apollo.io/#/people/5e6132ceb342a7000143b8ac
James,Lilly,"Founder, Managing Director",Aesop's Neck Partners,aesopsneckpartners.com,http://www.aesopsneckpartners.com,"New York, New York",http://www.linkedin.com/in/james-lilly-74100a7,https://app.apollo.io/#/people/57ddd315a6da987b45620802
Steven,Hunt,Wealth Management Advisor and Founder,Colvian Wealth Management,colvianwealthmanagement.com,https://colvianwealthmanagement.com,"Albany, New York",http://www.linkedin.com/in/stevenhuntnm,https://app.apollo.io/#/people/65b3716798d99f0001c3e574
Josef,Schiffer,Founder & CEO,Prosperous Financial Group,prosperousfg.com,http://www.prosperousfg.com,"Miami, Florida",http://www.linkedin.com/in/josef-schiffer,https://app.apollo.io/#/people/66f2e67f680a290001aebacc
Leah,Chfc,Founder ~ Financial Planner,Savvy Financial,savvyfinancialllc.com,http://www.savvyfinancialllc.com,"Charlotte, North Carolina",http://www.linkedin.com/in/leah-williams-chfc%c2%ae-clu%c2%ae-wmcp%c2%ae-aa007595,https://app.apollo.io/#/people/629046bc10058b000183b9c3
Erica,Schnabel,Founder and Wealth Advisor,Mountain Flower Investments & Planning,mountainflowerinvest.com,http://www.mountainflowerinvest.com,"New Braunfels, Texas",http://www.linkedin.com/in/ericamschnabel,https://app.apollo.io/#/people/6023d112780e670001958d75
Travis,Poodiack,Co-Founder,Birch Financial Group,birchfinancialgroup.com,http://www.birchfinancialgroup.com,"Keene, New Hampshire",http://www.linkedin.com/in/travis-birch,https://app.apollo.io/#/people/66f821b1eee1360001b8c180
Mindy,Crary,Founder,Creative Money,creativemoney.biz,http://www.creativemoney.biz,"Seattle, Washington",http://www.linkedin.com/in/mindycrary,https://app.apollo.io/#/people/54a221597468693cdd61510f
Mark,Huhta,President / Founder,Serving Others Financial,servingothersfinancial.com,http://www.servingothersfinancial.com,"Franklin, Tennessee",http://www.linkedin.com/in/mark-huhta-9396315,https://app.apollo.io/#/people/57daaa49a6da984a40c8b114
Scott,Hefty,"Co-Founder, Serae Wealth",Serae Wealth,seraewealth.com,http://www.seraewealth.com,"Houston, Texas",http://www.linkedin.com/in/scott-hefty-cfp-chfc-cts,https://app.apollo.io/#/people/68a0e4e27874eb0001f8b1bd
Manoj,Puravankara,Co-Founder and Executive Director - Product & Strategic Initiatives,Atom Financial Services,atomfinserv.com,http://www.atomfinserv.com,"Sydney, Australia",http://www.linkedin.com/in/manoj-puravankara-520b70110,https://app.apollo.io/#/people/66f5a148eaea5f0001e99321
Matthew,Pogirski,"Founder, Financial Planner, CCO",Unburdened Financial Planning LLC,unburdenedfp.com,http://www.unburdenedfp.com,"Wasilla, Alaska",http://www.linkedin.com/in/matthew-pogirski-unburdenedfp,https://app.apollo.io/#/people/651f837cd32bfb0001f616ec
Alona,Sudorzhenko,Founder & Product Strategy,Zai Technologies LLC,talktozai.com,http://www.talktozai.com,"Los Angeles, California",http://www.linkedin.com/in/alona-su,https://app.apollo.io/#/people/54a7932e7468696b7f573441
Kyle,Thorpe,Co-Founder,Links Private Wealth,linkspw.com,http://www.linkspw.com,"Buffalo Grove, Illinois",http://www.linkedin.com/in/thorpekyle,https://app.apollo.io/#/people/54a808c574686965d94e0b5d
Melinda,Wilke,Private Wealth Advisor & Founder,Wilke Wealth & Investment Planning,wilkewealth.com,http://www.wilkewealth.com,"Franklin, Wisconsin",http://www.linkedin.com/in/melindawilke,https://app.apollo.io/#/people/57d548f1a6da9853ee9ebfbf
Natalia,Ivanova,Founder and CEO,"NewGen Wealth Creation, LLC, Registered Investment Advisor",nwcwealth.com,http://www.nwcwealth.com,United States,http://www.linkedin.com/in/natalia-ivanova-financial-advisor,https://app.apollo.io/#/people/67a32f68bc006b0001919896
Griffin,Saddler,Founder,Watershed Wealth,watershedwm.com,http://www.watershedwm.com,"Alpena, Michigan",http://www.linkedin.com/in/saddlerg,https://app.apollo.io/#/people/636bbe12f449e700015c53af
James,Horn,Founder & Wealth Advisor,Matterhorn Private Wealth,matterhornpw.com,http://www.matterhornpw.com,"Rochester, New York",http://www.linkedin.com/in/jameshorn1,https://app.apollo.io/#/people/54a9deb574686930adadbe19
John,Black,Founder I CEO I Wealth Management Advisor,J BLACK FINANCIAL GROUP,joeblackfinancialgroup.com,http://www.joeblackfinancialgroup.com,"Leawood, Kansas",http://www.linkedin.com/in/johnblacknm,https://app.apollo.io/#/people/66f56a957dcff00001fb3b1b
Joe,Durak,Director and Founder at Lynx Advisors,Lynx Advisors Pty Ltd,lynxadvisors.com.au,http://www.lynxadvisors.com.au,"Sydney, Australia",http://www.linkedin.com/in/joe-durak-102a638,https://app.apollo.io/#/people/57dd9988a6da987afd93536b
Tim,Bodner,Founder & CEO,Infinity Tax and Financial Planning,infinitytaxandfinancialplanning.com,https://infinitytaxandfinancialplanning.com,"Saint Petersburg, Florida",http://www.linkedin.com/in/tim-bodner,https://app.apollo.io/#/people/66fa8d7901ae660001291ea1
Marc,Singer,Founder,Advisor Forum Wealth Management Group,advisorforumwealthmanagement.com,https://advisorforumwealthmanagement.com,"Miami, Florida",http://www.linkedin.com/in/marc-singer-cfp,https://app.apollo.io/#/people/673a6472266f8a0001fb9022
Andy,Ting,Founder,Alpha Node Global,alphanode.global,http://www.alphanode.global,"Singapore, Singapore",http://www.linkedin.com/in/spting2318,https://app.apollo.io/#/people/66f2c51b1e5ad900014df176
Eric,Pros,Founder / Wealth Manager,"Argosy Wealth Management, LLC",emangold.com,http://www.emangold.com,"New York, New York",http://www.linkedin.com/in/helpingphysicians,https://app.apollo.io/#/people/59db67a1a6da984af1fa949b
Martin,,Co-Founder,"Investment Research Partners, LLC",investmentresearchpartners.com,http://www.investmentresearchpartners.com,"State College, Pennsylvania",http://www.linkedin.com/in/martin-a-w-08747264,https://app.apollo.io/#/people/669506a88baae3000149fbc7
Henry,Ingier,Founder,Grady Group,gradygroupfl.com,http://www.gradygroupfl.com,"Las Vegas, Nevada",http://www.linkedin.com/in/henry-ingier-379b3324,https://app.apollo.io/#/people/66fdd77ca00d8e0001fadf01
Benjamin,Cary,Co-Founder,Harbor Point Merchant Services Inc,harborpointmerchant.com,https://harborpointmerchant.com,"Huntington Beach, California",http://www.linkedin.com/in/benjamin-cary-1a7551194,https://app.apollo.io/#/people/6132fd8f84dae2000158ad6a
Jacqueline,Rogers,Founder and Wealth Advisor,Elevated Wealth,elevatingyourwealth.com,http://www.elevatingyourwealth.com,"Fayetteville, Arkansas",http://www.linkedin.com/in/jackierogersadvisor,https://app.apollo.io/#/people/67062df108120c0001ee0a0a
Simon,Cooper,Founder & Managing Director | SMSF Wealth | Maximising Retirement Outcomes,SMSF Wealth,smsf-wealth.com.au,http://www.smsf-wealth.com.au,"Gold Coast, Australia",http://www.linkedin.com/in/simon-cooper-,https://app.apollo.io/#/people/5c44bfc1f6512503053d92f2
Ryan,Konik,Founder,Konik Capital Partners,konikcapitalpartners.com,http://www.konikcapitalpartners.com,"New York, New York",http://www.linkedin.com/in/ryan-konik-019b77115,https://app.apollo.io/#/people/66fbae4cb17b7d000142f465
Vignesh,Shanker,Founder,VOSS Insurance and Investments,voss-ii.com,http://www.voss-ii.com,"Dallas, Texas",http://www.linkedin.com/in/vignesh-shanker-9ba49365,https://app.apollo.io/#/people/66fb63edb5ed3900018fd126
Dor,Bocian,Founder,Omnifi,myomnifi.com,http://www.myomnifi.com,"Fort Myers, Florida",http://www.linkedin.com/in/dorbocian,https://app.apollo.io/#/people/57d6e613a6da985441315dd9
Robert,Annable,Founder + Wealth Advisor,Break Line Wealth + Tax,breaklinewealthandtax.com,http://www.breaklinewealthandtax.com,"Scottsdale, Arizona",http://www.linkedin.com/in/robert-annable-49737713,https://app.apollo.io/#/people/66ec480c95c58000011aaba7
Emma,Alderson,Founder,EKA Wealth,ekawealth.com.au,http://www.ekawealth.com.au,"Noosaville, Australia",http://www.linkedin.com/in/emma-alderson-cpa,https://app.apollo.io/#/people/57d9e6c5a6da9875f848e320
Joy,Cohen,Co-Founder,Financially Empowered,financiallyempowered.com,http://www.financiallyempowered.com,"Los Angeles, California",http://www.linkedin.com/in/joy-prefer-cohen-23b48041,https://app.apollo.io/#/people/54c19c0974686916395b3029
Katy,King,Co-Founder,"Oakwood Capital Partners, LLC",oakwoodcp.com,http://www.oakwoodcp.com,"Fort Myers, Florida",http://www.linkedin.com/in/katy-king-322701395,https://app.apollo.io/#/people/691247ad8e08ee000110e7a9
La,Whitmore,Founder and Certified Financial Education Instructor℠,NextFemme Financial,nextfemmefinancial.com,http://www.nextfemmefinancial.com,"Minneapolis, Minnesota",http://www.linkedin.com/in/lajuanawhitmore,https://app.apollo.io/#/people/604a48e25111710001ea0cd1
Justin,Cramer,"Founder, Managing Partner",New City Family Office,newcityfamilyoffice.com,http://www.newcityfamilyoffice.com,"New York, New York",http://www.linkedin.com/in/justin-cramer-72624850,https://app.apollo.io/#/people/57e0dbd9a6da987d8cb28a66
Steven,Reach,Founder,Just Funded,justfundedmortgage.com,http://www.justfundedmortgage.com,"Los Angeles, California",http://www.linkedin.com/in/stevenreach,https://app.apollo.io/#/people/5ec6d7687c9e0a008cecd0d7
Drew,Faloon,Financial Advisor & Founder at Trailblazer Wealth Management,Trailblazer Wealth Management,trailblazerwm.com,http://www.trailblazerwm.com,"Colorado Springs, Colorado",http://www.linkedin.com/in/drew-faloon-cfp%c2%ae-098777a7,https://app.apollo.io/#/people/67120872ab0aad00013f1b6e
Crystal,Kendall,Founder,"CLK Bookkeeping, LLC",clkbookkeepingllc.com,http://www.clkbookkeepingllc.com,"Newnan, Georgia",http://www.linkedin.com/in/crystal-kendall,https://app.apollo.io/#/people/6596965084d4a90001103318
Edward,Curley,"Founder, Managing Director",Curley Wealth Management &Partners,curleywm.com,http://www.curleywm.com,"Oneonta, New York",http://www.linkedin.com/in/edward-curley-cfp%c2%ae-mba-70513427,https://app.apollo.io/#/people/57e19c1da6da982e2c8b46c3
Mariel,Braun,Co-Founder & Partner,Bellwether Advisory Group,bellwetherag.com,http://www.bellwetherag.com,"Houston, Texas",http://www.linkedin.com/in/marielbraun,https://app.apollo.io/#/people/5ba027e1324d44800b76fe50
Narumi,Yoshida,Founder and CEO,"Yoshida Wealth Management, Inc.",yoshidawealthmanagement.com,https://yoshidawealthmanagement.com,"White Plains, New York",http://www.linkedin.com/in/nywealth,https://app.apollo.io/#/people/66feb7062004d1000174b29a
Webster,Burrier,Founder & Wealth Manager,Atlas Point Wealth Management,atlaspointwealth.com,http://www.atlaspointwealth.com,"Wilmington, North Carolina",http://www.linkedin.com/in/websterburrier,https://app.apollo.io/#/people/57e15f60a6da987de59c4827
Saad,Hazari,Founder,Sarf,sarf.space,http://www.sarf.space,"New York, New York",http://www.linkedin.com/in/saad-hazari-260752125,https://app.apollo.io/#/people/63dbf0db2b94ec0001021b11
Kevin,Megargel,"Founder, Financial Planner",Viso Wealth Management LLC,visowealth.com,http://www.visowealth.com,"Moorestown, New Jersey",http://www.linkedin.com/in/kevinmegargel,https://app.apollo.io/#/people/66fffed0718d0c0001e6fe9a
Vrishin,Subramaniam,"Financial Planner, Founder",CapitalWe,capital-we.com,http://www.capital-we.com,"Los Angeles, California",http://www.linkedin.com/in/vrishin,https://app.apollo.io/#/people/54a3c32d7468692abf6c7910
Kevin,Salazar,Partner & Co-Founder,Access Wealth Partners,accesswealthpartners.com,http://www.accesswealthpartners.com,"Charlotte, North Carolina",http://www.linkedin.com/in/salazarkevin,https://app.apollo.io/#/people/54c2540d7468697af7c9508f
Jordan,Hess,Founder & CEO,AbleBudget,ablebudget.com,http://www.ablebudget.com,"Henderson, Nevada",http://www.linkedin.com/in/jordan-hess-2b71a580,https://app.apollo.io/#/people/54a4b3377468693442627a5c
Ernie,Villany,Founder and President,Proactive Advisory Group,proactiveadvisorygroup.com,http://www.proactiveadvisorygroup.com,"Louisville, Colorado",http://www.linkedin.com/in/ernie-villany-cpa-80589012,https://app.apollo.io/#/people/660549d9a3a7030006959880
Scott,Sensenig,Founder and President,Financial Fitness Wealth Management,financialfitnesswm.com,http://www.financialfitnesswm.com,"Myrtle Beach, South Carolina",http://www.linkedin.com/in/scott-sensenig-cws%c2%ae-aif%c2%ae-cpfa%c2%ae-1977432a,https://app.apollo.io/#/people/67422c0469d2c500014292b6
Rick,Jensen,Founder,Dr. Rick Jensen's Performance Center,drrickjensen.com,http://www.drrickjensen.com,"Ladera Ranch, California",http://www.linkedin.com/in/dr-rick-jensen,https://app.apollo.io/#/people/5f5086b48ebc5e000198321c
Khaled,Tizani,Co-Founder,"LoanTitan, Inc.",loantitan.com,http://www.loantitan.com,"Los Angeles, California",http://www.linkedin.com/in/khaled-tizani-61261898,https://app.apollo.io/#/people/54c2a9fb7468697af7190cb7
Brent,Owners,Founder,"Wise Choice Planning, LLC",wisechoiceplanning.com,http://www.wisechoiceplanning.com,"Spokane, Washington",http://www.linkedin.com/in/brent-m-wise-trusted-advisor-to-business-owners-78718534,https://app.apollo.io/#/people/683894f4e8f18e00018e8773
Jarrett,Yehlen,Co-Founder & Partner,Itasca Wealth,itascawealth.com,https://itascawealth.com,"Saint Paul, Minnesota",http://www.linkedin.com/in/jarrett-yehlen-cfp%c2%ae-9755899,https://app.apollo.io/#/people/670608bf711a7f000162da16
Roberto,Espinosa,Founder & CEO Avante Wealth,Avante Wealth,roberto-espinosa.com,http://www.roberto-espinosa.com,"San Antonio, Texas",http://www.linkedin.com/in/roberto-espinosa-2174913,https://app.apollo.io/#/people/67b4ee59ee690f00018b64e7
Malissa,White,Co-Founder & Director of Business Development,Crosswaters Wealth Management,crosswaterswm.com,http://www.crosswaterswm.com,"Bend, Oregon",http://www.linkedin.com/in/malissa-white-95a610136,https://app.apollo.io/#/people/66fb08e32bab820001a427f9
Gwen,Books,Founder,Lifestyle Management,lsmplan.com,http://www.lsmplan.com,"Menlo Park, California",http://www.linkedin.com/in/gwen-books-8543045,https://app.apollo.io/#/people/61178ad7cfbc73000110d4a1
Keira,Barr,Co-Founder and President,"Aegis Consulting Group, LLC",aegisconsults.com,http://www.aegisconsults.com,"Bend, Oregon",http://www.linkedin.com/in/keirabarr,https://app.apollo.io/#/people/66f4553922d5d500011cb9f7
Zareh,Shahinian,Financial Advisor and Founder,Oliria Financial LLC,oliriafinancial.com,http://www.oliriafinancial.com,"Pasadena, California",http://www.linkedin.com/in/zarehshahinian,https://app.apollo.io/#/people/5fd86611f7af26000142effb
Steve,Simon,Founder M&A,DQM Advisory,dqmadvisory.com,http://www.dqmadvisory.com,"Chicago, Illinois",http://www.linkedin.com/in/stevenlsimon,https://app.apollo.io/#/people/65c9dee51ac2d500012d794b
Zoe,Zou,Founder & CEO,Insight Funders,insightfunders.com,http://www.insightfunders.com,"New York, New York",http://www.linkedin.com/in/yizou-zoe,https://app.apollo.io/#/people/671583a6e6e1a70001e1e513
Frederick,Blair,Founder/Client Relationship Director,CFA,cfa.pt,http://www.cfa.pt,"Harrisburg, Pennsylvania",http://www.linkedin.com/in/frederick-r-blair-47789022,https://app.apollo.io/#/people/54a3ff9a7468693676572624
Jared,Huffman,CEO & Co-Founder,Pro-Life Payments,prolifepayments.com,http://www.prolifepayments.com,"Winston-Salem, North Carolina",http://www.linkedin.com/in/jaredmhuffman,https://app.apollo.io/#/people/66fc0f04676e760001f690a4
Mandy,Baune,Co-Founder and Director of Advanced Financial Planning,Bield Wealth Management,bieldwealth.com,http://www.bieldwealth.com,"Minneapolis, Minnesota",http://www.linkedin.com/in/mandy-k-baune-mba-clu%c2%ae-chfc%c2%ae-casl%c2%ae-cfp%c2%ae-ricp%c2%ae-cima%c2%ae-a299993,https://app.apollo.io/#/people/64ca3c4718d89800014fcaec
Sean,Zalmanoff,Founder/ Chief Loan Officer,Better Rate Mortgage,betterratemortgage.com,http://www.betterratemortgage.com,"St. Louis, Missouri",http://www.linkedin.com/in/sean-zalmanoff,https://app.apollo.io/#/people/66f5a79a5fab7a0001c731cf
Nick,Guida,Founder & CEO,Guidance Wealth Advisors,guidancewealthadvisors.com,http://www.guidancewealthadvisors.com,"Lebanon, New Jersey",http://www.linkedin.com/in/nick-guida-19226621,https://app.apollo.io/#/people/66f81a0e46bf800001e0d1f0
Bridgett,Springer,Founder,Dickey Financial Services & Wealth Management Firm,dickeyfinancialfirm.com,http://www.dickeyfinancialfirm.com,"Houston, Texas",http://www.linkedin.com/in/bridgett-springer-1931a683,https://app.apollo.io/#/people/5adbd35fa6da98615b671055
Thomas,Little,Wealth Advisor / Founder / Fiduciary,Yeti Wealth Management Group,yetiwealthmanagementgroup.com,http://www.yetiwealthmanagementgroup.com,"Denver, Colorado",http://www.linkedin.com/in/thomas-d-little,https://app.apollo.io/#/people/5abfd68ba6da98cf9c1401d2
Jose,Cardenas,"Chief Tax Strategist | Founder, The C & R Group, LLC","The C & R Group, LLC",thecrgroupllc.com,http://www.thecrgroupllc.com,"Cache, Oklahoma",http://www.linkedin.com/in/dr-jose-cardenas-dba-6b324a6,https://app.apollo.io/#/people/687de7518778cf00013931db
Ifeanyi,Umejei,Founder & CEO,Groovv.io (Techstars '22),groovv.io,http://www.groovv.io,"Addison, Texas",http://www.linkedin.com/in/ifeanyi-u,https://app.apollo.io/#/people/6085b12db41bdd0001bce81a
Matthew,Elonis,Founder,You Will Exit,youwillexit.com,https://youwillexit.com,"Miami Beach, Florida",http://www.linkedin.com/in/matthew-elonis-8057b8222,https://app.apollo.io/#/people/6610cab1bc395600073b6fc4
Lee,Hyde,Founder,Shepherd Financial,shepherdfinancialplanning.com,http://www.shepherdfinancialplanning.com,"Woodstock, Georgia",http://www.linkedin.com/in/lee-hyde,https://app.apollo.io/#/people/66ffb8038de2210001244937
Sheryl,Hickerson,Founder & Chief Finspiration Officer 🎉,Finspired Living,finspiredliving.com,http://www.finspiredliving.com,"Saint Charles, Missouri",http://www.linkedin.com/in/sherylhickerson,https://app.apollo.io/#/people/680f4ff11642830001009f7d
Johnathan,Breen,"Founder & CEO, Wealth Advisor",Beacon Way Wealth Management,beaconwaywealth.com,http://www.beaconwaywealth.com,"Boston, Massachusetts",http://www.linkedin.com/in/johnathanbreen,https://app.apollo.io/#/people/6988052e615a970001b75b99
Tami,Braun,Co-Founder and Chief Executive Officer,volvWealth,volvwealth.com,http://www.volvwealth.com,United States,http://www.linkedin.com/in/tamibraun,https://app.apollo.io/#/people/54a42ee474686938ac7b7233
Jason,Bodmer,Founder and Managing Director,"Bodmer Price & Light, LLC",bodmerprice.com,http://www.bodmerprice.com,"Detroit, Michigan",http://www.linkedin.com/in/jason-bodmer-cpa-abv-asa-6b881511,https://app.apollo.io/#/people/64ee3884be9fb2000189cb58
Holly,Davis,Founder and Financial Planner,Alta Via Financial Planning LLC,altaviafp.com,http://www.altaviafp.com,"Seattle, Washington",http://www.linkedin.com/in/hollywalkerdavis,https://app.apollo.io/#/people/66f562717dcff00001f86aec
Greg,Carrico,Co-Founder and President,Legacy Wealth Advisors,legathy-wealth.com,http://www.legathy-wealth.com,"Charter Township of Clinton, Michigan",http://www.linkedin.com/in/gregcarrico,https://app.apollo.io/#/people/66fd00c3d7e5be000156fe25
Joe,Milam,Founder,HST Capital,hst.capital,http://www.hst.capital,"South Carolina, US",http://www.linkedin.com/in/joemilam,https://app.apollo.io/#/people/66f513e97b91830001e8f903
William,Newman,Founder & Private Wealth Advisor,The Atrium Financial Group,theatriumfinancial.com,https://theatriumfinancial.com,"Albany, New York",http://www.linkedin.com/in/wmnewman,https://app.apollo.io/#/people/66f7114cdf659a0001b3bb45
Farid,Karimi,Co-Founder,Zip Capital Group,zipcapitalgroup.com,http://www.zipcapitalgroup.com,"Irvine, California",http://www.linkedin.com/in/farid-karimi-246a6840b,https://app.apollo.io/#/people/6a19036ac6ebec00011c93c9
Pranav,Popat,Founder and Principal,VCN Partners,vcnpartners.com,http://www.vcnpartners.com,"Los Angeles, California",http://www.linkedin.com/in/pranavpopat,https://app.apollo.io/#/people/54ec2ffd746869444c158a61
Jacqueline,Schadeck,Founder and Certified Financial Planner™ Professional,Golden Wealth Strategies,goldenws.com,http://www.goldenws.com,United States,http://www.linkedin.com/in/jacqueline-schadeck-cfp%c2%ae-awma%c2%ae-7151a8b7,https://app.apollo.io/#/people/60ce87688f613500019665a5
Janet,Wan,Founder| Senior Wealth Advisor,"Sierra Pacific Private Wealth, LLC",sierrapacificpw.com,http://www.sierrapacificpw.com,"Pleasanton, California",http://www.linkedin.com/in/janetwan,https://app.apollo.io/#/people/601ffac09eed8c0001228b97
Kristina,Sergueeva,Founder and Managing Director,Highlands Capital Advisors LLC,hcapadvisors.com,http://www.hcapadvisors.com,"Orlando, Florida",http://www.linkedin.com/in/kristinasergueeva,https://app.apollo.io/#/people/54a9f06a746869334a09341c
Adam,Carroll,Founder,The Shred Method™,theshredmethod.com,http://www.theshredmethod.com,"Des Moines, Iowa",http://www.linkedin.com/in/adamcarrollspeaks,https://app.apollo.io/#/people/65165af1cdba010001c8632f
Steve,Sanduski,Founder,Belay Advisor,stevesanduski.com,http://www.stevesanduski.com,"Portland, Oregon",http://www.linkedin.com/in/stevesanduski,https://app.apollo.io/#/people/66fcab2de83a0e000154d555
CJ,Stermetz,Founder,EquityFTW,equityftw.com,http://www.equityftw.com,"San Jose, California",http://www.linkedin.com/in/cstermetz,https://app.apollo.io/#/people/57e03df1a6da980da7496f79
Mark,Rowlette,CEO & Founder,South Shore Retirement Services,southshoreretirementservices.com,http://www.southshoreretirementservices.com,"Boston, Massachusetts",http://www.linkedin.com/in/mark-rowlette-92166625,https://app.apollo.io/#/people/66f979ea83ba0c00015075d8
Tyler,Terry,Co-Founder & Wealth Management Advisor,Wealth Coast Wealth Management,wealth-coast.com,http://www.wealth-coast.com,"Newport Beach, California",http://www.linkedin.com/in/tylerterry,https://app.apollo.io/#/people/66ffd2443694cf0001d08c71
Michael,Oberg,Founder and Wealth Management Advisor,Oberg Capital Wealth Management,obergcapitalwm.com,http://www.obergcapitalwm.com,"Lakeville, Minnesota",http://www.linkedin.com/in/michael-oberg-cfp%c2%ae-a878b68b,https://app.apollo.io/#/people/63ffc9a4f45d11000176ccaf
Sam,Goss,Founder,The Credit Card Advisor,thecreditcardadvisor.com,http://www.thecreditcardadvisor.com,"Los Angeles, California",http://www.linkedin.com/in/samuel-goss,https://app.apollo.io/#/people/5cd5ef50f65125d1afa4a0de
Leslie,Lewis,Founder,MultiGenerational,theinvestingstarterkit.black,http://www.theinvestingstarterkit.black,United States,http://www.linkedin.com/in/leslie-lewis-4499299,https://app.apollo.io/#/people/66f2a5e8a928800001eede19
Kevin,Olson,Co-Founder and Private Wealth Advisor,Next Phase Advisory Group,nextphaseadvisorygroup.com,http://www.nextphaseadvisorygroup.com,"Downers Grove, Illinois",http://www.linkedin.com/in/kevinolson5,https://app.apollo.io/#/people/67003f975de7840001d43c52
Rich,Arzaga,Founder and CEO,The Real Estate Whisperer Financial Planning,whisperre.com,http://www.whisperre.com,"Monument, Colorado",http://www.linkedin.com/in/richarzaga,https://app.apollo.io/#/people/60378f59e620b30001dcf4c2
Drew,Blackston,"Founder, Certified Retirement Counselor®, & Registered Investment Advisor",Pearl Wealth Group,pearlwealthgroup.com,http://www.pearlwealthgroup.com,"Grand Rapids, Michigan",http://www.linkedin.com/in/drewblackston,https://app.apollo.io/#/people/6795e17984418d000108de67
Tony,Guinane,Founder and Managing Partner,Dial Square Private Wealth,dialsquarepw.com,http://www.dialsquarepw.com,"Irvine, California",http://www.linkedin.com/in/tony-guinane-8b2783b,https://app.apollo.io/#/people/57d86980a6da98789b313bfa
John,Miller,"CEO, Founder",Arcault,arcault.com,http://www.arcault.com,"Boston, Massachusetts",http://www.linkedin.com/in/john-miller-a18a534,https://app.apollo.io/#/people/61152eb6db13d0000108cc4b
Peter,Ruh,"Founder and CEO, BlueBird Advisory",BlueBird Advisory,bluebirdadvisory.com,http://www.bluebirdadvisory.com,"Boulder, Colorado",http://www.linkedin.com/in/bluebirdadvisory,https://app.apollo.io/#/people/67159a9e9525d20001658b00
Nima,Shamsili,Co-Founder & CEO,Likety,likety.com,http://www.likety.com,"Los Angeles, California",http://www.linkedin.com/in/nima-shamsili,https://app.apollo.io/#/people/690e1aa52008ff00019d8e7f
Mark,Silverman,Managing Member/Founder/CERTIFIED Financial Planner™,Silverman + Associates,silverman-associates.com,http://www.silverman-associates.com,"Tucson, Arizona",http://www.linkedin.com/in/tucsonfinancialplanner,https://app.apollo.io/#/people/671215cb3b8d4e0001556139
Michael,Maxwell,"Co-Founder, Chief Operating Officer",Stealth Fintech,stealthfintech.com,https://stealthfintech.com,"Redondo Beach, California",http://www.linkedin.com/in/michael-c-maxwell,https://app.apollo.io/#/people/5b281f26a6da98c305dd37f1
Tom,Henderson,Founder and Chief Executive Officer,"Capital Access Partners, LLC",capitalaccesspartnersllc.com,http://www.capitalaccesspartnersllc.com,"Atlanta, Georgia",http://www.linkedin.com/in/henderson-tom,https://app.apollo.io/#/people/5ffa759bf90d9000014eda78
Kristin,Larson,Founder and Wealth Advisor,NewSpring Wealth Partners,newspringwealthpartners.com,http://www.newspringwealthpartners.com,"Minneapolis, Minnesota",http://www.linkedin.com/in/kristinlarson2,https://app.apollo.io/#/people/66fb2798ce89690001cf65c5
Melissa,Cfp,Founder & Managing Advisor,"Achieve Retirement & Wealth Management, LLC",achieveretirementandwealth.com,http://www.achieveretirementandwealth.com,"Ridgefield, Connecticut",http://www.linkedin.com/in/melissa-adams1068,https://app.apollo.io/#/people/5b8de099324d445c0c9d153e
Nicholas,Gregory,Managing Director and Founder,The Wealth Engineering Family of Companies,thefei.com,http://www.thefei.com,"Clermont, Florida",http://www.linkedin.com/in/nicholaslgregory,https://app.apollo.io/#/people/66fc017ca8fa13000137cff8
Eric,Golden,Founder & CEO,Canopy Capital Group,canopycapital.com,https://canopycapital.com,United States,http://www.linkedin.com/in/ericjgolden,https://app.apollo.io/#/people/668a8902637f380001666b89
Luke,Brown,Founder and President,"True Blue Financial, A Registered Investment Advisor",trueblue.financial,http://www.trueblue.financial,"Saint Joseph, Michigan",http://www.linkedin.com/in/lukebrown1,https://app.apollo.io/#/people/66f65be38c69c00001df0431
Kelly,Schwabacher,Founder & CEO,Greenspring Financial Partners,greenspringfp.com,http://www.greenspringfp.com,"Cincinnati, Ohio",http://www.linkedin.com/in/kelly-schwabacher,https://app.apollo.io/#/people/66ae6789d54b4d0001238720
Scotty,Hendricks,Founder | CEO | Wealth Strategist Freedmen’s Financial Group,"Freedmen's Financial Group, LLC",freedmensfinancial.com,http://www.freedmensfinancial.com,"Atlanta, Georgia",http://www.linkedin.com/in/scotty-hendricks-jr-a73224a,https://app.apollo.io/#/people/613a4bd7612b8000016f0616
Shari,Rash,"Founder, Financial Advisor, Money Coach",GWA Wealth,gwawealth.com,http://www.gwawealth.com,"Mount Pleasant, South Carolina",http://www.linkedin.com/in/shari-rash,https://app.apollo.io/#/people/658e6156f4f2980001816734
Jae,Hwang,Co-Founder,Former,fmr.vc,http://www.fmr.vc,"New York, New York",http://www.linkedin.com/in/jyhwang,https://app.apollo.io/#/people/54a405827468692cf0b6c825
Ryan,Halls,Co-Founder of Hue Partners,Hue Partners,huepartners.com,http://www.huepartners.com,"Austin, Texas",http://www.linkedin.com/in/ryan-halls,https://app.apollo.io/#/people/66f69c45d0d9330001c8bec7
Thomas,Lofy,Founder and CEO,"Lofy Group Wealth Management, Inc.",lofygroupwealthmanagement.com,https://lofygroupwealthmanagement.com,"Phoenix, Arizona",http://www.linkedin.com/in/thomas-r-lofy-9b6117105,https://app.apollo.io/#/people/57d38743f651252bfdd6afcd
Travis,Grieb,Founder and Managing Partner,Centeras Private Wealth,centeraspw.com,http://www.centeraspw.com,"Portsmouth, New Hampshire",http://www.linkedin.com/in/travisgrieb,https://app.apollo.io/#/people/5f97cdd2c3612d0001b889c9
Nicholas,Kalkas,"Daniel Island Wealth Management, Founder and President",Daniel Island Wealth Management,danielislandwealthmanagement.com,http://www.danielislandwealthmanagement.com,"Charleston, South Carolina",http://www.linkedin.com/in/nicholaskalkas,https://app.apollo.io/#/people/63d3fa47775c5100010b9472
Franck,Silva,Managing Partner & Founder,Ænon,aenon.fr,http://www.aenon.fr,"Singapore, Singapore",http://www.linkedin.com/in/franckdasilva,https://app.apollo.io/#/people/54a80a807468696b7f80dd5c
Tracey,Jackson,Founder & Principal,"TAJ Strategic Consulting Services, LLC",tajstrategic.com,http://www.tajstrategic.com,"Pikesville, Maryland",http://www.linkedin.com/in/tracey-jackson-a13b1542,https://app.apollo.io/#/people/66f9f9509901a20001de6c66
Jacob,Schlicht,Founder & Managing Partner,Kickstand Wealth Advisors,kickstandwealth.com,http://www.kickstandwealth.com,"Rochester, New York",http://www.linkedin.com/in/jacobschlicht,https://app.apollo.io/#/people/57d9b218a6da987fcdcaaec3
Lindsey,Cooksen,"Founder, Managing Director",LLC,llc.com,https://llc.com,"Houston, Texas",http://www.linkedin.com/in/lindseycooksen,https://app.apollo.io/#/people/67005a427f95e80001f203fa
Troy,Signorelli,Founder/CEO,NatRevMD,natrevmd.com,http://www.natrevmd.com,"Bluffton, South Carolina",http://www.linkedin.com/in/troy-signorelli-4629833,https://app.apollo.io/#/people/66fb1fe0ffb32f0001c88a08
Peter,Mastroianni,Broker | Founder | Mentor,Loans Only,loansonly.com,http://www.loansonly.com,"Brisbane, Australia",http://www.linkedin.com/in/rentvesting,https://app.apollo.io/#/people/5ae14895a6da984d7ec98cf2
Steven,Beinart,"Co-Founder, Co-CEO",AltX Financial Group,altxgroup.com.au,http://www.altxgroup.com.au,"Sydney, Australia",http://www.linkedin.com/in/steven-beinart-46250325,https://app.apollo.io/#/people/60f7eace2c5aac0001bd8b84
Sharon,Obuobi,Founder & CEO,ALT/FNDATA,altfndata.com,http://www.altfndata.com,"New York, New York",http://www.linkedin.com/in/sharonobuobi,https://app.apollo.io/#/people/60684f5c71c84800012cae5a
Chris,Teets,"Co-founder, Partner",Red Mountain Capital Partners LLC,redmountaincapitalpartners.com,https://redmountaincapitalpartners.com,United States,http://www.linkedin.com/in/chris-teets-1a3408120,https://app.apollo.io/#/people/66f34ecbf5594e00017122dd
Steven,Melchiorri,"Co-Founder, Managing Partner",Cumulative Wealth Solutions,cumulativewealth.com,http://www.cumulativewealth.com,"Manasquan, New Jersey",http://www.linkedin.com/in/smelchiorri,https://app.apollo.io/#/people/54a723b97468696b7f65df18
John,Sidery,Founder and Wealth Advisor,Olympus Wealth Strategies,investolympus.com,http://www.investolympus.com,"Little Rock, Arkansas",http://www.linkedin.com/in/john-sidery-cfp%c2%ae-cpwa%c2%ae-49365ba9,https://app.apollo.io/#/people/651672fbcb9b0a0001fc1906
Talai,Tangifua,Founder,Manini Pay,maninipay.com,http://www.maninipay.com,"Perth, Australia",http://www.linkedin.com/in/talai-tangifua,https://app.apollo.io/#/people/66fe0a20632408000164e382
Tighe,Blazier,Co-Founder,SuVit,suvitaglobal.com,http://www.suvitaglobal.com,"Naples, Florida",http://www.linkedin.com/in/tighe-blazier-a122ab9,https://app.apollo.io/#/people/6824b2e5a3cbbd0001c8244a
Jay,Arshad,Co Founder,MedFactor,medfactorinc.com,http://www.medfactorinc.com,"Phoenix, Arizona",http://www.linkedin.com/in/jayarshad,https://app.apollo.io/#/people/607fac7344af7d000158e051
Sneha,Sadhre,Co-Founder,Agile Receivables,agilereceivables.com,http://www.agilereceivables.com,United States,http://www.linkedin.com/in/sneha-sadhre-agile-receivables,https://app.apollo.io/#/people/6803439f0351040001ea3575
Nadia,Pace,CEO & Founder,Viva Sempre com Dinheiro,vivasemprecomdinheiro.com.br,http://www.vivasemprecomdinheiro.com.br,"Miami, Florida",http://www.linkedin.com/in/n%c3%a1dia-cristina-bekmessian-vieira-pace-020b2312,https://app.apollo.io/#/people/66ff5ad960729700016137fc
Jamee,White,Founder,NextEra Bookkeeping,nexterabookkeeping.com.au,http://www.nexterabookkeeping.com.au,"Gold Coast, Australia",http://www.linkedin.com/in/jamee-white-cpa-088668b4,https://app.apollo.io/#/people/55709944736964190963ac00
Ryan,Rotunno,Founder/Financial Professional,Capella Financial Group,capellafinancialgroup.com,http://www.capellafinancialgroup.com,"Boca Raton, Florida",http://www.linkedin.com/in/ryan-rotunno-04187327,https://app.apollo.io/#/people/54a79d5c7468696220f79845
Hallie,Omogiafo,Founder & CEO,Koody,koody.com,http://www.koody.com,"San Francisco, California",http://www.linkedin.com/in/halimah-omogiafo,https://app.apollo.io/#/people/627bd9e35dd7fa0001af56e6
Justin,O'Keefe,Founder & CEO,"Memorial Asset Protection Plan, LLC",mappnetwork.com,http://www.mappnetwork.com,"Ocean Springs, Mississippi",http://www.linkedin.com/in/justin-o-keefe-clu-chfc-cap-lfd-88560177,https://app.apollo.io/#/people/54c1e2d07468697af7711258
Jason,Co,Founder | Certified Financial Planner™,CoPlanning Financial,coplanning.co,http://www.coplanning.co,"Overland Park, Kansas",http://www.linkedin.com/in/jasonsyco,https://app.apollo.io/#/people/66fcfffad7e5be000156b619
Greg,Ca,Co-Founder & CEO,OpsFi,opsfi.co,http://www.opsfi.co,"Charlotte, North Carolina",http://www.linkedin.com/in/gregtomaselli,https://app.apollo.io/#/people/688324463f1ba9000157aee8
Matthew,Larkin,Founder & Director,Unbroke,unbroke.com.au,http://www.unbroke.com.au,"Sydney, Australia",http://www.linkedin.com/in/matthewlarkin1,https://app.apollo.io/#/people/5adcf3c3a6da9861dfa9224b
Ken,Riewerts,President and Co-Founder,Alignment Financial Advisors,alignmentfinancialadvisors.com,http://www.alignmentfinancialadvisors.com,"Aurora, Colorado",http://www.linkedin.com/in/ken-riewerts-30965712,https://app.apollo.io/#/people/67000772fd887b0001335aea
Dede,Smolen,"Founder, Innovative Financial | CPA, CFP® | Financial Planning Built Around Your Life, not Just Your Money",Innovative Financial,myinnovativefinancialsolution.com,http://www.innovativefinancial.com,"Denver, Colorado",http://www.linkedin.com/in/dedejones,https://app.apollo.io/#/people/54a3ab7f74686938acc57c09
Steve,Surgent,"Principal & Founder, Conifer Capital",Conifer Capital,conifer.capital,http://www.conifer.capital,"Phoenix, Arizona",http://www.linkedin.com/in/stevesurgent,https://app.apollo.io/#/people/54a4f1a37468693209b29c6f
Stephen,Collins,"Founder, Chief Executive Officer & Chief Investment Officer",Private Multi Family Office (MFO),privatemultifamilyofficemfo.com,https://privatemultifamilyofficemfo.com,"Saint Petersburg, Florida",http://www.linkedin.com/in/stephen-collins-442a732b,https://app.apollo.io/#/people/6214762d2423fa0001607481
Bradley,Smith,Founder,Aspen,getaspen.com,http://www.getaspen.com,"Charlotte, North Carolina",http://www.linkedin.com/in/bradley-smith-ab1b0192,https://app.apollo.io/#/people/5d405422a3ae61f2f6ee2d71
Javeste,Dulcio,"As Featured in Forbes, CEO & Founder",StorkFund,storkfunds.com,http://www.storkfunds.com,United States,http://www.linkedin.com/in/javeste,https://app.apollo.io/#/people/68a951d07a4e84000108a581
Max,Moritz,Founder & Partner,The Wellington Group,thewellingtongroupllc.com,http://www.thewellingtongroupllc.com,"Indianapolis, Indiana",http://www.linkedin.com/in/max-moritz,https://app.apollo.io/#/people/66ec98add0c0bd000117980f
Sarah,Lockwood,Founder/ Consultant,Umbrella Finance Consultants,umbrellafinanceconsultants.com.au,http://www.umbrellafinanceconsultants.com.au,"Goondiwindi, Australia",http://www.linkedin.com/in/sarah-lockwood-b53438aa,https://app.apollo.io/#/people/57d4f210a6da9853a0a630b0
Rob,Chuchla,"Co-Founder, Partner",Lane Four Capital Partners,l4cp.com,http://www.l4cp.com,"Dallas, Texas",http://www.linkedin.com/in/rob-chuchla,https://app.apollo.io/#/people/66f72a746054dd0001cdd49d
Michael,McGowan,Founder | Financial Adviser,Canvas Wealth,canvaswealth.ca,http://www.canvaswealth.ca,"Brisbane, Australia",http://www.linkedin.com/in/michael-hugh-mcgowan,https://app.apollo.io/#/people/669c8103a2ec640001d6cd92
Logan-,Hertz,Founder | Infinite Banking Specialist,Hazeltine LLC,hazeltinellc.com,http://www.hazeltinellc.com,"Atlanta, Georgia",http://www.linkedin.com/in/loganhertz,https://app.apollo.io/#/people/55c7dc1b73696411a7760300
Naveed,Balouch,Founder & Managing Director,Home Advantage,homeadvantage.co.nz,http://www.homeadvantage.co.nz,"Auckland, New Zealand",http://www.linkedin.com/in/naveedbalouch,https://app.apollo.io/#/people/54ec4f5c746869431134df7c
Sahil,Sachdev,Founder,DollarBull,dollarbull.com,http://www.dollarbull.com,"Austin, Texas",http://www.linkedin.com/in/sahilsachdev,https://app.apollo.io/#/people/60f728120d84b60001482b6a
Ekenna,Anya-Gafu,Founder,Pacific Canyon Investments,pacificcanyoninvestments.co,http://www.pacificcanyoninvestments.co,"Phoenix, Arizona",http://www.linkedin.com/in/ekenna-anya-gafu,https://app.apollo.io/#/people/66fefe0434f15200018c577f
Robert,Hapanowicz,"Founder & CEO, Sr. Wealth Advisor",Hapanowicz Financial,hapfinancial.com,http://www.hapfinancial.com,"Pittsburgh, Pennsylvania",http://www.linkedin.com/in/bobby-hapanowicz-66546a18b,https://app.apollo.io/#/people/686975266e271700014e085e
Michael,Mohr,Co Founder and Wealth Management Advisor,Harbor Trust Wealth Management - NM,harbortrustwealthmanagementnm.com,https://harbortrustwealthmanagementnm.com,"Mitchell, South Dakota",http://www.linkedin.com/in/michael-mohr-ricp-cepa-a3056915,https://app.apollo.io/#/people/685bcc286d58c90001ff9c14
Jaclyn,Cornelius,"Co-Founder, Chief Operating Officer, and Financial Advisor",KeyVantage Wealth Advisors,keyvantagewealth.com,http://www.keyvantagewealth.com,"Bethlehem, Pennsylvania",http://www.linkedin.com/in/jaclyncornelius,https://app.apollo.io/#/people/66ff23423f12c90001d10403
Leonardo,Cardoso,Founder & Investment Officer,Valoris Capital LLC,valoris.capital,http://www.valoris.capital,"Clermont, Florida",http://www.linkedin.com/in/leocardoso,https://app.apollo.io/#/people/60e68027a8d6460001b85b24
Julie,Esser,CEO & Founder,IgniteFI,ignitefi.com,http://www.ignitefi.com,"Madison, Wisconsin",http://www.linkedin.com/in/juliejesser,https://app.apollo.io/#/people/66f6b74629f4f90001c19dea
Brett,Penprase,Founder,Flybridge Capital Pty Ltd,flybridgecapital.com.au,http://www.flybridgecapital.com.au,"Sydney, Australia",http://www.linkedin.com/in/brett-penprase-8168a48,https://app.apollo.io/#/people/6817cf749f5e2900011e3b8a
Sean,Graham,Founder,ExpandUp,expandup.com,http://www.expandup.com,"Charlotte, North Carolina",http://www.linkedin.com/in/seanygraham,https://app.apollo.io/#/people/54a4ec427468692fa21c826e
Mark,Williams,Founder,MAW Money,mawmoney.com.au,http://www.mawmoney.com.au,"Brisbane, Australia",http://www.linkedin.com/in/mark-williams-b0747a125,https://app.apollo.io/#/people/5d6e41c580f93e5d53a9215e
Kelly,Iannone,"Founder, Real Estate Entrepreneur",Waypoint Wealth Fund / Waypoint CIP,waypointcip.com,http://www.waypointcip.com,"Clermont, Florida",http://www.linkedin.com/in/kelly-iannone-waypointcip,https://app.apollo.io/#/people/66ffc692b358ea00010918ff
Yasmine,Nozile,Founder & Chief Financial Officer,YKIRA FINANCIAL SERVICES,ykirafinancial.com,http://www.ykirafinancial.com,"Smyrna, Georgia",http://www.linkedin.com/in/yasmine-nozile-11b48ba,https://app.apollo.io/#/people/54a279827468693fda87e625
Joshua,Lapidus,Founder,Azos Labs,azos.finance,http://www.azos.finance,"Phoenix, Arizona",http://www.linkedin.com/in/joshualapidus,https://app.apollo.io/#/people/66f51cf39138d10001548a49
Max,Meyer,Founder,Siam Digital Lending,co.th,http://www.siamdl.co.th,"Colorado Springs, Colorado",http://www.linkedin.com/in/max-meyer-509301104,https://app.apollo.io/#/people/611256943720770001706a0b
Parker,,Founder & Managing Director,SLVR Financial,slvrfinancial.com,http://www.slvrfinancial.com,"Baltimore, Maryland",http://www.linkedin.com/in/r-a-parker,https://app.apollo.io/#/people/60cf21c88755d10001f9c8f2
Oneida,Polanco,Founder,Auralense,myauralense.com,http://www.myauralense.com,"Fort Lauderdale, Florida",http://www.linkedin.com/in/oneidafranco,https://app.apollo.io/#/people/66fd91084fa1ac0001d0775d
Vel,Vasic,Founder & CEO,OTLRS,otlrs.com,http://www.otlrs.com,"Singapore, Singapore",http://www.linkedin.com/in/veljkovasic,https://app.apollo.io/#/people/611b653923e7f20001e5853e
Nicholas,Pastori,Founder,Zentheta,zentheta.com,http://www.zentheta.com,United States,http://www.linkedin.com/in/nicholas-pastori-30904126b,https://app.apollo.io/#/people/66085030172bec0007bcb06f
Vamsi,Atluru,Founder,Aasthi,investaasthi.com,http://www.investaasthi.com,"New York, New York",http://www.linkedin.com/in/vamsiatluru,https://app.apollo.io/#/people/67008c5683eb9d00011ba88b
Tami,Aloisa,Founder,Life Transitions Planning LLC,ltplanners.com,http://www.ltplanners.com,"Virginia Beach, Virginia",http://www.linkedin.com/in/lifetransitionsplanningllc,https://app.apollo.io/#/people/63b47928b74c340001f4a0b4
Tony,Ouyang,Founder/Accredited Financial Counselor® (AFC®),Empower Wealth Counseling,empowerwealthcounseling.com,http://www.empowerwealthcounseling.com,"Alameda, California",http://www.linkedin.com/in/tonyouyang,https://app.apollo.io/#/people/6233a882bd2c3300014e9225
Michael,Frazin,Founder,Mosaic Processing,mosaicprocessing.net,http://www.mosaicprocessing.net,"Chicago, Illinois",http://www.linkedin.com/in/mfrazin,https://app.apollo.io/#/people/54a58d507468692cf0fad29a
Joel,Garcia,Founder & CEO,Gruvpay,gruvpay.com,http://www.gruvpay.com,"New York, New York",http://www.linkedin.com/in/joelgarcia123,https://app.apollo.io/#/people/685dbd0b7b9c4500018a6e8a
Douglas,Gan,Founder & CEO,Sera Protocol,sera.cx,http://www.sera.cx,"Singapore, Singapore",http://www.linkedin.com/in/douglasgan,https://app.apollo.io/#/people/6109091ad7df7500014786ca
Chandra,Pandian,Founder,Huddler,huddler.in,http://www.huddler.in,"Savannah, Georgia",http://www.linkedin.com/in/chandra-pandian-752757196,https://app.apollo.io/#/people/60277d3008a33100017085bb
Matthew,King,Founder and Managing Partner,VANQUISH Venture Partners,vanquishvp.com,http://www.vanquishvp.com,"Fort Lauderdale, Florida",http://www.linkedin.com/in/mkvanquish,https://app.apollo.io/#/people/5f6c2ac301411e000199740a
Anzar,Dewani,Founder,ComplyOne,complyone.com,https://complyone.com,"Allen, Texas",http://www.linkedin.com/in/anzardewani,https://app.apollo.io/#/people/677cde76752a960001864642
Jacqueline,Moore,Founder,The Essence Group,essencegroupadvisory.com,http://www.essencegroupadvisory.com,United States,http://www.linkedin.com/in/jacquelinemoore1,https://app.apollo.io/#/people/66f869518dcef000014b286e
Savanna,Zinno,Co-Founder & Managing Partner,Parallax Partners,parallaxp.com,http://www.parallaxp.com,"Cleveland, Ohio",http://www.linkedin.com/in/savannaroberts,https://app.apollo.io/#/people/66ebdab01008ec00012fc34a
Jeremy,Hovater,Founder and Managing Partner,Sunset Business Advisors,sunsetbusinessadvisors.com,https://sunsetbusinessadvisors.com,"Fairhope, Alabama",http://www.linkedin.com/in/jeremyhovater,https://app.apollo.io/#/people/680ce7d2caa75d0001dd6792
Charles,Hull,Founder,Silver Street,silver-st.com,http://www.silver-st.com,"Kawaihae, Hawaii",http://www.linkedin.com/in/charleshull,https://app.apollo.io/#/people/60cb63a858a51f00014444a7
Blake,Williams,Founder,Trustport,trustport.com,https://trustport.com,"Melbourne, Australia",http://www.linkedin.com/in/blake-williams-founder,https://app.apollo.io/#/people/679721c6e899fb000107164e
Jeff,Green,Founder,Nexus Wealth Strategies,nexuscpwa.com,http://www.nexuscpwa.com,"Nashville, Tennessee",http://www.linkedin.com/in/jeff-greenso,https://app.apollo.io/#/people/682fe89358d2a80001ac52ca
Jieun,Han,Founder,Kixy,kixy.com,http://www.kixy.com,"New York, New York",http://www.linkedin.com/in/jieun-han-a15583271,https://app.apollo.io/#/people/65532cb5a8908a0001687ea1
Kristine,Kircher,"Co-Founder, Private Wealth Advisor - First Servant Wealth Management &Partners",First Servant Wealth Management &Partners,firstservantwealth.com,http://www.firstservantwealth.com,"Minneapolis, Minnesota",http://www.linkedin.com/in/kristinekircher,https://app.apollo.io/#/people/66f82df4f3aaa200011cee47
Ali,Jammoul,Co-founder,Adeptech-solutions,joinadeptech.com,http://www.joinadeptech.com,United States,http://www.linkedin.com/in/ali-jammoul-b3b2b21ab,https://app.apollo.io/#/people/62c930c70600540001411ce9
Ivan,Huang,Founder,ST Holdings Ltd,stholdings-ltd.com,http://www.stholdings-ltd.com,"New York, New York",http://www.linkedin.com/in/ivan-huang-a222122a2,https://app.apollo.io/#/people/658e4886736a2f0001910fd4
Frank,Randall,Founder,MedPro Financials,medprofinancials.com,http://www.medprofinancials.com,"Rochester, New York",http://www.linkedin.com/in/frandall,https://app.apollo.io/#/people/66f77b260294ca0001cb735b
Genti,Cici,Founder,StandUP Advisors,standupadvisors.com,http://www.standupadvisors.com,"Baltimore, Maryland",http://www.linkedin.com/in/genticici,https://app.apollo.io/#/people/55c579be7369644a2f2c6500
Michael,Wilkins,Founder and Managing Partner,Gray Oak Capital Management,grayoakcapitalmanagement.com,http://www.grayoakcapitalmanagement.com,"Greenwich, Connecticut",http://www.linkedin.com/in/michael-s-wilkins-55943932,https://app.apollo.io/#/people/5b39ab3fa6da98559d6b4050
Resul,Nurlyyev,Founder,Bay Pay,baypaybank.com,http://www.baypaybank.com,"Houston, Texas",http://www.linkedin.com/in/resul-nurlyyev-71533ab5,https://app.apollo.io/#/people/61baba9042431b0001f41888
Stephanie,Hohenshell,Founder,Hohenshell Financial,hohenshellfinancial.com,http://www.hohenshellfinancial.com,"Springfield, Missouri",http://www.linkedin.com/in/hohenshell,https://app.apollo.io/#/people/6365324f1cc4e40001f8ddb8
Noah,Sinyangwe,Founder,Golden Boot Financial Inc.,goldenbootfinancial.com,http://www.goldenbootfinancial.com,"San Francisco, California",http://www.linkedin.com/in/noahsinyangwe,https://app.apollo.io/#/people/61b44f99c13f520001c5930a
Ray,Martin,President and Founder,SeeNoFees,seenofees.com,http://www.seenofees.com,"New Orleans, Louisiana",http://www.linkedin.com/in/ray-martin-44277666,https://app.apollo.io/#/people/608450b235ec8e0001d33f8a
Taylor,Copacia,Founder & CEO,TuitionPay.ai,tuitionpay.ai,http://www.tuitionpay.ai,"Detroit, Michigan",http://www.linkedin.com/in/taylorcopacia,https://app.apollo.io/#/people/54a6404f7468693209b7a5ce
Kyle,Rasmussen,Founder,HG Wealth Advisors,hgwealthadvisors.com,http://www.hgwealthadvisors.com,"Columbia, South Carolina",http://www.linkedin.com/in/kylerasmussen1,https://app.apollo.io/#/people/66fbab8cc0ee1d0001e09209
Louis,Green,Founder,Prestiq Wealth,prestiqwealth.com,http://www.prestiqwealth.com,"New York, New York",http://www.linkedin.com/in/louisgreencfa,https://app.apollo.io/#/people/6629e1c8e30bb700071c46db
Kent,Thompson,Founder,"Kent Thompson, CFP®, MSFS, Financial Advisor",kentthompson.net,http://www.kentthompson.net,"Raleigh, North Carolina",http://www.linkedin.com/in/kentwthompson,https://app.apollo.io/#/people/66f82683eee1360001ba121f
Donnie,Lagrange,Founder,"LaGrange Financial Group, LLC",lagrangefinancial.com,https://lagrangefinancial.com,"Rockwall, Texas",http://www.linkedin.com/in/donnielagrange,https://app.apollo.io/#/people/54a418c47468692abf86d82b
Trey,Liebau,Founder,Lake Life Planning,lakelifeplanning.com,http://www.lakelifeplanning.com,"Wichita, Kansas",http://www.linkedin.com/in/treyliebau,https://app.apollo.io/#/people/6651a68e0273f200019687e5
Kyle,Fitzgerald,Founder & CEO,Bravern Wealth,bravernwealth.com,http://www.bravernwealth.com,"Little Rock, Arkansas",http://www.linkedin.com/in/kyle-fitzgerald-ricp%c2%ae-ea-176317162,https://app.apollo.io/#/people/62a06279cb213b0001240d6c
Timothy,Murray,Founder,Luca NextGen Financial,lucanextgen.ai,http://www.lucanextgen.ai,"Tampa, Florida",http://www.linkedin.com/in/timothy--murray,https://app.apollo.io/#/people/66ec211f35509f0001c0cf56
Sitaram,Kakarlamudi,Co-Founder,Avici,avici.money,http://www.avici.money,"New York, New York",http://www.linkedin.com/in/sitaramkakarlamudi,https://app.apollo.io/#/people/66599e15ff95200001ec543a
Jon,Hsu,Founder,TrueVector Wealth Advisors,truevectorwealthadvisors.com,http://www.truevectorwealthadvisors.com,"Denver, Colorado",http://www.linkedin.com/in/jon-hsu-tvwa,https://app.apollo.io/#/people/66f96c0f9901a20001b19040
Jasdeep,Khera,"Founder & CEO, Yieldwink",Yieldwink,yieldwink.com,http://www.yieldwink.com,"New York, New York",http://www.linkedin.com/in/jasdeepkhera,https://app.apollo.io/#/people/54a8ab6874686930ad130b03
Andrea,Weber,Founder,Marlin Tech Partners,marlin.tech,http://www.marlin.tech,"Berlin, Maryland",http://www.linkedin.com/in/andrea-weber-7775801b3,https://app.apollo.io/#/people/60c4ffe46c4ccf00019f2b6f
Khalid,Ashmawy,Founder,Munify,munify.ai,http://www.munify.ai,United States,http://www.linkedin.com/in/khalidashmawy,https://app.apollo.io/#/people/66f5a463a9edbe00012f060f
Steve,Attri,Co-Founder,Simplicity Investing India Private Limited,simplicityinvesting.com,http://www.simplicityinvesting.com,"Dallas, Texas",http://www.linkedin.com/in/steve-attri,https://app.apollo.io/#/people/54a9b94d74686930ad3df716
Rogel,Spencer,Founder | CEO,Noir Capital,noircapital.com,https://noircapital.com,"New York, New York",http://www.linkedin.com/in/rogel-spencer-cfp%c2%ae-ricp%c2%ae-chfc%c2%ae-clu%c2%ae-casl%c2%ae-27b4a113,https://app.apollo.io/#/people/670f43fec59d7900013db08f
Rain,Huan,Co-Founder,Mason Labs,masonlabs.io,http://www.masonlabs.io,"Singapore, Singapore",http://www.linkedin.com/in/rainhuan,https://app.apollo.io/#/people/6696414016577b0001841e15
Jason,Kuan,Founder,Shern Advisory,axjfinancebrokers.com.au,http://www.axjfinancebrokers.com.au,"Carlton, Australia",http://www.linkedin.com/in/kuanjason,https://app.apollo.io/#/people/61114a39e825fa000188094c
Alex,King,Founder,"Cestrian Capital Research, Inc",cestriancapitalresearch.com,http://www.cestriancapitalresearch.com,"Newport Beach, California",http://www.linkedin.com/in/alex-king-486000249,https://app.apollo.io/#/people/63dd34b141acfc000191e6b5
Alfonso,Arana,Co-Founder,"TAP, Inc.",tap.com,http://www.tapinvest.com,"California, US",http://www.linkedin.com/in/alfonso-arana,https://app.apollo.io/#/people/66fb5696b5ed3900018bc912
James,Borz,CEO/Founder,OMINEX,ominex.com,http://www.ominex.com,"West Palm Beach, Florida",http://www.linkedin.com/in/jimborz,https://app.apollo.io/#/people/681b0d2b3e9d2000016101bf
Enyo,Sam,Founder & CTO,Easner,easner.com,http://www.easner.com,"San Francisco, California",http://www.linkedin.com/in/enyosam,https://app.apollo.io/#/people/67279dd579dbdf000148b4b4
Marvin,Bush,Founder & Chief Executive OfficerFull-time,OVO Structured Capital,ovostructuredcapital.com,http://www.ovostructuredcapital.com,"Los Altos, California",http://www.linkedin.com/in/marvin-bush,https://app.apollo.io/#/people/6a542eaab1be00000185f254
Eric,Kuan,Co-Founder,SilverRock,silverrockfs.co.uk,http://www.silverrockfs.co.uk,"New York, New York",http://www.linkedin.com/in/ejkuan,https://app.apollo.io/#/people/57e0fe14a6da987d8cb35656
Alix,Maurin,Co-founder,RentFlow,rentflow.com,http://www.rentflow.com,United States,http://www.linkedin.com/in/alix-maurin-850610148,https://app.apollo.io/#/people/66ed68cd1c2a240001864cff
Ben,Heizer,President/𝐅𝐨𝐮𝐧𝐝𝐞𝐫 of Thrive.,THRIVE.,thrive.com,https://thrive.com,"Lincolnshire, Illinois",http://www.linkedin.com/in/ben-heizer,https://app.apollo.io/#/people/66f4d246f916350001b42a75
Luigi,Marco,Founder & Payment Consultant,82 Payment Solutions,82payments.com,http://www.82payments.com,"New York, US",http://www.linkedin.com/in/luigi-de-marco-016a1ba,https://app.apollo.io/#/people/54a3bd287468692abfa2900e
Ihor,Vlasov,Co-Founder,BankStore,bankstore.ai,http://www.bankstore.ai,"San Francisco, California",http://www.linkedin.com/in/ihorvlasov,https://app.apollo.io/#/people/669645373191290001679a62
Mardiros,Amezquita,Ceo-founder,VANK,vank.co,http://www.vank.co,"Miami, Florida",http://www.linkedin.com/in/mardirosdaghinian,https://app.apollo.io/#/people/63d8db269c6859000107d1f7
Guerrio,Anilus,Co-Founder,Covred,getcovred.com,http://www.getcovred.com,United States,http://www.linkedin.com/in/guerrio-anilus-52a69a1a4,https://app.apollo.io/#/people/607a47b33664050001c6d1d6
Millicent,Akuffo,Co-Founder,OAPay,oapay.co,http://www.oapay.co,"Dallas, Texas",http://www.linkedin.com/in/millicent-akuffo-43a96358,https://app.apollo.io/#/people/5e70f2e25058af0001fcd8dc
Ernesto,Rizek,Founder,Transi,transiapp.com,http://www.transiapp.com,"New York, New York",http://www.linkedin.com/in/ernesto-rizek-92975a218,https://app.apollo.io/#/people/6116179e33204900014dd9d0
Kristian,Lund,Co-Founder,LBYM Labs,lbymlabs.com,http://www.lbymlabs.com,"Minneapolis, Minnesota",http://www.linkedin.com/in/kristianlund,https://app.apollo.io/#/people/6682310b342d7a0001737e5c
Ryan,Ssa,Founder & Director,Everstead Private Wealth,eversteadpw.com.au,http://www.eversteadpw.com.au,"Melbourne, Australia",http://www.linkedin.com/in/ryans888,https://app.apollo.io/#/people/64896160c2329a00015a8044
Iain,McKie,Co-Founder,WLTH.XYZ,wlth.xyz,http://www.wlth.xyz,"Bundall, Australia",http://www.linkedin.com/in/iain-mckie-b09993117,https://app.apollo.io/#/people/57d56e45a6da9853d62af5b7
Kaleb,McCarty,Founder and CEO,Elite Wealth Advisors LLC,eliteadvisors.com,http://www.eliteadvisors.com,"Bradenton, Florida",http://www.linkedin.com/in/kaleb-mccarty-05535836,https://app.apollo.io/#/people/65164f9b98da510001f3c705
Heather,Quinn,"Founder, Wealth Management Advisor, ChFC®, CFP ®","Fortuna Wealth Management, Legacy Planning & Insurance Solutions",fortunawealthmanagementlegacyplanninginsurance.com,https://fortunawealthmanagementlegacyplanninginsurance.com,"Los Angeles, California",http://www.linkedin.com/in/heathercourtneyquinn,https://app.apollo.io/#/people/67004e1b321e8b00014c199f
Will,Jordan,Co-Founder,Disco Finance,getdisco.io,http://www.getdisco.io,"Los Angeles, California",http://www.linkedin.com/in/heywilljordan,https://app.apollo.io/#/people/5f4ba75ff68a590001b745d1
Alisha,Crafton,CEO & Founder,Crown Consulting Group,com.pk,http://www.crownconsultingai.com,"Austin, Texas",http://www.linkedin.com/in/alishacrafton,https://app.apollo.io/#/people/66dec59b9d8c0600017e92a2
Jim,Horning,Founder,Ammalgam,ammalgam.xyz,http://www.ammalgam.xyz,"Denver, Colorado",http://www.linkedin.com/in/horningjames,https://app.apollo.io/#/people/6045cfb04cad5c0001d6a517
Jennifer,Steil,Founder & Principal,Volante Integrated Planning,volanteintegratedplanning.com,https://volanteintegratedplanning.com,"Spring, Texas",http://www.linkedin.com/in/willisjennifer,https://app.apollo.io/#/people/54a595d074686938ac96959c
Bal,Joshi,Founder,Xuno,xuno.co,http://www.xuno.co,United States,http://www.linkedin.com/in/goatseller,https://app.apollo.io/#/people/66f1ba0830acbe0001fc5e8a
Ken,King,Founder,"KSK Investors, LLC",kskinvestors.com,http://www.kskinvestors.com,"Charlotte, North Carolina",http://www.linkedin.com/in/ken-king-64555632,https://app.apollo.io/#/people/67569e6fe750870001042513
Branson,Montgomery,Co-Founder,Pixelpay,pixelpay-arcade.com,http://www.pixelpay-arcade.com,"Fort Collins, Colorado",http://www.linkedin.com/in/branson-montgomery,https://app.apollo.io/#/people/63dafae14e1ddc00014b5ef8
Thomas,O'Keeffe,Founder,Anytime Finance,anytimefinance.com.au,http://www.anytimefinance.com.au,"Brisbane, Australia",http://www.linkedin.com/in/thomas-o-keeffe-951a48a5,https://app.apollo.io/#/people/697b3917c417170001741d68
Lance,Mysyrowicz,"Founder, CEO",Growth Lending,growthlending.com,http://www.growthlending.com,"New York, New York",http://www.linkedin.com/in/lancemy,https://app.apollo.io/#/people/60d210ce07b1d300014ea8fd
Philippe,Violette,Founder,WRG Finance,wrgfinance.com,http://www.wrgfinance.com,"Kentfield, California",http://www.linkedin.com/in/philippe-violette-4111171,https://app.apollo.io/#/people/59f9cae17dda4dbd5f1326b5
Barry,Nelson,Co-Founder,"VisiPay, LLC",visipay.io,http://www.visipay.io,"Kansas City, Missouri",http://www.linkedin.com/in/barry-e-nelson-mba-cepa-cmfc-cbda-6310142b,https://app.apollo.io/#/people/6879e038489b10000157d0e7
Matthew,Stearns,President & Founder,Brookhouse Advisors,brookhouseadvisors.com,http://www.brookhouseadvisors.com,"Meadville, Pennsylvania",http://www.linkedin.com/in/matthew-stearns-brookhouseadvisors,https://app.apollo.io/#/people/66ef9af631ebf5000161150b
Gautam,Narla,Founder & CEO - Building,Vestral,vestral.finance,http://www.vestral.finance,"San Francisco, California",http://www.linkedin.com/in/gautam-narla-4b1803264,https://app.apollo.io/#/people/6556cc8ea60b110001ea2d90
Kellen,Jones,Chief Executive Officer & Co-Founder,FundingDatabase,fundingdatabase.com,http://www.fundingdatabase.com,"Lehi, Utah",http://www.linkedin.com/in/kellen-jones,https://app.apollo.io/#/people/66f285d4af684d0001b4040b
Kwamina,Amua-Sekyi,Founder,Big6Advisors™,big6advisors.com,http://www.big6advisors.com,"Houston, Texas",http://www.linkedin.com/in/kwamina-amua-sekyi-721836188,https://app.apollo.io/#/people/610e303561a3df00013bae68
Kevin,Rosa,Founder | Merchant Services Advisory,"Denelope, LLC",denelope.com,http://www.denelope.com,"Claremont, New Hampshire",http://www.linkedin.com/in/kevin-de-rosa,https://app.apollo.io/#/people/66f56a61df8d5f0001b8263f
Steve,Abraham,Co-founder,Zed,zed.co,https://zed.co,"San Francisco, California",http://www.linkedin.com/in/steve-abraham-3b05302a,https://app.apollo.io/#/people/66f3fbdc83b047000112baaf
Ramu,Arivuvel,Founder (INY Digital / Fintech),Inypay,inypay.com,http://www.inypay.com,"Singapore, Singapore",http://www.linkedin.com/in/ramuarivuvel,https://app.apollo.io/#/people/677b6b131d03d60001f30d47
Marquita,Solomon,Founder | CEO,"Solomon Financial Group, LLC",solomonfinancialgroupllc.com,http://www.solomonfinancialgroupllc.com,"Franklin, Tennessee",http://www.linkedin.com/in/marquita-solomon-85b488237,https://app.apollo.io/#/people/63dd095a5bb66d000190bb88
George,Redix,Founder & Managing Principal,The Triad Group LLC,thetriadgrp.com,http://www.thetriadgrp.com,"Frisco, Texas",http://www.linkedin.com/in/george-redix-6a5196165,https://app.apollo.io/#/people/5d4528a8f651252a84c5a047
Aelaf,Mideksa,Co-Founder,Mela Finance,melafinance.com,http://www.melafinance.com,"Alexandria, Virginia",http://www.linkedin.com/in/aelaf-mideksa,https://app.apollo.io/#/people/68fcdb1899d26200012d915c
Emmanuel,Nelson,Founder,FundNext Capital,fundnextcapital.com,http://www.fundnextcapital.com,"Miami, Florida",http://www.linkedin.com/in/nuel-nelson,https://app.apollo.io/#/people/67007e4518c0de00013804d9
Jacob,Koenig,CEO & Founder,KOM Capital Partners,komcp.com,http://www.komcp.com,"New York, New York",http://www.linkedin.com/in/jacobkoenig,https://app.apollo.io/#/people/54aa71477468690377df9105
Shivam,Nayak,Founder,Rezo Technologies | Rezofin,rezofin.com,http://www.rezofin.com,"Dallas, Texas",http://www.linkedin.com/in/nayakshivam,https://app.apollo.io/#/people/54a278017468693fda0e6c25
Paul,Crowley,Founder,Unbound,the-real-debt-optimizer.com,http://www.the-real-debt-optimizer.com,"New York, New York",http://www.linkedin.com/in/paulcrowley1,https://app.apollo.io/#/people/57d8ec2fa6da98721a9da0c0
Ghassan,Khalife,Founder,NOJU,noju.io,http://www.noju.io,"Washington, District of Columbia",http://www.linkedin.com/in/ghassan-khalife-41149893,https://app.apollo.io/#/people/55bf02bf7369646589dd6100
William,James,Founder & CEO,William & Partners,williampartners.co.uk,http://www.williampartners.co.uk,"New York, New York",http://www.linkedin.com/in/thewilliamjames,https://app.apollo.io/#/people/66f6d48ec05b530001974584
Andy,Tupler,Founder - Financial Planner,Tupler Financial,tuplerfinancial.com,http://www.tuplerfinancial.com,"Warren, New Jersey",http://www.linkedin.com/in/andy-tupler,https://app.apollo.io/#/people/66f8cdb08dcef0000162c822
Julie,Kist,Founder & Wealth Advisor,Kelos Wealth Planning,keloswealth.com,http://www.keloswealth.com,"Cincinnati, Ohio",http://www.linkedin.com/in/julie-kist,https://app.apollo.io/#/people/5d4f7a6ef651251385bffb0b
Hensay,Qualah,Founder | CEO | Managing Partner,Edenbrook Capital Partners,edenbrookcapitalpartners.com,http://www.edenbrookcapitalpartners.com,"Dallas, Texas",http://www.linkedin.com/in/hensayqualah,https://app.apollo.io/#/people/605fafb2baacb20001d253ec
Shawn,Lally,Founder/CEO,BizPayPros,bizpaypros.net,http://www.bizpaypros.net,"Atlanta, Georgia",http://www.linkedin.com/in/shawn-lally-46910216,https://app.apollo.io/#/people/66fc117d676e760001f7446e
Giancarlo,Quintana,Founder & Managing Partner | Northstar Solutions,NorthStar Solutions,gonorthstarsolutions.com,http://www.gonorthstarsolutions.com,"Fort Lauderdale, Florida",http://www.linkedin.com/in/giancarlo-quintana-aa8306121,https://app.apollo.io/#/people/5abd6ba0a6da98410dbb57e2
Thomas,Cep,Founder/President,Christopher Financial Group,christopherfg.com,https://christopherfg.com,"Conshohocken, Pennsylvania",http://www.linkedin.com/in/thomastomchristopher,https://app.apollo.io/#/people/66fe4250c16028000104a480
Alshawn,Johnson,Founder & CEO,JEF! joineasyfund,joineasyfund.com,http://www.joineasyfund.com,"Austin, Texas",http://www.linkedin.com/in/alshawn-johnson,https://app.apollo.io/#/people/66f991449901a20001bd8d97
Rana,Mookherjee,Founder and Managing Partner,Stochastic Capital,stochasticholdings.com,http://www.stochasticholdings.com,"San Francisco, California",http://www.linkedin.com/in/mookherjee,https://app.apollo.io/#/people/5e1a3e90e87aca0001b122d1
Elisabeth,Dawson,Founder / CEO,Elisabeth Dawson Inc.,elisabethdawson.com,http://www.elisabethdawson.com,"San Diego, California",http://www.linkedin.com/in/copiawm,https://app.apollo.io/#/people/60dec8ae183e9f0001245eef
Martins,Ejeheri,CEO/Co-Founder,Clockvest,clockvest.com,http://www.clockvest.com,"Dallas, Texas",http://www.linkedin.com/in/martins-ejeheri-58a5744b,https://app.apollo.io/#/people/54c1a2f974686916391ba42d
William,Hoover,Co-Founder,"Covered Bridges Financial Strategies, LLC",covered-bridges.com,http://www.covered-bridges.com,"Burke, Virginia",http://www.linkedin.com/in/william-hoover-cbfsllc,https://app.apollo.io/#/people/66f56eb87dcff00001fc9e35
Zac,Wilson,Founder,Australian Finance Brokerage,australianfinancebrokerage.au,http://www.australianfinancebrokerage.au,"Gold Coast, Australia",http://www.linkedin.com/in/zac-wilson-afb,https://app.apollo.io/#/people/6080726865271a00019f8423
Nidhi,Singhvi,Co-Founder & CEO,Unvault,unvault.co,http://www.unvault.co,"San Francisco, California",http://www.linkedin.com/in/nidhi-singhvi-96324716,https://app.apollo.io/#/people/66f26ec99c235b000167dfa0
Joel,Mathews,CEO/Founder,Together Forward Capital,togetherforwardcap.com,http://www.togetherforwardcap.com,"Boca Raton, Florida",http://www.linkedin.com/in/joel-mathews-aif-daf-b3324020,https://app.apollo.io/#/people/61ab1ab6c1a7220001f91b0c
Imran,Haider,Founder,Burj Financial Services,burj.com.au,http://www.burj.com.au,"Norwest, Australia",http://www.linkedin.com/in/imran-haider-040bb761,https://app.apollo.io/#/people/5ab1d3c1a6da985405a6ee3b
Sadish,Visvalingam,Founder,Premier Financial Advocates,pfadvisors.com.au,http://www.pfadvisors.com.au,"Melbourne, Australia",http://www.linkedin.com/in/sadish-visvalingam-93680699,https://app.apollo.io/#/people/57d386faf651252c074fd25c
Michael,Mitchell,CDO & Co-Founder,Gifty Labs,giftylabs.io,http://www.giftylabs.io,"San Francisco, California",http://www.linkedin.com/in/michaelwmitchell,https://app.apollo.io/#/people/54a20bfd7468692e71190f08
Gerald,Pasquier,Founder / Managing Director,Exocap,exocap.sg,http://www.exocap.sg,"Singapore, Singapore",http://www.linkedin.com/in/geraldpasquier,https://app.apollo.io/#/people/6103c8075a0d030001974d45
Meredith,Dvm,Founder & Financial Planner,Allvet Financial,allvetfinancial.com,http://www.allvetfinancial.com,"Richmond, Virginia",http://www.linkedin.com/in/meredith-jones,https://app.apollo.io/#/people/66fe233863240800016c4b92
James,Mugambi,Co-founder and COO,Kolan,kolan.xyz,http://www.kolan.xyz,"San Francisco, California",http://www.linkedin.com/in/jamesmugambi,https://app.apollo.io/#/people/66db2927d54768000193682c
Marvin,Francois,"Co-Founder, CEO & CTO",The Founders' Pool,thefounderspool.com,http://www.thefounderspool.com,"Atlanta, Georgia",http://www.linkedin.com/in/m-francois-cfa-305,https://app.apollo.io/#/people/66fac20201d297000175c975
Ted,Davies,Managing Partner - Co-Founder,"Reicon Wealth Advisors, LLC",reiconwealthadvisors.com,http://www.reiconwealthadvisors.com,"Atlanta, Georgia",http://www.linkedin.com/in/ted-davies-01b47a5,https://app.apollo.io/#/people/66f4367dde2e470001a1cc49
Kaushal,Shah,Co-Founder,Shakti Capital,shakticapital.com,http://www.shakticapital.com,"California, US",http://www.linkedin.com/in/kkshah93,https://app.apollo.io/#/people/5fa064e125a2c80001bd888a
Eric,Gurry,Co-Founder,UnbundleX LLC,unbundlex.com,http://www.unbundlex.com,"Chicago, Illinois",http://www.linkedin.com/in/egurry,https://app.apollo.io/#/people/66f986877a7e3e000155184f
Teddy,Ogallo,Founder,WayaWaya,wayawaya.com,http://www.wayawaya.com,"Asheville, North Carolina",http://www.linkedin.com/in/teddyogallo,https://app.apollo.io/#/people/5f2cfb1dfc5ea200e60faf71
Kevin,McElveen,Founder| CEO,Paylinq,getpaylinq.com,http://www.getpaylinq.com,"Hephzibah, Georgia",http://www.linkedin.com/in/kevin-mcelveen,https://app.apollo.io/#/people/57d5703ca6da98537204daf8
Jonathan,McGowens,Founder & Managing Partner,New Albion Capital,newalbioncapital.com,http://www.newalbioncapital.com,"Los Angeles, California",http://www.linkedin.com/in/jmcgowens,https://app.apollo.io/#/people/66f8c290a817d600019c0440
Grishka,Bonlong,Founder & CEO,Tamsey,tamseyfs.com,http://www.tamseyfs.com,United States,http://www.linkedin.com/in/grishka-bonlong-b6110a45,https://app.apollo.io/#/people/60aa3639d58b7a000144f1a7
Sanjeev,Pati,"Founder, Scatterplot Analytics (www.scatterplot.co)",Scatterplot Analytics,scatterplot.co,http://www.scatterplot.co,"New York, New York",http://www.linkedin.com/in/sanjeev-pati,https://app.apollo.io/#/people/61161e3f6973b200013e2330
Garrett,Layell,Founder,Advisor Advocates,theadvisoradvocates.com,http://www.theadvisoradvocates.com,"Raleigh, North Carolina",http://www.linkedin.com/in/garrett-layell-35268855,https://app.apollo.io/#/people/6513da42d3251200010c75b8
Rick,Phillips,"Founder, Advisor, Partner","Phillips Financial Management, LLC",myphillips.com,http://www.myphillips.com,"Fort Wayne, Indiana",http://www.linkedin.com/in/rickphillipsfinancial,https://app.apollo.io/#/people/66ebe30ac35d030001fcd2ba
Lior,Moscovich,Founder & CEO,Vich Capital,vichcapital.com,http://www.vichcapital.com,"Newport Beach, California",http://www.linkedin.com/in/lior-moscovich,https://app.apollo.io/#/people/6796f85d8f970c0001ac5840
Oscar,Rodriguez,Founder and CEO,Brodner Life Finance,brodnerlifefinance.com,http://www.brodnerlifefinance.com,"Hollywood, Florida",http://www.linkedin.com/in/oscar-w-rodriguez-88112522,https://app.apollo.io/#/people/60296611b1f4fe00016989e9
Stephen,Taylor,"Founder, Lead Advisor",Merited Wealth,meritedwealth.com,http://www.meritedwealth.com,"Miami, Florida",http://www.linkedin.com/in/satwm,https://app.apollo.io/#/people/680368206c85500001168dd6
Steve,Brennan,Founder and CEO,Momentum Debt Relief,momentumdebtrelief.com,http://www.momentumdebtrelief.com,"Newport Beach, California",http://www.linkedin.com/in/steve-brennan-406150178,https://app.apollo.io/#/people/5fa3abd58b060a0001b9801c
Tobias,Fischer,"Co-Founder, now CEO",Expatrio,expatrio.com,http://www.expatrio.com,"Singapore, Singapore",http://www.linkedin.com/in/tobias-fischer-67a1b5a6,https://app.apollo.io/#/people/619b2316ebd46d00012e9cd7
Melissa,Cuturich,Founder,divaenterprises.com.au,divaenterprises.com.au,https://divaenterprises.com.au,"Sydney, Australia",http://www.linkedin.com/in/melissacuturich-divafinancial,https://app.apollo.io/#/people/623d34aa3883f40001b4d698
Kunal,Lakhani,Director / Founder,The One Consulting,theone.financial,http://www.theone.financial,"Sydney, Australia",http://www.linkedin.com/in/kunal-lakhani-cfa,https://app.apollo.io/#/people/5f4fff92c66076000125e630
Greg,Allen,Vice President and Founder,Allenhouse Metals,allenhousemetals.com,http://www.allenhousemetals.com,"West Palm Beach, Florida",http://www.linkedin.com/in/greg-allen-8192a6123,https://app.apollo.io/#/people/66fc460e5ad80e000192435c
Skee,Orr,"Founder, Lead Advisor",Kinetic Wealth,kineticwealthplanning.com,http://www.kineticwealthplanning.com,"Knoxville, Tennessee",http://www.linkedin.com/in/skeeorr,https://app.apollo.io/#/people/64eddecd35db3a00012f8666
John,Skomski,CEO and Founder,Converge Wealth Partners LLC,convergewealth.com,http://www.convergewealth.com,"Rochester, New York",http://www.linkedin.com/in/john-skomski,https://app.apollo.io/#/people/66f82eadeee1360001bc6a63
Noah,Gotbaum,Founder/CEO,Spirit Advisors,spiritadvisors.com,http://www.spiritadvisors.com,"New York, New York",http://www.linkedin.com/in/noahgotbaum,https://app.apollo.io/#/people/567b3817a6da9851690087fe
Manoj,Jain,Founder & CEO,Bitfia Technologies,bitfia.io,http://www.bitfia.io,"Singapore, Singapore",http://www.linkedin.com/in/manoj3003,https://app.apollo.io/#/people/66f25d5443773d0001f7d7f0
Rob,Kraft,Co-Founder/CTO,"Access Capital Technologies, LLC",accesscapital.tech,http://www.accesscapital.tech,"Los Angeles, California",http://www.linkedin.com/in/rpkraft,https://app.apollo.io/#/people/6059c56453fdc5000160ccb6
Tara,Wallace,Founder | Financial Advisor,COVARUM,covarum.com,http://www.covarum.com,United States,http://www.linkedin.com/in/taramwallace,https://app.apollo.io/#/people/54a4c84774686936761dc362
Tim,Danser,Founder,finity,finitynow.com,http://www.finitynow.com,"San Francisco, California",http://www.linkedin.com/in/tim-william-danser-cfa-2405a318,https://app.apollo.io/#/people/60bf79c87ca48f00015ee965
Rajiv,Maliwal,Founder & Managing Partner,Sabre Partners,sabre-partners.com,http://www.sabre-partners.com,"Singapore, Singapore",http://www.linkedin.com/in/rajiv-maliwal-02830a1a,https://app.apollo.io/#/people/66f5d0ca0895ac0001037b84
Travis,Yoh,Co-Founder / CEO,"FTG Financial & Insurance Services, LLC",ftgfin.com,http://www.ftgfin.com,"Irvine, California",http://www.linkedin.com/in/travis-yoh,https://app.apollo.io/#/people/60c74c00bffb930001ec0c57
Mark,Sweeney,Founder and CEO,Longevity Wealth Strategies,longevitywealthstrategies.com,http://www.longevitywealthstrategies.com,"Baltimore, Maryland",http://www.linkedin.com/in/longevitywealthstrategies,https://app.apollo.io/#/people/5c312f9e80f93ea77c5db553
Kimberly,Winters,Senior Loan Officer | Founder,Dwello Mortgage Advisors,dwellomtg.com,http://www.dwellomtg.com,"Asheville, North Carolina",http://www.linkedin.com/in/kimberly-winters-6413547,https://app.apollo.io/#/people/66f303fc54eab8000165d57a
Justin,Sutton,Founder/Partner,J. Sutton Financial,jsuttonfinancial.com,http://www.jsuttonfinancial.com,"Houston, Texas",http://www.linkedin.com/in/justinsuttonhtx,https://app.apollo.io/#/people/62f1c5d1fdacbf0001cd00a7
Mykhailo,Iakovenko,Co-Founder,Canonical Labs,gocanonical.com,http://www.gocanonical.com,"San Francisco, California",http://www.linkedin.com/in/miakovenko,https://app.apollo.io/#/people/61e2f4ea002cf7000127a9e0
Doug,Clinton,CEO and Founder,Intelligent Alpha,intelligentalpha.co,http://www.intelligentalpha.co,"Philadelphia, Pennsylvania",http://www.linkedin.com/in/douglasclinton,https://app.apollo.io/#/people/66ebcc250874e60001bceff7
Kimberly,Bridges,"Founder, Principal Financial Planner",Bright Women Financial,brightwomenfinancial.com,https://brightwomenfinancial.com,"Buckeye, Arizona",http://www.linkedin.com/in/drkimbridges,https://app.apollo.io/#/people/60a44fb431a5490001f502d6
Tony,Lemma,President/Founder,Crypto Trader,cryptotrader.app,http://www.cryptotrader.app,"Phoenix, Arizona",http://www.linkedin.com/in/tony-lemma-64516844,https://app.apollo.io/#/people/58b923adf651254a8ff35eae
Scott,Jones,Founder & Financial Advisor,"Genesis Wealth Advisor Group, LLC",genesiswealthag.com,http://www.genesiswealthag.com,"Philadelphia, Pennsylvania",http://www.linkedin.com/in/scottejones,https://app.apollo.io/#/people/66fcff30d7e5be0001566a04
Jaimie,Lucas,Co-Founder,Revamp Bookkeeping Financial Studio,revampbookkeeping.com,http://www.revampbookkeeping.com,"Dallas, Texas",http://www.linkedin.com/in/jaimielucas-revamp,https://app.apollo.io/#/people/6311dfd6222e690001a98e5a
Miguel,Barreda,Financial Advisor | Managing Partner & Co-Founder,4M Financial,4mfinancial.com,http://www.4mfinancial.com,"Austin, Texas",http://www.linkedin.com/in/miguel-a-barreda-64a71710b,https://app.apollo.io/#/people/61a7e523da6f550001578f8b
John,Rosin,Founder & CEO,Rosin Capital Group,rosincapital.com,http://www.rosincapital.com,United States,http://www.linkedin.com/in/johnrosin,https://app.apollo.io/#/people/5cba9e64f6512514c8112004
Mark,Rosinski,Founder & Financial Planner,Dunes Financial,dunesfinancial.com,http://www.dunesfinancial.com,"Valparaiso, Indiana",http://www.linkedin.com/in/mark-rosinski-cpa-cfp,https://app.apollo.io/#/people/67246d662f012f0001b3a5c5
Martyn,Price,Co-Founder and Chief Risk Officer,SGT Markets,sgt.markets,http://www.sgt.markets,"Naples, Florida",http://www.linkedin.com/in/martyn-r-price,https://app.apollo.io/#/people/615d8e7c34c6e6000180c589
Douglas,Hall,Founder - CEO,EQUE Corporation,equecorp.com,http://www.equecorp.com,"Boca Raton, Florida",http://www.linkedin.com/in/dougghall,https://app.apollo.io/#/people/54aa909274686908c8dd710b
Raul,Vasquez,"CEO and Founder | Payments Processing, POS Systems, Credit Card Processing, Business Development",Merchant Counselor,merchantcounselor.com,http://www.merchantcounselor.com,"Redondo Beach, California",http://www.linkedin.com/in/raulv,https://app.apollo.io/#/people/54aaf6a274686908c8b94d1d
Sonia,Spirling,Founder & Strategic Product Consultant | LumiTrade.ai,Lumitrade.ai,lumitrade.ai,http://www.lumitrade.ai,"Boston, Massachusetts",http://www.linkedin.com/in/soniaspirling,https://app.apollo.io/#/people/65da3fc39da7560001d098a3
Johnno,Keetels,Founder,True South,truesouth.co.za,http://www.truesouth.co.za,"Brisbane, Australia",http://www.linkedin.com/in/johnno-keetels-84537a47,https://app.apollo.io/#/people/54c19e837468691639b8c22a
Rebecca,Lees,Founder & Financial Life Planner,CoreAlign Financial,corealignfin.com,http://www.corealignfin.com,"Charlottesville, Virginia",http://www.linkedin.com/in/rebecca-e-lees,https://app.apollo.io/#/people/670764e9809f300001d5cba0
Stephen,Pascoe,CEO & Founder/ Financial Advisor,Inspire Financial Services,inspirefs.com,http://www.inspirefs.com,"Somerville, Massachusetts",http://www.linkedin.com/in/stephen-pascoeifs,https://app.apollo.io/#/people/67231e5c5affe20001a69e08
Kristy,Lambert,Founder & Financial Adviser,Lucid Financial,lucidfinancial.com.au,http://www.lucidfinancial.com.au,"Brisbane, Australia",http://www.linkedin.com/in/kristylambertlucidfinancial,https://app.apollo.io/#/people/65d9f1a20923480001123d65
Tim,Hamilton,Managing Director and Founder,FinancialFamilies,financialfamilies.com,http://www.financialfamilies.com,"Pickerington, Ohio",http://www.linkedin.com/in/timhamiltonfinancialfamilies,https://app.apollo.io/#/people/66fa8d8505351f0001461d87
Michael,Jordan,CEO | Founder | Wealth Manager,Sterling Global Wealth Group,sterlingglobalwealth.com,http://www.sterlingglobalwealth.com,"Fort Lauderdale, Florida",http://www.linkedin.com/in/michaeljordan-wealth-manager-retirement-income-specialist,https://app.apollo.io/#/people/670f5dc47583f60001ca42ef
Steve,Heim,Co-Founder & COO,Oliv Financial,olivfinancial.com,http://www.olivfinancial.com,"Chicago, Illinois",http://www.linkedin.com/in/steve-heim-71216a25,https://app.apollo.io/#/people/611b82ed85fe1700019a06b9
Manuel,Oblitas,Co-Founder and Managing Partner,MNA Partners,mna-partners.com,http://www.mna-partners.com,"San Antonio, Texas",http://www.linkedin.com/in/manuel-oblitas-8a70018,https://app.apollo.io/#/people/6107e40eb1f56200013bce39
Matt,Robins,Co-Founder / Managing Partner,ClearTrust Wealth Advisors,cleartrustwa.com,http://www.cleartrustwa.com,"Franklin, Tennessee",http://www.linkedin.com/in/matt-robins-crpc,https://app.apollo.io/#/people/647289ac6abfde000141b8da
Jacques-Gabriel,Mariotti,Founder & President-CEO,"EMC2 Group, LLC",emc2group.io,http://www.emc2group.io,"McLean, Virginia",http://www.linkedin.com/in/jacques-gabriel-r-mariotti-17309481,https://app.apollo.io/#/people/54a8042674686965d9ee3a5c
Mick,Breen,Co-Founder,Flitt,flitt.com,http://www.flitt.com,"Brisbane, Australia",http://www.linkedin.com/in/mick-breen-56088476,https://app.apollo.io/#/people/63e8d1feaeb8e90001b79e16
Doug,Salaway,Founder and Financial Advisor,DKS Financial Strategies,dksfinancialstrategies.com,http://www.dksfinancialstrategies.com,"Scottsdale, Arizona",http://www.linkedin.com/in/doug-salaway-1a279b4,https://app.apollo.io/#/people/66f566757dcff00001f9bf6c
Nick,Swihart,Founder and Consultant,Global Payments Consultants,globalpaymentsconsultants.com,http://www.globalpaymentsconsultants.com,"San Diego, California",http://www.linkedin.com/in/nickswihart,https://app.apollo.io/#/people/6a450f0c22ea5f0001cbb0f6
Jarrod,Cahill,Co-Founder & Director,Chatham House Financial,chathamhousefinancial.com.au,http://www.chathamhousefinancial.com.au,"Mornington, Australia",http://www.linkedin.com/in/jarrod-cahill-1818bb14,https://app.apollo.io/#/people/54a440167468693676277d38
Aryan,Khare,Co-Founder,Reliabledger LLC,reliabledger.com,http://www.reliabledger.com,United States,http://www.linkedin.com/in/aryan-khare-851b10241,https://app.apollo.io/#/people/6426bed9e2afbf0001022a10
Sara,Gelsheimer,Co-Founder | Wealth Partner,Sorelle Wealth Partners,sorellewealthpartners.com,http://www.sorellewealthpartners.com,"Chesterfield, Missouri",http://www.linkedin.com/in/saragelsheimer,https://app.apollo.io/#/people/66f832baeee1360001bdacfa
Greg,Steen,CEO & Founder,Steen And Company,truth4seniors.com,https://truth4seniors.com,United States,http://www.linkedin.com/in/steencompany,https://app.apollo.io/#/people/6a81b295946b3f00013b5fce
Mayer,Waich,Co-Founder and COO,Pago ASAP,pagoasap.com,http://www.pagoasap.com,United States,http://www.linkedin.com/in/mayer-waich-botbol-b79b44a0,https://app.apollo.io/#/people/66f8769d1fb6a70001f086ea
Randall,Lee,Founder & Chief Executive Officer,AQAI Capital,aqai.capital,http://www.aqai.capital,"Singapore, Singapore",http://www.linkedin.com/in/synort,https://app.apollo.io/#/people/64be27f81a8b2800018a5396
Tanmayi,Sai,Founder,Lyra Network Telecomunicações LTDA,lyra.com,https://lyra.com,"San Francisco, California",http://www.linkedin.com/in/tanmayisai,https://app.apollo.io/#/people/54a80dbd74686965d93a075e
Jordan,Carlson,Founder & CEO,Capital Status,capitalstatus.com.au,http://www.capitalstatus.com.au,"Gold Coast, Australia",http://www.linkedin.com/in/jordanryde,https://app.apollo.io/#/people/66da829b7b532b00012fcee4
Justus,Parmar,Founder and CEO,Fortuna Investments,fortunainvestments.com,https://fortunainvestments.com,"Miami Beach, Florida",http://www.linkedin.com/in/justusparmar,https://app.apollo.io/#/people/66f6dd7d53e77f00014313ab
Jessica,Hillman,Founder and Financial Life Planner,Do Wealth Different,dowealthdifferent.com,http://www.dowealthdifferent.com,"Fayetteville, Arkansas",http://www.linkedin.com/in/jessicarhillman,https://app.apollo.io/#/people/66fbaa42c0ee1d0001e03774
Ryan,Goldschmitt,"Founder, Managing Partner, Wealth Advisor",Geminus Wealth Partners,geminuswp.com,http://www.geminuswp.com,"Flemington, New Jersey",http://www.linkedin.com/in/ryan-goldschmitt-wmcp%c2%ae-078427b,https://app.apollo.io/#/people/66de9df226295100010d1c5b
Garry,Laurence,Founder | Chief Investment Officer,Profeta Investments,profetainvest.com,http://www.profetainvest.com,"Sydney, Australia",http://www.linkedin.com/in/garrylaurence,https://app.apollo.io/#/people/54a290b07468693fda97792c
Georgy,Mikhaylets,"Co-Founder | Local Payment Methods, Cross-border, QR Payments, Remittances",8B,8b.world,http://www.8b.world,"Singapore, Singapore",http://www.linkedin.com/in/georgy-mikhaylets-2948059,https://app.apollo.io/#/people/5570aa9c736964679b112600
Nuno,Cortesao,Co-Founder & CEO,Zharta,zharta.io,http://www.zharta.io,"New York, New York",http://www.linkedin.com/in/nunocortesao,https://app.apollo.io/#/people/66f5ca5d0895ac0001019fb4
Trevor,Scott,CEO | Founder,Ownright Custom Finance,ownright.com.au,http://www.ownright.com.au,"Melbourne, Australia",http://www.linkedin.com/in/trevor-scott-2813b832,https://app.apollo.io/#/people/54a4a6717468693b8cb1f257
Joshua,Rubens,Founder / Managing Consultant,CreekPay,creekpay.com,http://www.creekpay.com,"Jacksonville, Florida",http://www.linkedin.com/in/joshuarubens,https://app.apollo.io/#/people/6041fbf855b71900010143b6
Nancy,Williams,"Founder and Financial Advisor for Carolina Capital Solutions, LLC","Carolina Capital Solutions, LLC",personalfinance.company,http://www.personalfinance.company,"Durham, North Carolina",http://www.linkedin.com/in/nancywilliamsfinancialrep,https://app.apollo.io/#/people/66f830ebeee1360001bd1c43
Herman,Pate,Founder & Managing Director,Hydrogen Capital,hydrogencapitalco.com,http://www.hydrogencapitalco.com,"Atlanta, Georgia",http://www.linkedin.com/in/herman-r-pate-iii-cpa-10147920,https://app.apollo.io/#/people/54ebb323746869444c5a1c11
Niko,Ricp,Co-Founder & EVP,B2,getb2.com,http://www.getb2.com,United States,http://www.linkedin.com/in/nicholas-vamvakas,https://app.apollo.io/#/people/54a49f6774686938ac9c5556
Hansell,Shook,Founder & General Partner,Dynamic Leap,dynamicleap.vc,http://www.dynamicleap.vc,"Miami, Florida",http://www.linkedin.com/in/hansell-shook,https://app.apollo.io/#/people/66fc6c5388c03b0001f53b21
Nik,Chillar,President & Founder,ACTIV Capital Strategies,activcapitalstrategies.com,http://www.activcapitalstrategies.com,"Incline Village, Nevada",http://www.linkedin.com/in/nikchillar,https://app.apollo.io/#/people/66f72bf06054dd0001ce53ae
Ken,Pryde,Chief Financial Officer and Co-Founder,Pryde Consulting,pryde.com,https://pryde.com,"Hopkinton, Massachusetts",http://www.linkedin.com/in/kenpryde,https://app.apollo.io/#/people/66fefc4934f15200018bd9db
Farouk,Appiedu,Founder/CEO,FK Investment Group Ltd,fkinvestmentgroup.com,http://www.fkinvestmentgroup.com,"New York, New York",http://www.linkedin.com/in/farouk-adam-appiedu-b29a154b,https://app.apollo.io/#/people/5c5641fc80f93e2bc27ff2fc
Frank,Napolitani,"Founder, Managing Partner",Cartesian Digital,o-cfodigital.io,http://www.o-cfodigital.io,"Stamford, Connecticut",http://www.linkedin.com/in/frank-napolitani-249a0510,https://app.apollo.io/#/people/60d114f073974900012da451
Jodi,Bloom,"Co-Founder, Wealth, Retirement, and College Funding Specialist",Cornerstone College & Wealth Solutions,myccws.com,http://www.myccws.com,"New York, New York",http://www.linkedin.com/in/jodi-bloom-5a0835110,https://app.apollo.io/#/people/57db8eeaa6da98687b4602fc
Maria,Ortega,Founder & Principal Accountant,"Independent Accounting Services, LLC",thearizonaaccountant.com,http://www.thearizonaaccountant.com,"Yuma, Arizona",http://www.linkedin.com/in/maria-ortega-accountant,https://app.apollo.io/#/people/62e0bf891147420001de2c04
Justin,Huhn,Founder & Publisher at Uranium Insider,Uranium Insider,uraniuminsider.com,http://www.uraniuminsider.com,United States,http://www.linkedin.com/in/justin-huhn-2b737b16,https://app.apollo.io/#/people/54a3cdd17468693676b22714
Eric,McGough,Principal & Co-Founder | Wealth Management Advisor,Resolute Wealth Partners - Private Client Group,resolutewealthpartnersprivateclient.com,https://resolutewealthpartnersprivateclient.com,"Denver, Colorado",http://www.linkedin.com/in/ericmcgough,https://app.apollo.io/#/people/66f8e13a8dcef00001671d1c
Kareem,McCleskey,Founder & Licensed Life Insurance Specialist,Infinity Financial Group,ifgfl.com,http://www.ifgfl.com,"Phoenix, Arizona",http://www.linkedin.com/in/kareem-mccleskey-4980b411,https://app.apollo.io/#/people/67d6235c9242ca000172f211
Silas,Peters,Founder & Head Trader,T2 Markets,t2markets.com,http://www.t2markets.com,"Fairhope, Alabama",http://www.linkedin.com/in/silas-peters,https://app.apollo.io/#/people/663b8239c46a2500018b8594
Michael,Pedroni,Founder and CEO,Highland Global Advisors,highlandglobaladvisors.com,http://www.highlandglobaladvisors.com,United States,http://www.linkedin.com/in/michael-pedroni-582755,https://app.apollo.io/#/people/60b0fa84bec0490001ba4d59
Sasan,Hezarkhani,Co-Founder & CTO @ Swypex,Swypex,swypex.com,http://www.swypex.com,"San Francisco, California",http://www.linkedin.com/in/sasanhezarkhani,https://app.apollo.io/#/people/66f3c3796f53ae00011edd74
Taylor,Schaude,Founder & Managing Director,Voxly Partners,voxlypartners.com,http://www.voxlypartners.com,"Virginia Beach, Virginia",http://www.linkedin.com/in/taylorschaude,https://app.apollo.io/#/people/66f5ab99561261000122dcee
Jerence,Go,Managing General Partner & Founder,Cambridge Capital Equity Group,cambridgecapitalequitygroup.com,http://www.cambridgecapitalequitygroup.com,United States,http://www.linkedin.com/in/jerencego-mba,https://app.apollo.io/#/people/66f1c3802c807400017181da
Rob,Connolly,Co-Founder / CEO,Meetlete,meetlete.com,https://meetlete.com,"San Diego, California",http://www.linkedin.com/in/grobconnolly,https://app.apollo.io/#/people/66f6b8ee29f4f90001c235c3
Wilfredo,Rodriguez,CEO and Founder,DSF Advisors LLC,dsfadv.com,https://dsfadv.com,"New York, New York",http://www.linkedin.com/in/wilfredocpa,https://app.apollo.io/#/people/602498dca0fda20001fdd789
Mike,Jones,"Founder and President of Ataraxia Advisory Services, LLC","Ataraxia Advisory Services, LLC",ataraxiaadvisory.com,http://www.ataraxiaadvisory.com,"Christiansburg, Virginia",http://www.linkedin.com/in/mikejones17,https://app.apollo.io/#/people/66f327880e6d9d0001886f7d
Harrison,Evans,Co-Founder & Director,Neo-X,neox.au,http://www.neox.au,"Sydney, Australia",http://www.linkedin.com/in/harrison-evans-71b241197,https://app.apollo.io/#/people/5ee5480918af1c0001b28aa2
Katie,Braden,Founder & Chief Video Officer,Advisor Video Marketing,advisorvm.com,http://www.advisorvm.com,"Denver, Colorado",http://www.linkedin.com/in/katieabraden,https://app.apollo.io/#/people/6312fb442ef5cb0001d71cfd
John,Occhipinti,Co-founder CEO Nautilus Labs Inc.,Nautilus Labs,nautilus.finance,http://www.nautilus.finance,"Menlo Park, California",http://www.linkedin.com/in/occhipintijohn,https://app.apollo.io/#/people/66f163459e6adf0001b6aaa4
Matthew,Lowers,Co-Founder & Managing Partner,Seekye Capital,seekyecapital.com,http://www.seekyecapital.com,"Purcellville, Virginia",http://www.linkedin.com/in/matthew-lowers-a114ba4b,https://app.apollo.io/#/people/60648aa3c80f6d00017c1b16
Veronica,Luzine,Co-Founder,Ausable Funds,ausablefunds.com,http://www.ausablefunds.com,"Miami, Florida",http://www.linkedin.com/in/veronica-luzine-4035909a,https://app.apollo.io/#/people/57d7f2bea6da980a46b99b74
Tommy,Hambrough,Executive Director & Co-Founder,Clarity Closings,clarityclosings.com,http://www.clarityclosings.com,"St. Louis, Missouri",http://www.linkedin.com/in/tommyhambrough,https://app.apollo.io/#/people/647453adf3ecfc0001bc17bd
Hardt,Bing,"Hardt W. Bing, CFA, CEPA, Managing Director & Founder",Freedom Works Private Advisory Group,freedomworksprivateadvisory.com,https://freedomworksprivateadvisory.com,"Winston-Salem, North Carolina",http://www.linkedin.com/in/hardt-bing-cfa-cepa-44803a1,https://app.apollo.io/#/people/659794460033b4000184206e
Mark,Fitzpatrick,Founder | Mortgage Broker | Home Loan | Refinance | Equipment Finance | Asset Finance | Car Loans,Astute Port Macquarie,astuteportmacquarie.com,https://astuteportmacquarie.com,"Port Macquarie, Australia",http://www.linkedin.com/in/mortgagebrokerportmacquarie,https://app.apollo.io/#/people/66fc7e9bfe696c0001812ed4
Jim,Park,"Founder | AI-Powered Real Estate Funding | DSCR, Heloc & ADU Financing Specialist",Park Place Lending & Investments Inc,parkplacelending.com,http://www.parkplacelending.com,United States,http://www.linkedin.com/in/jimpark7,https://app.apollo.io/#/people/60cc350a98b3e700014279ef
Nicole,Stanley,Founder & Head Financial Coach,Arise Financial Coaching,arisefinancialcoaching.com,https://arisefinancialcoaching.com,"Mattapoisett, Massachusetts",http://www.linkedin.com/in/nicole-stanley-88975a92,https://app.apollo.io/#/people/66f68cab1adccc00012ce2ff
Michael,Capogreco,Managing Director and Founder,Acquired Home Loans,acquiredhomeloans.com.au,http://www.acquiredhomeloans.com.au,"Adelaide, Australia",http://www.linkedin.com/in/michaelcapogreco,https://app.apollo.io/#/people/54a7559174686965d9e6022b
Greg,Coldicutt,Founder & Licenced Financial Adviser & Wealth Coach,Financial Insight NZ Limited,financialinsight.co.nz,http://www.financialinsight.co.nz,"Tauranga, New Zealand",http://www.linkedin.com/in/greg-coldicutt,https://app.apollo.io/#/people/54a2699e74686930c2a71521
Michael,Francis,Co-CEO and Co-Founder,Payefy,payefy.me,http://www.payefy.me,United States,http://www.linkedin.com/in/michaelfdelvecchio,https://app.apollo.io/#/people/6838b1c140a16e00017c38d7
Jerry,Devlin,CEO and Founder,Assume Loans LLC,assumeloans.com,http://www.assumeloans.com,"Brookline, Massachusetts",http://www.linkedin.com/in/jerry-devlin-aaaa43b,https://app.apollo.io/#/people/5c3cdf0780f93ece90d9cad8
Tarun,Sanghi,Founder & Finance Specialist I Mortgage Only,Mortgage Only,mortgageonly.com.au,http://www.mortgageonly.com.au,"Bella Vista, Australia",http://www.linkedin.com/in/tarun-sanghi,https://app.apollo.io/#/people/55cdd0ccf3e5bb5ea70021a4
Luke,Owen,Co -Founder - Finance & Mortgage Broker,Premier Path Finance,premierpathfinance.com.au,http://www.premierpathfinance.com.au,"Melbourne, Australia",http://www.linkedin.com/in/lukeowenpremierpathfinance,https://app.apollo.io/#/people/6897e0b4424f940001e6391f
Sophia,Ruffolo,ZFO General Counsel and Head of Compliance,Zell Family Office,zellfamilyoffice.com,http://www.zellfamilyoffice.com,United States,http://www.linkedin.com/in/sophia-ruffolo-4a2b01b,https://app.apollo.io/#/people/61165bd1b5ab590001b967e2
Frank,Basile,Head of Operations,Evolution Tax & Accounting,evotaxpro.com,http://www.evotaxpro.com,"East Northport, New York",http://www.linkedin.com/in/frank-basile,https://app.apollo.io/#/people/5e7dae789788a400015c2d24
Graham,Asci,Head of Paraplanning,Chapelwood Financial Planning,chapelwood-financial.co.uk,http://www.chapelwood-financial.co.uk,"Newport, Rhode Island",http://www.linkedin.com/in/graham-cater-pugh-asci-b5515319,https://app.apollo.io/#/people/60b41af21029540001549cb1
Azeem,Azmi,Head Transaction Banking,Hong Leong Bank Berhad,com.my,http://www.hlb.com.my,"Singapore, Singapore",http://www.linkedin.com/in/azeem-azmi,https://app.apollo.io/#/people/68d64718eaa41200010f1f47
Chai,Soh,Head of Information Technology,凱基證券 KGI SECURITIES,com.tw,http://www.kgi.com.tw,"Singapore, Singapore",http://www.linkedin.com/in/chai-yee-soh-8a82433,https://app.apollo.io/#/people/54a2f4e474686935be519c49
Robin,Edbrooke,Deputy Head of Wealth Planning,Fowler Financial Planning Ltd,fowlerfp.co.uk,http://www.fowlerfp.co.uk,"Exeter, California",http://www.linkedin.com/in/robinedbrooke,https://app.apollo.io/#/people/631f240e808ff2000158c303
Nicola,Salussolia,Head of Retail & Affluent,Banca Sella,sella.it,http://www.sella.it,United States,http://www.linkedin.com/in/nicola-salussolia-67514771,https://app.apollo.io/#/people/57d5a3cca6da9853b6b26294
Ashish,Shroff,Practice Head,Nuvama Private,nuvamaprivate.com,http://www.nuvamaprivate.com,"Singapore, Singapore",http://www.linkedin.com/in/ashish-shroff-0a8007a,https://app.apollo.io/#/people/60f14d9596b4a7000112243c
Serge,Van Ingelgem,Head of Portfolio Management,Degroof Petercam,degroofpetercam.com,http://www.degroofpetercam.com,"Conroe, Texas",http://www.linkedin.com/in/serge-van-ingelgem-a2607761,https://app.apollo.io/#/people/54a431aa7468692fa211fd33
Nancy,Conti,Head of Human Resources,Kaliber & Company,kaliber.co,https://kaliber.co,"New York, New York",http://www.linkedin.com/in/nancy-conti-543845346,https://app.apollo.io/#/people/686e0ef75122010001876f7c
James,Busch,Head of Frontier Trading & Asia Sales Trading,EFG Holding,efgholding.com,http://www.efgholding.com,"Singapore, Singapore",http://www.linkedin.com/in/james-busch-0904a813,https://app.apollo.io/#/people/54a7a6f974686965d9702a49
Liz,Cassar,Head of Compliance and Events,PFG Financial Services,pfg.com.au,http://www.pfg.com.au,"Doreen, Australia",http://www.linkedin.com/in/liz-cassar-a59bb8141,https://app.apollo.io/#/people/61b884d765fefb00010f1387
Bruno,Salgado,Head Private International,Fami Capital,fami.capital,http://www.fami.capital,"Miami, Florida",http://www.linkedin.com/in/salgadobruno,https://app.apollo.io/#/people/5f5783c7a12dec000154e957
Tanmay,Avasthi,Country Head,Urban Money Oceania,umoceania.com.au,http://www.umoceania.com.au,"Rockbank, Australia",http://www.linkedin.com/in/tanmayavasthi,https://app.apollo.io/#/people/615d24c72f7ce60001750992
Sebastian,Jimenez,Head of Investments,Argus Advisory,argusadvisory.com.au,http://www.argusadvisory.com.au,"Melbourne, Australia",http://www.linkedin.com/in/sebjimenez,https://app.apollo.io/#/people/5ae850dca6da982f9f598f7a
Ellen,Schubert,"Senior Managing Director, Head of Strategy and Distribution",Cantor Fitzgerald Asset Management,cantorassetmanagement.com,https://cantorassetmanagement.com,"Greenwich, Connecticut",http://www.linkedin.com/in/ellen-schubert-42022212,https://app.apollo.io/#/people/60cac2d8bbba2500016abc99
Benjamin,Powers,Head of Operations,Fundviews Capital LLC,fundviewscapital.com,http://www.fundviewscapital.com,United States,http://www.linkedin.com/in/powersb,https://app.apollo.io/#/people/66fe1047775591000156733c
Michal,Pulchart,Head Segment Sales Specialist Small Business,Komerční banka,kb.cz,http://www.kb.cz,"Michigan, US",http://www.linkedin.com/in/michal-pulchart-b5292a118,https://app.apollo.io/#/people/5cdd907c80f93e3195f3ddfe
Roy,Lee,"Head, Business Support",Tokio Marine Financial Advisers Singapore,tokiomarine-fa.sg,http://www.tokiomarine-fa.sg,"Singapore, Singapore",http://www.linkedin.com/in/roy-lee-2a8b85175,https://app.apollo.io/#/people/605d5d2a4454d00001f4b940
Sky,Lee,Worldwide Head of Sales,Lirunex Limited (EU),lirunex.eu,http://www.lirunex.eu,"Singapore, Singapore",http://www.linkedin.com/in/sky-lee-88a38054,https://app.apollo.io/#/people/60eeb1a84f64d90001b96de9
Sophia,Savaglio,Head of Client Relations & Communications,Wealth Horizons,wealthhorizons.com,http://www.wealthhorizons.com,"Fort Lauderdale, Florida",http://www.linkedin.com/in/sophia-savaglio,https://app.apollo.io/#/people/61295c9455902a00011fc5ba
Danilo,Medojevic,Head of Financial Advisory,VFS Group,vfsmx.com,http://www.vfsmx.com,"Sydney, Australia",http://www.linkedin.com/in/danilo-medojevic-b2a2a6101,https://app.apollo.io/#/people/57d34e86a6da98212cdfded1
Jongmin,Son,Head of Strategy,Hanwha Investment & Securities,hanwhawm.com,http://www.hanwhawm.com,"Singapore, Singapore",http://www.linkedin.com/in/jongmin-son-273b6775,https://app.apollo.io/#/people/60d3155ca836030001a60cdf
Peter,Kennedy,"Partner, Head of Investment & Risk Management",All Source Investment Management,allsourceinvest.com,http://www.allsourceinvest.com,"Longmeadow, Massachusetts",http://www.linkedin.com/in/peterkennedy77,https://app.apollo.io/#/people/5d4e8174a3ae6103fe4007de
Derek,Hayes,Managing Director - Head of Due Diligence,Buttonwood Due Diligence,buttonwooddd.com,http://www.buttonwooddd.com,"Littleton, Colorado",http://www.linkedin.com/in/hayesderek,https://app.apollo.io/#/people/54a600be7468693b8cdaa7ba
Justin,Parsons,Head of Internal Audit,Axos Securities,axossecurities.com,http://www.axossecurities.com,"Omaha, Nebraska",http://www.linkedin.com/in/justin-parsons-02182625,https://app.apollo.io/#/people/54abb0377468692ca1817906
Brian,Faughnan,"Director, Head of Operations",DNB Carnegie,dnbcarnegie.com,http://www.dnbcarnegie.com,"New Jersey, US",http://www.linkedin.com/in/brian-faughnan-a266786,https://app.apollo.io/#/people/5e763df99a527b000128a164
Kelvin,Sum,Head of Research,OAKS Family Office,oaksfamilyoffice.com,https://oaksfamilyoffice.com,"Singapore, Singapore",http://www.linkedin.com/in/kelvin-sum-7573326a,https://app.apollo.io/#/people/5570aa457369646e19cf3e00
Christopher,Simpson,Head of Sales,Oaktree Brokerage,oaktreeus.com,http://www.oaktreeus.com,"Austin, Texas",http://www.linkedin.com/in/christopher-simpson-201b5178,https://app.apollo.io/#/people/5ae5c442a6da98d42fe5207e
Samson,Odunaro,"Head, Audit & Reconciliation",CapitalSage Holdings,capitalsage.ng,http://www.capitalsage.ng,United States,http://www.linkedin.com/in/samson-odunaro-a156548b,https://app.apollo.io/#/people/57d7de24a6da980a36d147bc
Josh,Terlich,Regional Head of Compliance,Doo Group,doo.com,http://www.doo.com,"Sydney, Australia",http://www.linkedin.com/in/josh-terlich-3525ab37,https://app.apollo.io/#/people/57e177c4a6da987dbcee21f9
Neel,Purohit,Head of NA Rates Trading,Lloyds Bank,lloydsbank.com,https://lloydsbank.com,"New York, New York",http://www.linkedin.com/in/neel-purohit-470b3b,https://app.apollo.io/#/people/5da8dc4c248d0700db6d1bfd
Kenneth,Beebe,"Senior Vice President, Head of Portfolio Management",Firstrust Financial Resources,ffrpro.com,http://www.ffrpro.com,"Philadelphia, Pennsylvania",http://www.linkedin.com/in/kenneth-beebe-964008141,https://app.apollo.io/#/people/66ff40343f12c90001d9af8f
Ahmed,Ashour,Head of Customer Service,National Bank of Egypt (NBE),com.eg,http://www.nbe.com.eg,"Arab, Alabama",http://www.linkedin.com/in/ahmed-ashour-732782111,https://app.apollo.io/#/people/5e8de2be35e16a000158ac4f
Stefan,Marrero,Head of Business Development,Imperio Wealth Advisors,imperiowealthadvisors.com,http://www.imperiowealthadvisors.com,"Miami, Florida",http://www.linkedin.com/in/stefanmarrero,https://app.apollo.io/#/people/66ffbaaeb358ea0001061918
Maxim,Korobov,"Head of Client Interfaces, CTO",Tinkoff,tinkoff-group.com,http://www.tinkoff-group.com,United States,http://www.linkedin.com/in/maxim-korobov-8676b090,https://app.apollo.io/#/people/60cab28966cc4f0001806aec
Salvatore,Pitti,President,The Pitti Group Wealth Management,thepittigroup.com,http://www.thepittigroup.com,"Rochester, New York",http://www.linkedin.com/in/salvatorepitti,https://app.apollo.io/#/people/66f8d2ad2311220001ce9930
Josh,Hunley,President,Hunley Wealth Management,hunleywealthmanagement.com,http://www.hunleywealthmanagement.com,"Nashville, Tennessee",http://www.linkedin.com/in/josh-hunley,https://app.apollo.io/#/people/671bab6fbc15890001d359c7
Michael,Immerman,Vice President - Family Office,Kingsbridge Wealth Management,us.com,https://kwm.us.com,"Newport Beach, California",http://www.linkedin.com/in/mike-immerman,https://app.apollo.io/#/people/5e83b1cd37e6d000015ac319
Ryan,Corbett,Senior Vice President,The McLean Wealth Management Group,mcleanwmg.com,http://www.mcleanwmg.com,"Chicago, Illinois",http://www.linkedin.com/in/ryanscorbett3145,https://app.apollo.io/#/people/66fd28750668340001c63462
Herbert,Dankyi,"Vice President, Investing",IC Group,ic.africa,http://www.ic.africa,United States,http://www.linkedin.com/in/herbert-dankyi,https://app.apollo.io/#/people/5dde6f8eaa19130001a5f69d
Tom,Landis,President,Landis Wealth Management,landiswm.com,http://www.landiswm.com,"Canton, Michigan",http://www.linkedin.com/in/tom-landis-aif%c2%ae-4577a745,https://app.apollo.io/#/people/6718dbc0ed6ab0000192c8d0
Phillip,Isan,President,PinPoint Financial,planwithpinpoint.com,http://www.planwithpinpoint.com,United States,http://www.linkedin.com/in/phillip-isan-56443ab8,https://app.apollo.io/#/people/66f677bc93128c0001b487f5
Kent,Brace,"Vice President, Investments",Crescent Wealth Management,crescentwm.com,http://www.crescentwm.com,"Greenville, South Carolina",http://www.linkedin.com/in/kent-brace,https://app.apollo.io/#/people/66ffafcf8de22100012203cb
Kole,Puckett,"Vice President, Agency Principal",Church Street Financial Services,churchstreetfinancial.com,http://www.churchstreetfinancial.com,"Livingston, Texas",http://www.linkedin.com/in/kole-puckett-1a62208b,https://app.apollo.io/#/people/66f982c983ba0c000152c4fd
Beth,Knight,"Vice President, Wealth Advisor",Finteris Wealth Management,finteriswealthmanagement.com,http://www.finteriswealthmanagement.com,"Springfield, Missouri",http://www.linkedin.com/in/bethknight2,https://app.apollo.io/#/people/5ada78c0a6da986256216725
Dalia,Warren,Vice President- Financial Advisor,Westlake Private Wealth Management,westlakepwm.com,http://www.westlakepwm.com,"Thousand Oaks, California",http://www.linkedin.com/in/dalia-warren-a6a21233,https://app.apollo.io/#/people/66f6d2ef8c553300012d13a9
Bill,Connor,President,Connor Wealth Management,connorfinancial.com,http://www.connorfinancial.com,"Topeka, Kansas",http://www.linkedin.com/in/bill-connor-bb147039,https://app.apollo.io/#/people/66fe2f31fc12c2000118e54c
Zach,Dalzell,Vice President,Trotter Wealth Management Group,trotterwmg.com,http://www.trotterwmg.com,"South Barrington, Illinois",http://www.linkedin.com/in/zach-dalzell-30bb79355,https://app.apollo.io/#/people/6843960652c74b00014c6d8c
Eric,Johns,President,Equilibrium Financial Planning,equilibrium.co.uk,http://www.equilibrium.co.uk,"Kenner, Louisiana",http://www.linkedin.com/in/eric-johns-cfp%c2%ae-mba-ea-118729109,https://app.apollo.io/#/people/6783f2d456147b0001fd9dae
Francis,Girard,President & CEO,Girard Wealth Management Group,girardwmg.com,http://www.girardwmg.com,"New York, New York",http://www.linkedin.com/in/francis-girard-73a29218b,https://app.apollo.io/#/people/5e6724f75f25bc0001de211d
Lauren,Woodard,President,Black Diamond Financial Services LLC,blackdiamondfinancialllc.com,http://www.blackdiamondfinancialllc.com,"Palm Beach Gardens, Florida",http://www.linkedin.com/in/laurenwoodard43,https://app.apollo.io/#/people/663a561ebad4e7000164ec2d
Charles,Massie,President,Massie & Associates Financial Planning Corp,tax-advantaged-asset-protection.com,http://www.tax-advantaged-asset-protection.com,"Fort Myers, Florida",http://www.linkedin.com/in/charles-abels-massie-2a17a312,https://app.apollo.io/#/people/67c15d83ce4d8b0001d86926
Chris,Cooper,President & Financial Strategist,Serenity Wealth Management,serenitywealthnow.com,http://www.serenitywealthnow.com,"O'Fallon, Missouri",http://www.linkedin.com/in/chris-t-cooper,https://app.apollo.io/#/people/66eb402ec3295700010cfe9d
Jonathan,Rochlin,Senior Vice President - Investments,Harbour Bridge Wealth Management Advisors,harbourbridgeadvisors.com,http://www.harbourbridgeadvisors.com,"New York, New York",http://www.linkedin.com/in/jonathanrochlin,https://app.apollo.io/#/people/66f764b827096c00012f28da
Andrew,Hanson,Vice President,Generations Wealth Management Group,generationswealthmgt.com,http://www.generationswealthmgt.com,"Henderson, Nevada",http://www.linkedin.com/in/andrew-hanson-a412a1115,https://app.apollo.io/#/people/66ff28113f12c90001d27d31
Brian,Owen,President,BJO Wealth Management LLC,bjowealthmanagement.com,http://www.bjowealthmanagement.com,"Arlington Heights, Illinois",http://www.linkedin.com/in/brian-j-owen-mba-aams%c2%ae-b8038b12,https://app.apollo.io/#/people/66f9db5cd1c6fd00017cbe24
Frank,Frederico,Vice President,Pine Valley Private Wealth,pinevalleyprivatewealth.com,http://www.pinevalleyprivatewealth.com,"Philadelphia, Pennsylvania",http://www.linkedin.com/in/frank-frederico-04995a11,https://app.apollo.io/#/people/66fe52acd2d9d70001ec6aad
John,Kline,President,Albrite Financial,albritefinancial.com,http://www.albritefinancial.com,"Frankfort, Kentucky",http://www.linkedin.com/in/john-scott-kline-rfc%c2%ae-0310328a,https://app.apollo.io/#/people/672b40ef5c4ad90001a4ffd5
Sean,Mason,President & Financial Advisor,Mason Street Wealth Management,masonstreetwealthmanagement.com,http://www.masonstreetwealthmanagement.com,"Fresno, California",http://www.linkedin.com/in/seanamason,https://app.apollo.io/#/people/6166791f9a7ee90001c28e4e
Murilo,Araujo,President / Senior Loan Officer,FAIR Mortgage Lending INC,fairmortgagelending.com,http://www.fairmortgagelending.com,"Miami, Florida",http://www.linkedin.com/in/murilofairml,https://app.apollo.io/#/people/653506d9170ba00001da940f
Diana,Sodano,"Associate Vice President, Wealth Management",Constantine Wealth Management of Raymond James,constantinewm.com,http://www.constantinewm.com,"Hackensack, New Jersey",http://www.linkedin.com/in/diana-sodano-awma-ab9253160,https://app.apollo.io/#/people/66f8af2ca817d60001952a4e
Daniel,Campbell,President | Senior Wealth Advisor,Perfected Wealth Management,perfectedwealth.com,http://www.perfectedwealth.com,"Fullerton, California",http://www.linkedin.com/in/danielcampbellcfp,https://app.apollo.io/#/people/6093c6186986ae0001a4f3d3
Anne,Cws,"Senior Vice President, Financial Advisor, Portfolio Manager",Owen Legacy Group a member of D.A. Davidson & Co.,owenlegacygroup.com,http://www.owenlegacygroup.com,"Bozeman, Montana",http://www.linkedin.com/in/anne-ashton-cfp%c2%ae-cws-%c2%ae-a2737411,https://app.apollo.io/#/people/67132cf6653fd3000146d1cb
Matt,Lerch,"Vice President, LPL Financial Advisor",Elements Wealth Management,elementswealthmanagement.com,https://elementswealthmanagement.com,"Lafayette, Indiana",http://www.linkedin.com/in/matt-lerch-cfp%c2%ae-cws%c2%ae-ab64a842,https://app.apollo.io/#/people/6706297acc9a820001379ce7
Micheline,Dagher,President & Financial Advisor,Dagher Wealth Management,dagherwealth.com,http://www.dagherwealth.com,"Boston, Massachusetts",http://www.linkedin.com/in/michadagher,https://app.apollo.io/#/people/66f325636e75a40001d2584f
Scott,Hunter,President,Hunter Wealth Management,hunterifa.co.uk,http://www.hunterifa.co.uk,"Peachtree City, Georgia",http://www.linkedin.com/in/scott-hunter-mba-02a21738,https://app.apollo.io/#/people/66fdcebba3912e0001717064
Audrey,Dirksen,Vice President,Family Capital Management,fcm.nl,http://www.fcm.nl,"Grand Rapids, Michigan",http://www.linkedin.com/in/audrey-dirksen-a2240960,https://app.apollo.io/#/people/57d8555da6da987813ee1c77
Colin,Feller,President,Zelus Wealth Management,zeluswealth.com,http://www.zeluswealth.com,United States,http://www.linkedin.com/in/colin-feller-884546138,https://app.apollo.io/#/people/66f8ade21cc13a0001f4c1d5
Stephen,Lovell,"President, Lovell Wealth Management",Lovell Wealth Management,lovellwealthmanagement.com,http://www.lovellwealthmanagement.com,"San Francisco, California",http://www.linkedin.com/in/stephenflovell2,https://app.apollo.io/#/people/66f54be9e6a57100018f9c52
Mike,Mulcahy,President,Kings Path Wealth Advisors,kingspath.com,http://www.kingspath.com,"Houston, Texas",http://www.linkedin.com/in/mike-mulcahy6,https://app.apollo.io/#/people/672715e53494410001585268
Jerry,Denigris,President,"Riverside Financial Group, LLC",rfginvest.com,http://www.rfginvest.com,"New York, New York",http://www.linkedin.com/in/jerrydenigris,https://app.apollo.io/#/people/66f5bf6ff3ea8800010d6f59
Joanne,Gao,Human Resources Director,ARK Wealth Management-NOAH,arkwealth.com,http://www.arkwealth.com,"Singapore, Singapore",http://www.linkedin.com/in/joanne-gao-changeforgood2022,https://app.apollo.io/#/people/64298a35f8b589000128279d
Virginia,Wong,Managing Director Senior Advisor,Julius Baer Nomura Wealth Management Ltd.,jbnwm.com,http://www.jbnwm.com,"Singapore, Singapore",http://www.linkedin.com/in/virginia-wong-0766a8a4,https://app.apollo.io/#/people/5f5c32fe7fb4b1000185b763
Christopher,Beavers,Managing Director,Beavers Wealth Management of Raymond James,beaverswealthmanagement.com,http://www.beaverswealthmanagement.com,"Dallas, Texas",http://www.linkedin.com/in/beaverswealthmanagement,https://app.apollo.io/#/people/54a3edc9746869344208911e
Ken,Tan,Director,Optimus Capital,optimus.pk,http://www.optimus.pk,"Singapore, Singapore",http://www.linkedin.com/in/ken-tan-934765129,https://app.apollo.io/#/people/6308a472ce509f00013fd77b
Brandon,Ratzlaff,Director,Cypress Point Wealth Management,cypresspointwealth.com,http://www.cypresspointwealth.com,"Dallas, Texas",http://www.linkedin.com/in/brandonratzlaff,https://app.apollo.io/#/people/6516616b14f6d20001c8311e
Kenneth,Williams,Sr. Managing Director,"Williams, Jarrett, Smith & Co., P.C.",williamspartnersandaffiliatesltd.com,http://www.williamspartnersandaffiliatesltd.com,"Tulsa, Oklahoma",http://www.linkedin.com/in/kenneth-w-williams-ii-35400612,https://app.apollo.io/#/people/5646800ea6da984d4a000f4e
Gareth,Wallace,Director & Broker,Balance Advisors,balanceadvisors242.com,http://www.balanceadvisors242.com,"Northland, New Zealand",http://www.linkedin.com/in/gareth-wallace-72a17b27,https://app.apollo.io/#/people/54a271a474686935be567923
Thomas,Anzivino,Managing Director,Longitude Financial Planning,longitudefinancialplanning.com,http://www.longitudefinancialplanning.com,"Austin, Texas",http://www.linkedin.com/in/thomas-anzivino,https://app.apollo.io/#/people/57d5facca6da9861205fa489
Carlos,Gomez,M&A Director,Fimecap Investment Banking,fimecap.mx,http://www.fimecap.mx,"Miami, Florida",http://www.linkedin.com/in/carlosgarridogomez,https://app.apollo.io/#/people/54a1f9b17468692e71884302
Lucy,Allington,Client Director,handelsbankenwealth.co.uk,handelsbankenwealth.co.uk,https://handelsbankenwealth.co.uk,"Exeter, California",http://www.linkedin.com/in/lucy-allington-04019966,https://app.apollo.io/#/people/54a5a21f7468692abfb0989e
Michael,Bergman,Sales Professional,Gameplan Financial,gameplanfinancial.co.uk,http://www.gameplanfinancial.co.uk,"Kennesaw, Georgia",http://www.linkedin.com/in/michaelabergman,https://app.apollo.io/#/people/5c37d6b5a3ae6109cecab6e6
Brendan,McAllister,Director / Financial Planner,Prestige Wealth Management,prestige-wm.com,http://www.prestige-wm.com,"Varsity Lakes, Australia",http://www.linkedin.com/in/brendan-mcallister,https://app.apollo.io/#/people/54aa97eb746869037749330d
Erin,Byington,Operations Director,Camelot Wealth Management Partners,camelotwealth.com,http://www.camelotwealth.com,"Boca Raton, Florida",http://www.linkedin.com/in/erinbyington,https://app.apollo.io/#/people/66fdefe45e0d170001e5c209
Victoria,Latalladi,Marketing Director,Cadmus Wealth Management,cadmuswealth.com,http://www.cadmuswealth.com,"Glen Burnie, Maryland",http://www.linkedin.com/in/victorialatalladi,https://app.apollo.io/#/people/6344ecf743621c000115ad59
Desiree,Boga,Director of Client Services,kafadvisors.com,kaffinancialadvisors.com,https://kaffinancialadvisors.com,"Boston, Massachusetts",http://www.linkedin.com/in/desiree-boga-27812281,https://app.apollo.io/#/people/60d4cf9ee2276b0001148693
Brendan,Shannan,Director,JP Wealth Management,jpwealth.com.au,http://www.jpwealth.com.au,"Melbourne, Australia",http://www.linkedin.com/in/brendan-shannan-72949039,https://app.apollo.io/#/people/54a1c6bf746869547534f50f
Riley,Deshazo,Director of Firm Strategy and Operations,Amarillo Wealth Management,amarillowealth.com,http://www.amarillowealth.com,"Amarillo, Texas",http://www.linkedin.com/in/riley-deshazo-cfp%c2%ae-32807398,https://app.apollo.io/#/people/6700c6c9a00465000193283c
Blaise,Zimmer,Director of Investment Strategy,RichMark Private Wealth Management,richmarkpwm.com,http://www.richmarkpwm.com,"Bay City, Michigan",http://www.linkedin.com/in/blaise-zimmer-065702a6,https://app.apollo.io/#/people/54c2106274686916399bad73
Shaun,Gort,Principal Adviser & Director,Valour Wealth Management,valourwealthmanagement.com.au,http://www.valourwealthmanagement.com.au,"Kyneton South, Australia",http://www.linkedin.com/in/shaun-gort-129a6255,https://app.apollo.io/#/people/54a2bb117468693318d54f38
Adelayda,Lopez-Santillano,Tax Director,Telos Family Office,telosfamilyoffice.com,http://www.telosfamilyoffice.com,"Vancouver, Washington",http://www.linkedin.com/in/adelayda-lopez-santillano-cpa-77774146,https://app.apollo.io/#/people/66f9321560e65000018cc88f
Tim,Thielen,Director of Wealth Management,KSDT Wealth Management,ksdtwm.com,http://www.ksdtwm.com,"Fort Lauderdale, Florida",http://www.linkedin.com/in/tim-thielen-cpa-cfp%c2%ae-cmt-303ab2197,https://app.apollo.io/#/people/66fdf2a95e0d170001e6c3d6
Mike,Stieglitz,Director of Financial Services,"CKW Wealth Management, LLC",ckwwealthmanagement.com,http://www.ckwwealthmanagement.com,"Sparta Township, New Jersey",http://www.linkedin.com/in/mikestieglitz,https://app.apollo.io/#/people/6513fffa5b2b560001ada247
Angelina,Jammal,Director of Operations,Carlin Wealth Management Group,carlinwealthmanagementgroup.com,http://www.carlinwealthmanagementgroup.com,"Austin, Texas",http://www.linkedin.com/in/angelina-jammal,https://app.apollo.io/#/people/5f0fd83b2b3245000116cd3e
Brendon,Barnes,Director- Consulting Advisor,Barnes Wealth Management,barneswealthmanagement.co.uk,http://www.barneswealthmanagement.co.uk,"Innaloo, Australia",http://www.linkedin.com/in/brendon-barnes-74603615,https://app.apollo.io/#/people/60bdf23b25325d00013a3e8c
Rodney,Spiller,Director,Rodney Spiller Wealth Management Ltd,rodneyspillerwm.co.uk,http://www.rodneyspillerwm.co.uk,"Exeter, California",http://www.linkedin.com/in/rodneyspiller,https://app.apollo.io/#/people/61cfdef06e1d21000195d597
Mitchell,Kelsey,Director & Financial Adviser,Runway Wealth Management,runwaywealth.com,http://www.runwaywealth.com,"Gold Coast, Australia",http://www.linkedin.com/in/mitchell-kelsey,https://app.apollo.io/#/people/5fbc863ced7be200011c75ee
Muriel,Oliver,Director,Primarius,primarius.com,https://primarius.com,"Perth, Australia",http://www.linkedin.com/in/muriel-oliver-89143634,https://app.apollo.io/#/people/66fb0a5ad1617900012c816f
Noel,Culberson,"Director, Senior PIM Portfolio Manager","Trailhead Wealth Management, LLC",trailheadwm.com,http://www.trailheadwm.com,"Boulder, Colorado",http://www.linkedin.com/in/noel-culberson-cfa%c2%ae-cfp%c2%ae-371a258,https://app.apollo.io/#/people/54a86d2674686962b1429100
Alvan,Sue,Managing Director,Isola Capital Group,isola-capital.com,http://www.isola-capital.com,"Singapore, Singapore",http://www.linkedin.com/in/alvansue,https://app.apollo.io/#/people/54a40f377468692abf3fc128
Jeffrey,Ricchiuti,"Director, Advisory Operations",Broadview Wealth Management,broadviewwealthmanagement.com,http://www.broadviewwealthmanagement.com,"Latham, New York",http://www.linkedin.com/in/jeffrey-ricchiuti-mba-aif%c2%ae-cfp%c2%ae-5451012a,https://app.apollo.io/#/people/66dc3ae0c9d4f400015c714e
Chris,Cates,Partner & Director of Wealth Management Services,Axiom Wealth Management,axiomwealthmanagement.com,https://axiomwealthmanagement.com,"Knoxville, Tennessee",http://www.linkedin.com/in/chris-cates-cfa%c2%ae-a9b95544,https://app.apollo.io/#/people/67435492406e5900019de5a4
Sam,Hill,Senior Managing Director,"Private Capital Partners, LLC",privatecapitalhub.com,http://www.privatecapitalhub.com,"Dallas, Texas",http://www.linkedin.com/in/samuellhill,https://app.apollo.io/#/people/6239237e3640790001029ac8
Barry,Almeida,Director of Business Development,RMG Wealth Management Group,rmgwealthmanagement.com,https://rmgwealthmanagement.com,"Springfield, Massachusetts",http://www.linkedin.com/in/barryalmeida,https://app.apollo.io/#/people/612a81e73ffd6c0001f9009d
Lorenzo,Nogales,Managing Director,Private Family Office,privatefamilyoffice.com,https://pemcap.com,"Baltimore, Maryland",http://www.linkedin.com/in/lorenzo-nogales-2831192,https://app.apollo.io/#/people/57d36f27f651252c6d9ca8b3
Ian,Morrison,Director,Strategic Wealth Services,strategicwealthservices.com.au,http://www.strategicwealthservices.com.au,"Melbourne, Australia",http://www.linkedin.com/in/ian-morrison-3b93056a,https://app.apollo.io/#/people/5ac9781ba6da983fa15226ff
Tim,Patterson,"Financial Advisor, Director of Investments",Frontgate Wealth Management,frontgatewealthmanagement.com,https://frontgatewealthmanagement.com,"Princeton, New Jersey",http://www.linkedin.com/in/timpattersonfrontgate,https://app.apollo.io/#/people/66fe22de63240800016c2c95
Phantira,Vergara,Managing Director,Ascend Wealth Pte. Ltd.,ascend-wealth.com,http://www.ascend-wealth.com,"Singapore, Singapore",http://www.linkedin.com/in/phantiravergara,https://app.apollo.io/#/people/618df855ddd8240001b25521
Savneet,Sodhi,Director,Advice9,advice9.com.au,http://www.advice9.com.au,"Gungahlin, Australia",http://www.linkedin.com/in/savneet-sodhi-3aa140a0,https://app.apollo.io/#/people/54ec0d777468694311a1ea45
Jordan,Santarsiero,Director,MS Capital - Investment Banking,mscapitalinvestmentbanking.com,https://mscapitalinvestmentbanking.com,"Los Angeles, California",http://www.linkedin.com/in/jordan-santarsiero-a2011a22,https://app.apollo.io/#/people/62073a398a0b350001541e94
Marc,Wierzbicki,Director,Acuity Wealth Management,acuitywm.com.au,http://www.acuitywm.com.au,"Hobart, Australia",http://www.linkedin.com/in/marc-wierzbicki-65b9bb298,https://app.apollo.io/#/people/656a348f3fee020001ea9b38
Faisal,Hashim,"Founder, Managing Director",Maxiam Capital | Private Wealth Management,maxiam.com,http://www.maxiam.com,"Los Angeles, California",http://www.linkedin.com/in/faisal-al-hashim,https://app.apollo.io/#/people/6706493873ab710001765b19
Blake,Jouwstra,Director of Investments,Mila Wealth Management,monica-sinha.com,http://www.monica-sinha.com,"Delano, Minnesota",http://www.linkedin.com/in/blake-jouwstra,https://app.apollo.io/#/people/57d6b91ba6da98546250b7b4
Sarah,Pressler,Managing Director,WealthRecords,wealthrecords.com.au,http://www.wealthrecords.com.au,"Perth, Australia",http://www.linkedin.com/in/sarah-pressler,https://app.apollo.io/#/people/668440710fd85e0001274494
Janet,Meany,Director of Client Services,"Wellstone Wealth Management, LLC",wellstoneweatlh.com,http://www.wellstoneweatlh.com,United States,http://www.linkedin.com/in/janet-meany-90a703257,https://app.apollo.io/#/people/649b35516786000001516797
Louisa,Huber,Director - Operations and Communications Manager,Ascent Private Wealth,ascentpw.com.au,http://www.ascentpw.com.au,"Hawthorn East, Australia",http://www.linkedin.com/in/louisa-huber-6b470322,https://app.apollo.io/#/people/601482059d10e200011f7e22
Bruce,Heathcote,Director,Forsythes Business & Financial Advisors,forsythesadvisors.com.au,http://www.forsythesadvisors.com.au,"Newcastle, Australia",http://www.linkedin.com/in/bruce-heathcote-b4178563,https://app.apollo.io/#/people/6a2e9ff17ab3f50001831730
Lori,Scory,Director of Operations at Flatirons Financial Planning,Flatirons Financial Planning | Northwestern Mutual,flatironsfinancialplanningnorthwesternmutual.com,https://flatironsfinancialplanningnorthwesternmutual.com,"Boulder, Colorado",http://www.linkedin.com/in/lori-scory,https://app.apollo.io/#/people/658e4f74ab8ea10001efb97c
Jiyun,Chan,Director of Insurance Operations and Services,Vista Wealth Management Group,vistawealthmanagementgroup.com,http://www.vistawealthmanagementgroup.com,"Schaumburg, Illinois",http://www.linkedin.com/in/jiyun-chan-46083512,https://app.apollo.io/#/people/54a1b30074686945faa72309
Nicholas,Toman,Director of Wealth Management,John F. Suby Wealth Management LLC,jfswealthmanagement.com,http://www.jfswealthmanagement.com,"Madison, Wisconsin",http://www.linkedin.com/in/nicholastoman,https://app.apollo.io/#/people/54abc8dd7468692a6b272a0d
Milinda,Kankanange,Director|Mortgage Broker,New Step Finance,newstepfinance.com.au,http://www.newstepfinance.com.au,"Melbourne, Australia",http://www.linkedin.com/in/milinda-kankanange-b441ab48,https://app.apollo.io/#/people/54a224627468692e71219c10
Tone,Vahl,Director of Operations,Cross Financial Management,crossfinancialmgmt.com,http://www.crossfinancialmgmt.com,"Portland, Oregon",http://www.linkedin.com/in/tone-vahl-113b2a398,https://app.apollo.io/#/people/6a780832c668600001b06a5d
Rosanne,Lashgari,Director of First Impressions,ATS Wealth Management,atswealthmanagement.com,http://www.atswealthmanagement.com,"San Diego, California",http://www.linkedin.com/in/rosanne-lashgari-6a22242a0,https://app.apollo.io/#/people/66a85add6e423c00015cc100
Sherrie,Petersen,Director of Operations,Five Pine Wealth Management,fivepinewealth.com,http://www.fivepinewealth.com,"Coeur d'Alene, Idaho",http://www.linkedin.com/in/sherrie-petersen-1257a612,https://app.apollo.io/#/people/6118f93968316700011df90a
Melanie,Krall,Director of Client Services and Operations,"Eiger Wealth Management, LLC",eigerwealthmanagement.com,https://eigerwealthmanagement.com,"San Diego, California",http://www.linkedin.com/in/melanie-krall-0389a79a,https://app.apollo.io/#/people/54ec2c64746869444c3a965e
Tori,Alkema,Director of Client Experience,NoxNumis Wealth,noxnumis.com,http://www.noxnumis.com,"Chicago, Illinois",http://www.linkedin.com/in/victorianienhaus,https://app.apollo.io/#/people/57dab2aca6da984aa7c7d51f
Peter,Piasente,Director,PGP Wealth Pty Ltd,pgpwealth.com.au,http://www.pgpwealth.com.au,"Melbourne, Australia",http://www.linkedin.com/in/peter-piasente-18140b1,https://app.apollo.io/#/people/614c3f68897480000112a0ed
Tuan,Hoang,Director,Complete Financial Solutions,completefinancialsolutions.ie,http://www.completefinancialsolutions.ie,Australia,http://www.linkedin.com/in/tuan-hoang-3440a347,https://app.apollo.io/#/people/5aae7ce2a6da98c47ee130d9
Declan,Cfp,Director & Senior Financial Adviser,Select Advice Financial Planning,selectadvicefinancialplanning.com.au,http://www.selectadvicefinancialplanning.com.au,"Brisbane, Australia",http://www.linkedin.com/in/ddoolan,https://app.apollo.io/#/people/54aa97327468690b75df020d
Beaumont,Boyce,Director,Hightower Texas,hightowertexas.com,http://www.hightowertexas.com,"Houston, Texas",http://www.linkedin.com/in/beaumontboycejr,https://app.apollo.io/#/people/6067d877ec86640001023f69
Aamir,Hirani,Director and Wealth Adviser,Dimension IV Wealth Management,dimensioniv.com.au,http://www.dimensioniv.com.au,"Melbourne, Australia",http://www.linkedin.com/in/aamir-hirani-63b08b62,https://app.apollo.io/#/people/57ded11aa6da987af53d4b27
Davi,Johnston,Marketing Director,"Franklin Wealth Management, LLC",franklin-wealth.com,http://www.franklin-wealth.com,"Ooltewah, Tennessee",http://www.linkedin.com/in/davi-johnston-5846a61a9,https://app.apollo.io/#/people/61666880b990d5000135b65d
Tanya,Carlson,Financial Adviser/Director,Amplify Wealth Management,amplifywealth.com.au,http://www.amplifywealth.com.au,"Sydney, Australia",http://www.linkedin.com/in/tanya-carlson-5b42631a,https://app.apollo.io/#/people/54a51b2474686934422f577d
Sarah,Nulty,Director | Senior Adviser,Voyager Wealth Management Pty Ltd,voyagerwealth.com.au,http://www.voyagerwealth.com.au,Australia,http://www.linkedin.com/in/sarah-nulty-1a288858,https://app.apollo.io/#/people/66f3758834ee4c0001f62572
Alexandra,Cavazos,Director of Business Development,AC Financial Investment & Wealth Management,myacinvestments.com,http://www.myacinvestments.com,"San Antonio, Texas",http://www.linkedin.com/in/alexandracavazos,https://app.apollo.io/#/people/610fd05ca83aa100019e48b2
Gary,Morcombe,Director,Sayers Partners,sayers.net.au,http://www.sayers.net.au,"Melbourne, Australia",http://www.linkedin.com/in/gary-morcombe-1130b933,https://app.apollo.io/#/people/54a3de997468692fa2508619
James,Stephan,Director & Senior Financial Advisor,Stephan Independent Advisory,siadvisory.com.au,http://www.siadvisory.com.au,"Melbourne, Australia",http://www.linkedin.com/in/james-stephan-49903115,https://app.apollo.io/#/people/5faba2b09a8412000187ee48
Tracy,Le,Finance Broker,Lafin Group,lafingroup.com.au,http://www.lafingroup.com.au,"Melbourne, Australia",http://www.linkedin.com/in/tracy-trang-le-522a4350,https://app.apollo.io/#/people/57dfbafaa6da980ac6be9135
Alex,Zaikin,Director,Intrinsic Financial Solutions Pty Ltd,ifsloans.com.au,http://www.ifsloans.com.au,"Melbourne, Australia",http://www.linkedin.com/in/alexzaikin1,https://app.apollo.io/#/people/66fb0cfad1617900012d24ec
Greg,Waterland,Senior Consultant,Flinders Partners Group,flinderspartners.com.au,http://www.flinderspartners.com.au,"Melbourne, Australia",http://www.linkedin.com/in/greg-waterland-67b9804,https://app.apollo.io/#/people/69302071c6628f0001491c31
James,McCarthy,Associate Managing Director,Prudential Advisors,prudentialadvisors.com,https://prudentialadvisors.com,"Charleston, South Carolina",http://www.linkedin.com/in/jamesfmccarthy,https://app.apollo.io/#/people/67837e2947ab8900013ce7a5
Joel,Hams,Founding Director,Altera Financial,alterafinancial.com.au,http://www.alterafinancial.com.au,"Brisbane, Australia",http://www.linkedin.com/in/joelhams,https://app.apollo.io/#/people/66f239a83d93ef0001eb5925
Latika,Tillis,Director of Operations,Presidio Wealth Partners,presidiowp.com,http://www.presidiowp.com,"Richmond, Texas",http://www.linkedin.com/in/latika-tillis-35659962,https://app.apollo.io/#/people/54a62fb07468692fa22e88c9
Kate,King,Director at The Rockland Group - Wealth Managment Equitable Advisors,"The Rockland Group - Wealth Management, LLC",rocklandwealth.com,http://www.rocklandwealth.com,"Bethlehem, Pennsylvania",http://www.linkedin.com/in/kate-king-a22a4811,https://app.apollo.io/#/people/5e5e42bfa26eee000128faa5
Robert,Baharian,Director,Longview Capital Partners,longviewcapital.com.au,http://www.longviewcapital.com.au,"Melbourne, Australia",http://www.linkedin.com/in/robert-baharian,https://app.apollo.io/#/people/60df93d3c1dae1000135ee76
Elizabeth,Urish,Founding Partner and Managing Director,Steel Tower Investments,steeltower.com,http://www.steeltower.com,"Pittsburgh, Pennsylvania",http://www.linkedin.com/in/elizabeth-urish-9332b138,https://app.apollo.io/#/people/56551f74a6da9854fd00250a
Christine,Shea,Director of Operations,Henderson Hutter Group,hendersonhuttergroup.com,http://www.hendersonhuttergroup.com,"New Orleans, Louisiana",http://www.linkedin.com/in/christine-shea-212a2a39,https://app.apollo.io/#/people/55e2b87ff3e5bb76f5001506
Steven,Resnik,Managing Director,Burling Wealth Partners,burlingwp.com,http://www.burlingwp.com,"Chicago, Illinois",http://www.linkedin.com/in/steven-resnik,https://app.apollo.io/#/people/66ff4a2b60729700015c619f
Rohan,Puvi,Director,Prime Emerald Financial Services,primeemerald.com.au,http://www.primeemerald.com.au,"Melbourne, Australia",http://www.linkedin.com/in/rohan-puvi-29ba0239,https://app.apollo.io/#/people/565bb453a6da982aef001cf0
Scarlett,Dwyer,Director of First Impressions,Four Seasons Wealth Management - St. Louis,4swmstl.com,http://www.4swmstl.com,"Missouri, US",http://www.linkedin.com/in/scarlett-dwyer-23944966,https://app.apollo.io/#/people/563b2412a6da9857a5003dff
Mike,McCully,Client Services Director,"New England Financial Planning Group, LLC - Company Page",nefpg.com,http://www.nefpg.com,"Boston, Massachusetts",http://www.linkedin.com/in/mikemccully,https://app.apollo.io/#/people/54a293be746869382500a52d
Emmanuel,Casuscelli,Managing Director | Investment Management,UNION CAPITAL GROUP,ucapgroup.com,http://www.ucapgroup.com,"Miami, Florida",http://www.linkedin.com/in/casuscelli,https://app.apollo.io/#/people/54a4c02a7468693676044b60
Ivan,Lee,Wealth Director,Prudential Financial Advisers Singapore,prudentialfa.com.sg,https://prudentialfa.com.sg,"Singapore, Singapore",http://www.linkedin.com/in/ivan-lee-04b5b384,https://app.apollo.io/#/people/63089ce9af77a10001d29e32
Shamsah,Ebrahim,Managing Director,Leading Edge Advisors,le-uae.com,http://www.le-uae.com,"San Francisco, California",http://www.linkedin.com/in/shamsah-ebrahim-phd,https://app.apollo.io/#/people/54c1c8907468697af7572647
Daniel,Cunningham,Associate Director of Wealth Management,"Cunningham Wealth Management, LLC",cwmwealth.com,http://www.cwmwealth.com,"Charlotte, North Carolina",http://www.linkedin.com/in/daniel-cunningham-cwm,https://app.apollo.io/#/people/60a5944e07032e0001431a8c
Taryn,White,Director,KMS Financial Solutions,kmsfinancial.com.au,http://www.kmsfinancial.com.au,"Melbourne, Australia",http://www.linkedin.com/in/taryn-white-5616122b,https://app.apollo.io/#/people/55c988d8f3e5bb01e2003f11
Ross,Curulli,Director Elysium Private Wealth,Elysium Private Wealth,elysiumpw.com.au,http://www.elysiumpw.com.au,"Manly, Australia",http://www.linkedin.com/in/ross-curulli-903849a4,https://app.apollo.io/#/people/557150dd736964530875b400
Yaw,Asamoah,Fmr Managing Director,cbg.com.gh,com.gh,https://cbg.com.gh,"New York, New York",http://www.linkedin.com/in/yaw-asamoah,https://app.apollo.io/#/people/6611586ce1153100079e2b0f
Richard,Liong,Director,LL Services International,ll-hq.com,http://www.ll-hq.com,"Singapore, Singapore",http://www.linkedin.com/in/richardliong,https://app.apollo.io/#/people/60cba0e5b6398d0001b58989
Nicole,Gant,Director of Business Affairs,Global Merchant Services,globalmerchantservices.com,http://www.globalmerchantservices.com,"Orlando, Florida",http://www.linkedin.com/in/nicole-g-4436311b8,https://app.apollo.io/#/people/6230b93a68f08b000175e8de
Jessie,Jones,Senior Financial Services Director,Zermatt Wealth Partners,zermattwealthpartners.com,https://zermattwealthpartners.com,"Wilmington, North Carolina",http://www.linkedin.com/in/jessie-b-jones-13228b313,https://app.apollo.io/#/people/685b6f958d8d9a0001af3db5
Charles,Maynadier,Director Equity Sales,Van Lanschot Kempen Investment Banking,vanlanschotkempeninvestmentbanking.com,https://vanlanschotkempeninvestmentbanking.com,"New York, New York",http://www.linkedin.com/in/charles-m-59846b4b,https://app.apollo.io/#/people/6610db93b4ae4200079ed78e
Natalie,Ristevski,Director of Finance,Investment Plus Accounting Group,investplusaccounting.com.au,http://www.investplusaccounting.com.au,"Bankstown, Australia",http://www.linkedin.com/in/natalie-ristevski-mortgage-broker,https://app.apollo.io/#/people/64b4da87734698000199571d
Rajat,Tabeck,Director,Finance and Mortgage Solutions,financeandmortgage.com.au,http://www.financeandmortgage.com.au,"Melbourne, Australia",http://www.linkedin.com/in/rajat-tabeck-82bb5b22a,https://app.apollo.io/#/people/628df7b66a4e9d00011ea1cc
Maciej,Stanek,Director | Senior Financial Planner,Véurr Financial Planning,veurr.com.au,http://www.veurr.com.au,"Canberra, Australia",http://www.linkedin.com/in/maciejstanek,https://app.apollo.io/#/people/54a5cec774686938ac5c3caa
Robert,Silverthorn,Business Development Director,Encore Wealth Management Group,encorewealthgroup.com,http://www.encorewealthgroup.com,"Louisville, Kentucky",http://www.linkedin.com/in/robert-silverthorn-iii-73a1793b,https://app.apollo.io/#/people/54a32e837468692e7165675a
Lyn,Walker,Director & Certified Financial Planner,AdviceLink Financial Planning,advicelinkfinancialplanning.com,http://www.advicelinkfinancialplanning.com,"Gold Coast, Australia",http://www.linkedin.com/in/walkerlyn,https://app.apollo.io/#/people/60004c66a4275a00016d2b8e
Pat,Rocca,Director,RCR Financial Group,rcrfinancialgroup.com.au,http://www.rcrfinancialgroup.com.au,"Melbourne, Australia",http://www.linkedin.com/in/pat-rocca-c-rcr,https://app.apollo.io/#/people/6119efa98347e5000115fa01
Alison,Henderson,Director and Certified Financial Planner,SWA Financial Planning,swafinancialplanning.com.au,https://swafinancialplanning.com.au,"Sydney, Australia",http://www.linkedin.com/in/alison-henderson-16a3b63b,https://app.apollo.io/#/people/5ab57571a6da98b5fcdd97d3
Caitlin,McKinney,Director of Operations,"The Smith Companies, Ltd., A Capitas® Financial Partner",smithcompany.com,http://www.smithcompany.com,"Boston, Massachusetts",http://www.linkedin.com/in/caitlinmurphymckinney,https://app.apollo.io/#/people/694686734cf121000182508b
Jennifer,Keene,Director of Client Services/Office Manager,Curry Webb Wealth Management,currywebb.com,http://www.currywebb.com,"Indianapolis, Indiana",http://www.linkedin.com/in/jennifer-keene-4ab28415b,https://app.apollo.io/#/people/66ed6110fb942f0001fe3e3e
Ngozi,Edozien,Independent Non-Executive Director,Bank of Africa - Groupe Bank of Africa,bank-of-africa.net,http://www.bank-of-africa.net,United States,http://www.linkedin.com/in/ngozi-edozien-028319168,https://app.apollo.io/#/people/68d8f5670fd47b00010dee7b
John,Mitchell,Executive Director,AATC,aatcservices.com,http://www.aatcservices.com,"Fort Worth, Texas",http://www.linkedin.com/in/john-mitchell-75572313,https://app.apollo.io/#/people/5ad1e9aaa6da9883ea68d3ce
Robert,Nielson,Director,Lachlan Partners,lachlanpartners.com.au,http://www.lachlanpartners.com.au,"Sydney, Australia",http://www.linkedin.com/in/robert-nielson-3a69b530,https://app.apollo.io/#/people/66f95af0d1c6fd000151c452
Wendy,Cox,Operations & Client Relationships Director,Aristata Financial,aristatafinancial.com,https://aristatafinancial.com,"Wichita, Kansas",http://www.linkedin.com/in/wendy-cox-5773b6b3,https://app.apollo.io/#/people/5ac70a27a6da98402c4252f4
Rainey,Rogers,"Managing Director, Financial Advisor",McKinney Wealth Management,mckwm.com,http://www.mckwm.com,"McKinney, Texas",http://www.linkedin.com/in/rainey-steven-rogers-mba-b04b3427,https://app.apollo.io/#/people/66f83ad1eee1360001c02853
Peter,Edmonds,Director,Adelaide & Hills Financial Services Pty Ltd,adelaidehillsfinancial.com.au,http://www.adelaidehillsfinancial.com.au,"Adelaide, Australia",http://www.linkedin.com/in/peter-edmonds-522474a,https://app.apollo.io/#/people/66fc76a6fe696c00017ed521
Alex,Sutherland,Managing Director,Aqwire Financial,aqwirefinancial.com,http://www.aqwirefinancial.com,"Brisbane, Australia",http://www.linkedin.com/in/alex-sutherland-11750b67,https://app.apollo.io/#/people/54a5bf2c7468693209e91da5
Raymond,Gettins,Director,United Advisor Group,uagria.com,http://www.uagria.com,"Cincinnati, Ohio",http://www.linkedin.com/in/raymond-gettins-crc-490151,https://app.apollo.io/#/people/649295a2e261990001b70b5f
Roshini,Senanayake,Director & Principal Consultant,Finro Finance,finrofinance.com.au,http://www.finrofinance.com.au,"Melbourne, Australia",http://www.linkedin.com/in/roshini-senanayake-66920959,https://app.apollo.io/#/people/54a1e4eb7468695c8207c515
Charlie,Carroll,Managing Director,ICONIA PARTNERS,iconiapartners.com,http://www.iconiapartners.com,"Brisbane, Australia",http://www.linkedin.com/in/charliecarroll-iconia,https://app.apollo.io/#/people/65b86822ea53430001650799
Wayne,Cox,Director,Pascoe Partners Accountants,pascoepartnersaccountants.com.au,http://www.pascoepartnersaccountants.com.au,"Perth, Australia",http://www.linkedin.com/in/wayne-cox-4a91365,https://app.apollo.io/#/people/66f95474d1c6fd00014f778f
Lisa,Crosta,"Director of Financial Planning, Senior Wealth Advisor",Crescent Harbor Private Wealth,crescentharborprivatewealth.com,http://www.crescentharborprivatewealth.com,"Madison, New Jersey",http://www.linkedin.com/in/lisa-crosta,https://app.apollo.io/#/people/66f80a1cefebde0001994667
Elizabeth,Bechtel,"Marketing Director, Licensed Agent",Sandman Wealth Management,sandmanwealthmanagement.com,http://www.sandmanwealthmanagement.com,"Tulsa, Oklahoma",http://www.linkedin.com/in/elizabethbechtel,https://app.apollo.io/#/people/54a92829746869339947dd0d
Ken,Arnold,Managing Director,Everglades Parkland Advisors LLC,evergladesparklandadvisors.com,http://www.evergladesparklandadvisors.com,"Pompano Beach, Florida",http://www.linkedin.com/in/kenarnoldfl,https://app.apollo.io/#/people/67e4b95bec2c5e00012e6727
William,McKenzie,Director of Operations,"Sentinel Asset Management, LLC.",sentinelassetmanagementllc.com,http://www.sentinelassetmanagementllc.com,"Wallingford, Connecticut",http://www.linkedin.com/in/william-mckenzie-452921266,https://app.apollo.io/#/people/64f45f7ba8fcbf000119245c
Mercedes,Cruz,Creative Director,Insuring Impact,insuringimpact.today,http://www.insuringimpact.today,"San Jose, California",http://www.linkedin.com/in/merc,https://app.apollo.io/#/people/672db46fa2472f0001e68527
Toni,Daigle,Business Relations Director,DORCO Enterprises LLC,dorcoent.com,http://www.dorcoent.com,"Fernandina Beach, Florida",http://www.linkedin.com/in/toni-daigle-7a499324,https://app.apollo.io/#/people/5f4e63b5af04880001a59f34
Paul,Holly,Director / Financial Planner,Evolve Wealth Management,evolvewm.com.au,http://www.evolvewm.com.au,"Stirling, Australia",http://www.linkedin.com/in/paulholly,https://app.apollo.io/#/people/68144fdcc960a20001242bc8
Jonathan,Abosaid,Director of Operations,Coral Wealth Management,coralwealthmanagement.com,http://www.coralwealthmanagement.com,"Fort Lauderdale, Florida",http://www.linkedin.com/in/jonathanabosaid,https://app.apollo.io/#/people/66fddeb95e0d170001df9371
Mo,Olckers,Director and Mortgage Adviser,Momentum Partners,momentumpartners.co.nz,http://www.momentumpartners.co.nz,"Auckland, New Zealand",http://www.linkedin.com/in/mo-olckers-71360365,https://app.apollo.io/#/people/5b30d52fa6da98eb671736cd
Rhonda,Collins,Director of Tax & CPA,Burney Tax Advisors,burneytaxadvisors.com,http://www.burneytaxadvisors.com,"Port Charlotte, Florida",http://www.linkedin.com/in/rhonda-l-collins-244454aa,https://app.apollo.io/#/people/67568aea84a1e80001942134
Megan,Bryant,Director of Operations,PayCourt / CCP,paycourt.com,http://www.paycourt.com,"Taylorville, Illinois",http://www.linkedin.com/in/megan-bryant-76230959,https://app.apollo.io/#/people/57d9aca3a6da98721aa55ae6
Aldo,Oyadomari,Director of Client Coverage & Operations | Advisor,Althum Advisors,althumadvisors.com,http://www.althumadvisors.com,"Miami, Florida",http://www.linkedin.com/in/aldooyadomari,https://app.apollo.io/#/people/64777af2c9e2e600015f1c3b
Mathew,Holtham,Managing Director,White Sand Financial,whitesandfinancial.com.au,http://www.whitesandfinancial.com.au,Australia,http://www.linkedin.com/in/mat-holtham,https://app.apollo.io/#/people/5e5c3d5a884d6e0001f4804d
Jeannette,Kwant,Director,Undercontrol Credit Management,undercontrolcredit.co.nz,http://www.undercontrolcredit.co.nz,"Canterbury, New Zealand",http://www.linkedin.com/in/jeannette-kwant-67ab0124,https://app.apollo.io/#/people/54a27d7774686930c286e326
Terri,Harford,Director,Bookease Bookkeeping,bookease.co.nz,http://www.bookease.co.nz,"Bay Of Plenty, New Zealand",http://www.linkedin.com/in/terri-harford-nz,https://app.apollo.io/#/people/54ebfd49746869431154b738
Alex,Leise,Director of Operations,Montage Wealth Advisors,montagewealth.net,http://www.montagewealth.net,"Newport Beach, California",http://www.linkedin.com/in/alex-leise-5838b929b,https://app.apollo.io/#/people/680825d477c8060001c76bd4
Jordan,Chew,Senior Director Business Development,Azimut Group,azimut-group.com,http://www.azimut-group.com,"Singapore, Singapore",http://www.linkedin.com/in/jordan-chew-0428aa15,https://app.apollo.io/#/people/6311da162e86d5000188206d
Anish,Agarwal,Director | Principal Financial Planner,Northstar Wealth Management,northstarwealth.com.au,http://www.northstarwealth.com.au,"Sydney, Australia",http://www.linkedin.com/in/anish-agarwal-40615455,https://app.apollo.io/#/people/57e07f0ca6da981c3471f665
John,Vanderbaan,Director,Bell Mercantile Pty Ltd,bellmercantile.com.au,http://www.bellmercantile.com.au,"Port Melbourne, Australia",http://www.linkedin.com/in/john-vanderbaan-75561611a,https://app.apollo.io/#/people/6800c25dcaa62b000184c024
Bart,Calman,Director,Heritage Finance,heritagefinance.com.au,http://www.heritagefinance.com.au,"Melbourne, Australia",http://www.linkedin.com/in/bart-calman-8763a437,https://app.apollo.io/#/people/54a267f174686938254cb220
Suman,Devkota,Director,FinPro Consultant Group,fin-pro.com.au,http://www.fin-pro.com.au,"Adelaide, Australia",http://www.linkedin.com/in/sumancpa,https://app.apollo.io/#/people/668b95cf45a2b30001399f74
Steve,Ross,Director,Ross Wealth Management Group,rosswealth.com.au,http://www.rosswealth.com.au,"Sydney, Australia",http://www.linkedin.com/in/steverossrwmg,https://app.apollo.io/#/people/66feaf703be48500013e8449
Paul,Dowler,Director / Senior Client Manager,Sky Accountants,skyaccountants.com.au,http://www.skyaccountants.com.au,"Ballarat North, Australia",http://www.linkedin.com/in/pjdowler,https://app.apollo.io/#/people/66ece2c6edde9f00015a687d
Cliff,Go,Director,FundKernel | InvestTech | WealthTech,fundkernel.com,http://www.fundkernel.com,"Singapore, Singapore",http://www.linkedin.com/in/cliff-go-06696030,https://app.apollo.io/#/people/67c526b0f659ed00018862db
Debbie,Salter,Director,Dynamic Commercial Collections,dynamiccollections.com.au,http://www.dynamiccollections.com.au,"Brisbane, Australia",http://www.linkedin.com/in/debbie-salter-5297b9188,https://app.apollo.io/#/people/615d9932e3efca0001f1c16b
Sophie,Chateauroux,Director of Global Communications & Public Relations,Wartenberg Trust,wartenbergtrust.com,http://www.wartenbergtrust.com,"New York, New York",http://www.linkedin.com/in/sophie-de-chateauroux-444b9446,https://app.apollo.io/#/people/55710e29736964060ee00500
Adam,Hoskins,Director,Hoskins Advisory,hoskinsfinancial.com.au,http://www.hoskinsfinancial.com.au,"Central Coast, Australia",http://www.linkedin.com/in/adam-hoskins-8382b983,https://app.apollo.io/#/people/54a3ab927468692cf0c97109
Jessica,Regidor,Managing Director and COO,Glomb Private Wealth,glombprivatewealth.com,http://www.glombprivatewealth.com,"San Jose, California",http://www.linkedin.com/in/jessicaregidorglombgroup,https://app.apollo.io/#/people/54a13bb169702dc8e4b68801
Clint,Anderson,Director,Aspire Wealth,aspirewealthgrp.com,http://www.aspirewealth.com.au,"Melbourne, Australia",http://www.linkedin.com/in/clint-anderson-0862b81a,https://app.apollo.io/#/people/60c459275c9994000103637c
Andrew,Huenink,"Director, Aircraft Maintenance","43 North Partners, LLC",43north.partners,http://www.43north.partners,"Madison, Wisconsin",http://www.linkedin.com/in/andrew-huenink,https://app.apollo.io/#/people/650b2ea5a6b40300016092a2
Wendy,Leahy,Director of Operations,"sunderland, massachusetts, united states",dalefrankinsurance.com,https://dalefrankinsurance.com,"Sunderland, Massachusetts",http://www.linkedin.com/in/wendyleahy,https://app.apollo.io/#/people/54eb460374686931b879b90d
Veronica,King,Marketing Director,4 Kings Capital,4kingscapital.com,http://www.4kingscapital.com,"Dallas, Texas",http://www.linkedin.com/in/veronica-king-867547149,https://app.apollo.io/#/people/5e3cfcce63c4e100e0c71c8b
Ryan,Edwards,Junior Partner & Director of Marketing,Oakstone Wealth Management,oakstonewealth.com,http://www.oakstonewealth.com,"Plano, Texas",http://www.linkedin.com/in/edwards-ryan-c,https://app.apollo.io/#/people/61b0428394b6f50001601b43
Catherine,Dymond,Director,Streets Bush,streetsbush.co.uk,http://www.streetsbush.co.uk,"Exeter, California",http://www.linkedin.com/in/catherine-dymond-40018956,https://app.apollo.io/#/people/60bf0aca7e08e2000194f23b
Juhi,Chikhlia,"Associate Director, Securities Finance",RBC Investor Services,rbcis.com,http://www.rbcis.com,"Singapore, Singapore",http://www.linkedin.com/in/juhichikhlia,https://app.apollo.io/#/people/57dd01c4a6da987b59d94dd5
Dennis,Rothe,Director,Kelson Group,kelsongroup.net,http://www.kelsongroup.net,"Fairfield, Connecticut",http://www.linkedin.com/in/dennis-rothe-134332116,https://app.apollo.io/#/people/57d73d30a6da985bbf0a76d6
Matthew,Kerr,Managing Director,Insider Finance,com.ar,http://www.insiderfinance.com.ar,"Brisbane, Australia",http://www.linkedin.com/in/matthew-kerr-1a996133,https://app.apollo.io/#/people/57ddc50ea6da987b6db2207e
McKenzie,Rodrigues,Co-Owner,BGE Financial Consulting LLC,bgefinancialconsulting.com,http://www.bgefinancialconsulting.com,"Kingsland, Georgia",http://www.linkedin.com/in/mckenzie-rodrigues-229164223,https://app.apollo.io/#/people/673daa11b7672100014ac570
Rj,Martin,Owner,ROMAR Wealth Management,romarwealth.com,http://www.romarwealth.com,"San Francisco, California",http://www.linkedin.com/in/investwithrj,https://app.apollo.io/#/people/54a4ab007468692cf0d68d59
Donaville,Vanessa,Owner,In Touch Financial Services Advisory & Investments,intouchfinancialservices.com,http://www.intouchfinancialservices.com,"San Francisco, California",http://www.linkedin.com/in/donaville-vanessa,https://app.apollo.io/#/people/60fe4dd49d7e9c0001cccaa8
Scott,Werdebaugh,Owner,Integrity Financial Planning,integrityfinancialplan.com,http://www.integrityfinancialplan.com,"Morgantown, West Virginia",http://www.linkedin.com/in/scottwerdebaugh,https://app.apollo.io/#/people/54aa9be37468690b7513fa0d
Jennifer,Freeman,"Financial Advisor,Owner",Freeman Wealth Management,freemanwealthmgt.com,http://www.freemanwealthmgt.com,"Nashville, Tennessee",http://www.linkedin.com/in/jenniferdeguire,https://app.apollo.io/#/people/54abf3227468692a6b53c217
Jim,Thompson,Owner,Value Wealth Management,valuewm.com.au,http://www.valuewm.com.au,"West Des Moines, Iowa",http://www.linkedin.com/in/jim-thompson-a194158,https://app.apollo.io/#/people/5ad5f6a8a6da9867290ffe6d
Brian,Leyde,Owner,Seattle Tax Group LLC,seattletaxgropu.com,http://www.seattletaxgropu.com,"Seattle, Washington",http://www.linkedin.com/in/brian-leyde-cpa-5781513,https://app.apollo.io/#/people/66fb790ba8908c000191c9b0
Michael,Spielmann,Financial Advisor/Owner,Twenty Oak Financial Partners,twentyoakfp.com,http://www.twentyoakfp.com,"Lafayette, Louisiana",http://www.linkedin.com/in/michael-spielmann-77461a99,https://app.apollo.io/#/people/54a564707468693209cd8094
Kimberly,Noonan,Owner,"Meck Noonan & Co., LLC",meckcpaaustin.com,http://www.meckcpaaustin.com,"Austin, Texas",http://www.linkedin.com/in/kimberly-noonan-67135280,https://app.apollo.io/#/people/66fad09e5080a20001895df3
Cooper,Stewart,Owner,CST Group,com.lb,http://www.cst.com.lb,"Charlottesville, Virginia",http://www.linkedin.com/in/cooper-stewart-05530319,https://app.apollo.io/#/people/54a1f5d6746869331810dc00
Bob,Kilkenny,Owner,"Robert F. Kilkenny, CPA P.C.",kilkennycpa.com,http://www.kilkennycpa.com,"Stow, Massachusetts",http://www.linkedin.com/in/bobkilkenny,https://app.apollo.io/#/people/60c82e7505ac1d00015f569f
Najeeb,Cabbad,Owner,NEC AGENCY INC. DBA NEC INSURANCE BROKERAGE,necagency.com,http://www.necagency.com,"New York, New York",http://www.linkedin.com/in/najeeb-elias-cabbad-13549018,https://app.apollo.io/#/people/66fdbeb33ca4f70001f38805
Jenny,Glassmoyer,Owner,Avodah CPA,avodahcpa.com,http://www.avodahcpa.com,"Sarasota, Florida",http://www.linkedin.com/in/jennyglassmoyer,https://app.apollo.io/#/people/60108931db0f17000123b357
John,Vanderbloemen,Owner,The VanderBloemen Group,vanderbloemengroup.com,http://www.vanderbloemengroup.com,"Brookfield, Wisconsin",http://www.linkedin.com/in/john-vanderbloemen-563289a,https://app.apollo.io/#/people/54aac99174686906308b7719
Jonathon,Baugher,Owner,JB Tax LLC,jbtax.cpa,http://www.jbtax.cpa,"Kenosha, Wisconsin",http://www.linkedin.com/in/jonathon-baugher-cpa-bb180220,https://app.apollo.io/#/people/5571506c7369642c56d37a00
David,Paulson,Owner,DP Financial & Tax,dpfinancialtax.com,http://www.dpfinancialtax.com,"Tulsa, Oklahoma",http://www.linkedin.com/in/david-paulson-7773345,https://app.apollo.io/#/people/651558acdd59f4000190cca1
Sheila,Brown,Owner,Sheila Brown Accounting,sheilabrownaccounting.com,https://sheilabrownaccounting.com,"Saint Augustine, Florida",http://www.linkedin.com/in/sheila-s-brown-cpa-citp-86aa6859,https://app.apollo.io/#/people/66fabe3101d297000174b95a
Rob,Sayler,Co-Owner,SeaCrest Financial Services,seacrestfs.com,http://www.seacrestfs.com,"Rapid City, South Dakota",http://www.linkedin.com/in/rob-sayler-9237b146,https://app.apollo.io/#/people/6603ac96e4fe640008ec20fb
Mike,Waitt,Owner,Vertex Financial Group,vertex-financial.com,http://www.vertex-financial.com,"Greenbank, Washington",http://www.linkedin.com/in/mike-waitt-698b2a11,https://app.apollo.io/#/people/61169903be37c80001231638
Michael,Campbell,Owner,Campbell Green,campbellgreen.com.au,http://www.campbellgreen.com.au,"Austin, Texas",http://www.linkedin.com/in/michael-campbell-895b9a58,https://app.apollo.io/#/people/684ee40d437a3e0001d5c9a0
Lee,Whitmire,Owner,LedgerPlus,ledgerplus.us,http://www.ledgerplus.us,"Tallahassee, Florida",http://www.linkedin.com/in/lee-whitmire-a436a36,https://app.apollo.io/#/people/54a56c187468693676515695
Lorie,Jones,Owner,Fearless Financial Advisors,fearlessfinancialadvisors.com,http://www.fearlessfinancialadvisors.com,"Littleton, Colorado",http://www.linkedin.com/in/loriejones,https://app.apollo.io/#/people/54a405827468692abfe78025
Liz,Conrad,Owner,United Bank - Mortgage,unitedbankmortgage.com,https://unitedbankmortgage.com,"Baltimore, Maryland",http://www.linkedin.com/in/lizconrad,https://app.apollo.io/#/people/66fe22e87673080001ee0ccb
Michael,York,Owner,York & Associates,yorkandassociates.tax,http://www.yorkandassociates.tax,"Salt Lake City, Utah",http://www.linkedin.com/in/michael-a-york-5b6516126,https://app.apollo.io/#/people/62c92b48795ffe00019b0a44
Betsy,Cfp,Owner,Forward Financial Planning,fwdfp.com,http://www.fwdfp.com,"Memphis, Tennessee",http://www.linkedin.com/in/fwdfp,https://app.apollo.io/#/people/685e2ae7fd392b00015b6fee
Ric,Runestad,Owner,"RUNESTAD FINANCIAL SERVICES, LTD.",runestadfinancial.com,https://runestadfinancial.com,"Fort Wayne, Indiana",http://www.linkedin.com/in/ric-runestad-70a90916,https://app.apollo.io/#/people/66fcc02a88d9000001abf3b9
Dave,Stone,Owner,Pursuit Financial Planning,pursuitfp.co.uk,http://www.pursuitfp.co.uk,"Perth, Australia",http://www.linkedin.com/in/dave-stone-77869a2b,https://app.apollo.io/#/people/5b22366fa6da9878de99a76d
Larry,Rosenthal,Owner,Financial Planning Services,financialplanning.com,https://financialplanning.com,"Manassas, Virginia",http://www.linkedin.com/in/larry-rosenthal-0666794,https://app.apollo.io/#/people/66fdd6a517012000014c84af
Michael,Crochet,Owner,Tinadre Merchant Services,tinadr.com,http://www.tinadr.com,"Tampa, Florida",http://www.linkedin.com/in/michael-crochet-a56ba5a,https://app.apollo.io/#/people/66fea295de79ad00011b6848
Giorgio,Yashar,Owner,Bentley Merchant Services,bentleymerchantservices.com,http://www.bentleymerchantservices.com,"Los Angeles, California",http://www.linkedin.com/in/giorgioyashar,https://app.apollo.io/#/people/66f73ab4233e22000148e6c6
Angie,Simmons,Owner,"My Infinity Bookkeeper, LLC",myinfinitybookkeeper.com,http://www.myinfinitybookkeeper.com,"Aurora, Colorado",http://www.linkedin.com/in/angieacarpentersimmons,https://app.apollo.io/#/people/686954d7ed700d000147fd85
Kevin,Williams,Owner,Williams Financial Services,kqwilliamsfinancial.com,http://www.kqwilliamsfinancial.com,"Bowie, Maryland",http://www.linkedin.com/in/kqwiliiams,https://app.apollo.io/#/people/5c4cfe9880f93e218aa74a29
Alan,Buckingham,Owner,FMB Financial,fmbfinancial.ca,http://www.fmbfinancial.ca,"Alpharetta, Georgia",http://www.linkedin.com/in/alan-buckingham-bbb70013,https://app.apollo.io/#/people/54a2ce887468693a7e518f3e
Vaughan,Liddelow,Owner,Paramount Wealth Management,paramount-wm.com,http://www.paramount-wm.com,"Perth, Australia",http://www.linkedin.com/in/vaughan-liddelow-b1b2631a,https://app.apollo.io/#/people/54a816e7746869730a716760
Andrew,Boyer,Owner,Fortis Wealth Management,fortiswm.com.au,http://www.fortiswm.com.au,"Perth, Australia",http://www.linkedin.com/in/andrew-boyer-34647625,https://app.apollo.io/#/people/54a4660274686936762e5944
David,Tozer,Owner,Tozer Wealth Management,tozerwealthmanagement.com,http://www.tozerwealthmanagement.com,"Santa Barbara, California",http://www.linkedin.com/in/david-tozer-cfp-18636356,https://app.apollo.io/#/people/5fb7df4aeb4998000105d576
Luke,Schaeffer,Owner,Lumos Accounting,lumosacct.com,http://www.lumosacct.com,"Colorado Springs, Colorado",http://www.linkedin.com/in/lukeschaeffer,https://app.apollo.io/#/people/66f4ff546c498c00019e4da2
Andrew,Drieschner,Owner,Mercury Wealth Management,mercurywealth.co.uk,http://www.mercurywealth.co.uk,"Melbourne, Australia",http://www.linkedin.com/in/andrew-drieschner-853baa3a,https://app.apollo.io/#/people/54a267a27468692e71c4bb20
James,Steinbrenner,Owner,Steinbrenner Financial Group,steinbrennergroup.com,http://www.steinbrennergroup.com,"Milwaukee, Wisconsin",http://www.linkedin.com/in/james-steinbrenner-978514167,https://app.apollo.io/#/people/624d643f4cbf910001fac55f
Leslie,Swart,Owner,Blue Skye Lending,blueskyeloans.com,http://www.blueskyeloans.com,"Bradenton, Florida",http://www.linkedin.com/in/leslie-swart-1923925,https://app.apollo.io/#/people/54ebcec3746869444cd8b429
Larry,Cohen,Owner,Laurence Financial Planning LLC,laurencefinancialplanning.com,https://laurencefinancialplanning.com,"Danvers, Massachusetts",http://www.linkedin.com/in/larry-cohen-cfp-r-a42aab2a,https://app.apollo.io/#/people/54aa81d27468690b7549d807
Brandon,Snider,Owner,Maven Mortgage,mavenmortgagegroup.com,http://www.mavenmortgagegroup.com,"Cullman, Alabama",http://www.linkedin.com/in/brandonsnider,https://app.apollo.io/#/people/54c1ba5c74686916399fad3c
Tom,Cfp,Owner,King Financial Partners,kingfinpartners.com,http://www.kingfinpartners.com,"State College, Pennsylvania",http://www.linkedin.com/in/tomking8,https://app.apollo.io/#/people/6060d1e228dd880001a410d5
Samantha,Sohmer,Co-owner,Prime Refunds,primetaxrefunds.com,https://primetaxrefunds.com,"Parsippany-Troy Hills, New Jersey",http://www.linkedin.com/in/samantha-sohmer-23ab6322,https://app.apollo.io/#/people/54a3133e74686930c2c1d152
David,Herring,Owner,IHS,ihs-revizija.hr,http://www.ihs-revizija.hr,"Farmington, Arkansas",http://www.linkedin.com/in/david-herring-8576a169,https://app.apollo.io/#/people/55708eda736964515a711100
Davis,Lipscomb,Co-Owner,Lipscomb Wealth,lipscombwealth.com,http://www.lipscombwealth.com,"Auburn, Alabama",http://www.linkedin.com/in/davis-lipscomb-6394274b,https://app.apollo.io/#/people/54a466677468692abfeb4444
Brian,Hayes,Owner,Hayes Advisory Group,hayesadvisorygroup.com,http://www.hayesadvisorygroup.com,"Kokomo, Indiana",http://www.linkedin.com/in/t-brian-hayes-b6a06011,https://app.apollo.io/#/people/54a38ee37468693209bbb702
Brian,Walsh,Co-Owner,Walsh & Nicholson Financial Group,wnfg.com,http://www.wnfg.com,"Wayne, Pennsylvania",http://www.linkedin.com/in/brianpwalshbeyondthemask,https://app.apollo.io/#/people/680b1068dd0ddf0001a347dc
Didier,Varlet,Owner,"Cartesia Financial, LLC",cartesiafinancial.com,http://www.cartesiafinancial.com,"Miami Beach, Florida",http://www.linkedin.com/in/didiervarlet,https://app.apollo.io/#/people/66f6ff3ed5e8f900015dffd6
Danny,Doyle,Owner,Mark Hughes Merchant Services,markhughesmerchant.com,https://markhughesmerchant.com,"Lenoir City, Tennessee",http://www.linkedin.com/in/danny-doyle-9864b834,https://app.apollo.io/#/people/6700613084c86e0001d20361
Brett,Chambers,Owner,Chambers Financial Consulting,chambersfinancialconsulting.com,http://www.chambersfinancialconsulting.com,"Sonora, Texas",http://www.linkedin.com/in/brett-chambers,https://app.apollo.io/#/people/66b3372f5eeac70001e3a0c9
Michelle,Healy,Owner,Highland Financial Consulting,highlandfinancial.com,https://highlandfinancial.com,"Defiance, Ohio",http://www.linkedin.com/in/michelle-healy-270354209,https://app.apollo.io/#/people/62c3d76836d7fc000139bac3
Cami,Watts,Owner,Your Financial Edge,wattsyourfinancialedge.com,http://www.wattsyourfinancialedge.com,"Atlanta, Georgia",http://www.linkedin.com/in/cami-watts-cpa,https://app.apollo.io/#/people/66fb35180ae2360001300b94
Kerry,Morris,Owner,Assurance Financial Partners,assurancefp.com,http://www.assurancefp.com,"Franklin, Tennessee",http://www.linkedin.com/in/kerrymorris1,https://app.apollo.io/#/people/5f7cb6da79511b00010db9f9
Kendra,Erkamaa,Owner,"TRIANGLE FINANCIAL SERVICES, INC.",trianglefsinc.com,http://www.trianglefsinc.com,"Des Moines, Iowa",http://www.linkedin.com/in/kendra-erkamaa-29265a4,https://app.apollo.io/#/people/55712faf7369646328480400
Brad,Sacks,Owner,Sacks & Associates,mjswealth.co.za,http://www.mjswealth.co.za,United States,http://www.linkedin.com/in/brad-sacks-1a91ab18,https://app.apollo.io/#/people/66fb8898cdf51100011db72f
Justin,Miller,Owner,Fireside Financial,stlfireside.com,http://www.stlfireside.com,"Chesterfield, Missouri",http://www.linkedin.com/in/justin-w-miller,https://app.apollo.io/#/people/6061c3e3e9303c00012404cc
Eric,Kent,Owner,Silver Compass Advisors,silvercompassadvisors.com,https://silvercompassadvisors.com,"Alexandria, Louisiana",http://www.linkedin.com/in/kenteric,https://app.apollo.io/#/people/54a4b6737468692cf0825f5d
Wendy,West,Owner,Double W Financial Group,wwfinancialgroup.com,http://www.wwfinancialgroup.com,"Chicago, Illinois",http://www.linkedin.com/in/wendy-west-9092868,https://app.apollo.io/#/people/5f606cb286d5ca00011e21f2
Joe,Saffrin,Owner,"Mach96, LLC",mach96.com,http://www.mach96.com,"Minneapolis, Minnesota",http://www.linkedin.com/in/joesaffrin,https://app.apollo.io/#/people/625a9c9579eafe0001c42050
Ben,Jackson,Owner,Jackson Financial Group,jacksonfinancialplanning.com,http://www.jacksonfinancialplanning.com,"Blacksburg, Virginia",http://www.linkedin.com/in/ben-jackson-cfp%c2%ae-ab94ba225,https://app.apollo.io/#/people/66fd96bb6bbe610001b2e1b8
Jason,Maxam,Owner,"Creative 1st Mortgage, LLC",creative1stmortgage.com,http://www.creative1stmortgage.com,"Birmingham, Alabama",http://www.linkedin.com/in/jason-maxam-01b37b27,https://app.apollo.io/#/people/54c1fd5e7468697af72d2a69
Kayle,Larsen,"Certified Financial Planner, Owner",Larsen Wealth Management,larsenwealthmanagement.com,https://larsenwealthmanagement.com,"El Dorado Hills, California",http://www.linkedin.com/in/kayle-larsen-cfp%c2%ae-002a058,https://app.apollo.io/#/people/670f915db0ecf30001eb798c
Dave,Tallman,Owner,Mortgage Solutions Of Georgia,mortgagesolutionsofgeorgia.net,http://www.mortgagesolutionsofgeorgia.net,"Acworth, Georgia",http://www.linkedin.com/in/dave-tallman,https://app.apollo.io/#/people/66ff6fbf6072970001666a7f
Jacki,Liautaud,Co-owner/Advisor,"One Wild Life Advisors, LLC",onewildlifeadvisors.com,http://www.onewildlifeadvisors.com,"Chicago, Illinois",http://www.linkedin.com/in/jacki-liautaud-cfp%c2%ae-795a637,https://app.apollo.io/#/people/6853fc5109a92c0001283919
Bryan,Cfp,Co-Owner,"Spectrum Wealth Management, LLC",spectrumhawaii.com,http://www.spectrumhawaii.com,"Honolulu, Hawaii",http://www.linkedin.com/in/bryan-nakamoto,https://app.apollo.io/#/people/6197531438675900018865e8
Michael,Sowa,Owner,Convergence Financial Consulting LLC,convergencefc.com,http://www.convergencefc.com,"Philadelphia, Pennsylvania",http://www.linkedin.com/in/michael-sowa-ctp,https://app.apollo.io/#/people/66865ac182ac780001f813c8
Russ,Shulman,Owner,Sound Bookkeepers,sbk2.co,http://www.sbk2.co,United States,http://www.linkedin.com/in/trustedruss,https://app.apollo.io/#/people/5fbc8e853799190001cae6c8
David,Rasch,Owner/President,Harvest Wealth Advisors LLC,harvestwealthadvisor.com,http://www.harvestwealthadvisors.net,"Grand Rapids, Michigan",http://www.linkedin.com/in/harvestwealthadvisorsnet,https://app.apollo.io/#/people/670627dcfd62b900014a7cc3