First Name,Last Name,Title,Company Name,Company Name for Emails,Email,Email Status,Primary Email Source,Primary Email Verification Source,Email Confidence,Primary Email Catch-all Status,Primary Email Last Verified At,Seniority,Departments,Sub Departments,Contact Owner,Work Direct Phone,Home Phone,Mobile Phone,Corporate Phone,Other Phone,Do Not Call,Stage,Lists,Last Contacted,Account Owner,# Employees,Industry,Keywords,Person Linkedin Url,Website,Company Linkedin Url,Facebook Url,Twitter Url,Address,City,State,Country,Company Address,Company City,Company State,Company Country,Company Phone,Technologies,Annual Revenue,Total Funding,Latest Funding,Latest Funding Amount,Last Raised At,Parent company (Apollo data),Parent company (Apollo data - Organization ID),Email Sent,Email Open,Email Bounced,Replied,Demoed,Number of Retail Locations,SIC Codes,NAICS Codes,Apollo Contact Id,Apollo Account Id,Apollo Record Id,Secondary Email,Secondary Email Source,Secondary Email Status,Secondary Email Verification Source,Tertiary Email,Tertiary Email Source,Tertiary Email Status,Tertiary Email Verification Source,Primary Intent Topic,Primary Intent Score,Secondary Intent Topic,Secondary Intent Score,account stage,Job Title,Owner,Account,Hierarchy,Employee 2,Industry 2
Alan,Bok,Founder and Director,LLAB,LLAB,alan@liquid-lab.com,Verified,Apollo,Apollo,,Not Catch-all,2026-09-16T18:45:58+00:00,founder,c_suite,founder,RAHUL@NESTAKTECHNOLOGY.COM,,,,,,false,Cold,rahul@nestacktechnology_sample,,RAHUL@NESTAKTECHNOLOGY.COM,28,marketing & advertising,"creative advertising, advertising services, campaign development, advertising, tech marketing campaigns, content creation, graphic design, product launches, consumer goods & retail, media production, cross-platform storytelling, video production, fan engagement, digital media, visual identity, interactive design, bold content creation, market research, event marketing, user experience, fan-service content, trend-based campaigns, futuristic microsites, cultural branding, media & entertainment, branding, digital marketing, social media marketing, services, interactive microsites, integrated creative agency, brand strategy, advertising agencies, b2c, advertising & marketing, content marketing, experimental marketing, consumer products & retail, b2b, marketing & advertising, events, events services, ux, consumer internet, consumers, internet, information technology & services",http://www.linkedin.com/in/alan-bok-1481b6b4,http://www.liquid-lab.com,http://www.linkedin.com/company/liquidlab-comms,https://facebook.com/WeAreLiquidLab,https://twitter.com/WeAreLiquidlab,Singapore,Singapore,,Singapore,"24 Duxton Road, Outram, Central Region 089488, SG",Singapore,Singapore,Singapore,,,61K,,,,,,,,false,false,false,false,,7311,541810,651f923c9e72440001697f4a,5f476a2b9dd69d00019af5d0,651f923c9e72440001697f4a,,,,,,,,,,,,,,Founder and Director,RAHUL@NESTAKTECHNOLOGY.COM,liquid-lab.com,rahul@nestacktechnology_sample,28,marketing & advertising
Alison,Denner,Director of Operations,Branded,Branded,alison@thebranded.company,Verified,Apollo,Apollo,,Not Catch-all,2026-09-16T18:45:42+00:00,director,master_operations,operations,RAHUL@NESTAKTECHNOLOGY.COM,,,,'+12402840554,,false,Cold,rahul@nestacktechnology_sample,,RAHUL@NESTAKTECHNOLOGY.COM,8,marketing & advertising,"marketing services, marcom awards, e-commerce sales funnels, customer engagement, multimedia marketing campaigns, landing pages, market analysis, information technology, influencer collaboration, technology integration, industrial content creation, marketing strategy, user experience, brand identity, brand strategy and identity, branding, advertising services, content marketing, d2c, digital asset creation, web hosting, brand storytelling, campaign management, e-commerce, video production, video editing, digital transformation, content strategy, brand awareness, information technology and services, video production and photography, copywriting, market research, social media marketing, website design, advertising agencies, online visibility, content creation, custom software solutions, b2b, website redesign case studies, multichannel marketing, influencer marketing, content creation and production, website development, content production for luxury brands, award-winning marketing, sales funnels, social media content strategy, online presence, services, seo, custom software, target audience connection, creative content, marketing automation, brand refresh, full-service marketing agency, social media marketing and advertising, conversion rate optimization, search engine optimization, digital advertising, website maintenance, digital marketing strategies, brand strategy, media production, email marketing, digital marketing, e-commerce solutions, lead generation, marketing and advertising, branding redesign, brand management, graphic design, performance analytics, website design and development, conversion optimization, consulting, marketing & advertising, ux, information technology & services, consumer internet, consumers, internet, writing & editing, web design, web development, search marketing, marketing, saas, computer software, enterprise software, enterprises, sales, web design & development",http://www.linkedin.com/in/alisondenner,http://www.thebranded.company,http://www.linkedin.com/company/thebrandedcompany,,https://twitter.com/alison_denner,"Baltimore/Washington International Thurgood Marshall Airport (BWI), Baltimore, MD 21240, USA",Baltimore,Maryland,United States,"801 Pleasant Dr, Rockville, Maryland 20850, US",Rockville,Maryland,United States,'+12402840554,,,,,,,,,,false,false,false,false,,7311,541810,54a6340b7468693442f47bca,6049e3dc09f5690001ecc8c4,54a6340b7468693442f47bca,,,,,,,,,,,,,,Director of Operations,RAHUL@NESTAKTECHNOLOGY.COM,thebranded.company,rahul@nestacktechnology_sample,8,marketing & advertising
Amy,Zvovushe,Director of Strategic Partnerships,banMe Media,banMe Media,amy.zvovushe@banmemedia.com,Verified,Apollo,Apollo,,Not Catch-all,2026-09-16T18:45:50+00:00,director,master_sales,partnerships,RAHUL@NESTAKTECHNOLOGY.COM,,,,'+16463928463,,false,Cold,rahul@nestacktechnology_sample,,RAHUL@NESTAKTECHNOLOGY.COM,16,marketing & advertising,"advertising, analytics, customer service, loyalty, cross platform, international, advertising services, dooh, digital signage, services, connected tv, targeted ad campaigns, ad performance insights, customer acquisition, media buying & planning, digital media buying, premium inventory, real-time analytics, omnichannel strategies, social media marketing, ad creative optimization, impression tracking, in-feed native ads, emerging media, media buying, programmatic advertising, omnichannel marketing, mobile billboard, b2b, ad placement, digital out-of-home, innovative out-of-home ads, retargeting, campaign optimization, advertising agency, ad personalization, performance marketing, ad campaign management, geotargeting, brand awareness, video marketing, out-of-home advertising, display advertising, programmatic media buying, ad analytics, content marketing, cost-effective advertising, audience targeting, dynamic ad campaigns, data-driven marketing, performance tracking, behavioral targeting, mobile video ads, social media advertising, customer engagement, video advertising, advertising & marketing, drone shows, advertising agencies, digital advertising, brand exposure, conversion optimization, interactive ads, native ads, ad automation tools, native advertising, audience segmentation, audio ads, digital marketing, cross-device advertising, augmented reality ads, sem, information technology & services, marketing & advertising, consumer internet, consumers, internet",http://www.linkedin.com/in/amy-zvovushe-mba-88b4256,http://www.banmemedia.com,http://www.linkedin.com/company/banme-media,,,"New York, NY, USA",New York,New York,United States,"boston, massachusetts, united states",Boston,Massachusetts,United States,'+16463928463,,,,,,,,,,false,false,false,false,,7311,541810,6026e893b7bd260001c88333,65f6239c7cc851000644b901,6026e893b7bd260001c88333,,,,,,,,,,,,,,Director of Strategic Partnerships,RAHUL@NESTAKTECHNOLOGY.COM,banmemedia.com,rahul@nestacktechnology_sample,16,marketing & advertising
Andrea,Hei,National Marketing Director,"Optimize Promotions, LLC","Optimize Promotions, LLC",andrea@peakpromotionsllc.com,Verified,Apollo,Apollo,,Not Catch-all,2026-09-16T18:45:58+00:00,director,master_marketing,marketing,RAHUL@NESTAKTECHNOLOGY.COM,,,,'+19728519191,,false,Cold,rahul@nestacktechnology_sample,,RAHUL@NESTAKTECHNOLOGY.COM,10,marketing & advertising,"advertising services, corporate gifts, product reordering platforms, other services related to advertising, brand marketing, b2b, marketing strategy tools, business services, industry-specific promotional items, custom product branding, client-specific product catalogs, branding, industry-leading supplier network, sports equipment, client loyalty gifts, corporate recognition programs, custom promotional items, inventory management, logistics services, product design, brand awareness, eco-friendly merchandise, promotional tech gadgets, apparel customization, custom apparel, event planning & management, custom product sourcing, ecommerce stores, services, product sourcing, logo branding, product kitting, advertising & marketing, promotional products, branded merchandise, event giveaways, logo labelling, trade show merchandise, customer service, client showrooms, employee awards, custom product packaging, e-commerce, custom packaging, logo imprinting, product personalization, apparel, remote order fulfillment, sustainable promotional products, non-profit, distribution, marketing & advertising, enterprise software, enterprises, computer software, information technology & services, consumer internet, consumers, internet, nonprofit organization management",http://www.linkedin.com/in/andrea-hei-47034357,http://www.optimizepromotions.com,http://www.linkedin.com/company/peak-promotions,,,"Elizabeth, CO 80107, USA",Elizabeth,Colorado,United States,"202 fresh meadow dr, trophy club, texas, united states",Trophy Club,Texas,United States,'+19728519191,,,,,,,,,,false,false,false,false,,7389,54189,54a621dd74686934424990c4,559220407369641893d08100,54a621dd74686934424990c4,,,,,,,,,,,,,,National Marketing Director,RAHUL@NESTAKTECHNOLOGY.COM,peakpromotionsllc.com,rahul@nestacktechnology_sample,10,marketing & advertising
Andrew,S,Founder & Director,All Bases Digital,All Bases Digital,andrew@allbasesdigital.com.au,Verified,Apollo,Apollo,,Not Catch-all,2026-09-16T18:45:55+00:00,founder,c_suite,founder,RAHUL@NESTAKTECHNOLOGY.COM,,,,'+61459395984,,false,Cold,rahul@nestacktechnology_sample,,RAHUL@NESTAKTECHNOLOGY.COM,1,marketing & advertising,"social media marketing, digital marketing, web design, graphic design, search engine optimisation, search engine marketing, branding, ecommerce, online stores, content creation, business strategy, market research, promotional, print, advertising services, consumer internet, consumers, internet, information technology & services, marketing & advertising, seo, search marketing, marketing, sem, e-commerce",http://www.linkedin.com/in/andrewmarkstevenson,http://www.allbasesdigital.com.au,http://www.linkedin.com/company/all-bases-digital,,,"Melbourne VIC, Australia",Melbourne,Victoria,Australia,"Brisbane, QLD 4000, AU",Petrie Terrace,Queensland,Australia,'+61459395984,,,,,,,,,,false,false,false,false,,,,6a9a39729e22a80001224789,5fc8867fcc77cc00017b1474,6a9a39729e22a80001224789,,,,,,,,,,,,,,Founder & Director,RAHUL@NESTAKTECHNOLOGY.COM,allbasesdigital.com.au,rahul@nestacktechnology_sample,1,marketing & advertising
Anne,Greisen,Director,ijovi,ijovi,anka@ijovi.com,Verified,Apollo,Apollo,,Not Catch-all,2026-09-16T18:45:55+00:00,director,,,RAHUL@NESTAKTECHNOLOGY.COM,,,,'+4531150514,,false,Cold,rahul@nestacktechnology_sample,,RAHUL@NESTAKTECHNOLOGY.COM,32,management consulting,"hospitals & health care, business consulting & services, brand storytelling, video production, kol engagement, scientific training, business cases, content creation, medical content strategy, medical education materials, regulatory compliance, healthcare communication, omnichannel tactics, public relations agencies, omnichannel strategy, branding, market access support, b2b, market research, multichannel marketing, medical education, patient engagement, insights & intelligence, hcp & patient education, kol mapping, healthcare branding, medical affairs, market access, patient experience, consulting, digital marketing, healthcare, medical education programs, scientific speaker programs, forecasting, data insights, medical storytelling, digital content, forecasting & business planning, congress highlights, medical communication, brand strategy, patient-centered marketing, digital health solutions, patient experience focus, content development, healthcare marketing, services, market research tools, content marketing, education, hospital & health care, management consulting, marketing & advertising, health care, health, wellness & fitness",http://www.linkedin.com/in/anne-katrine-greisen-36479836,http://www.ijovi.com,http://www.linkedin.com/company/ijovi,,,"New York, NY, USA",New York,New York,United States,"H.C. Andersens Blvd. 18, Copenhagen, 1553, DK",Copenhagen,Capital Region of Denmark,Denmark,'+4531150514,,,,,,,,,,false,false,false,false,,"8742, 7311, 8743","541810, 541820",54a610ad7468692cf0af14bf,615eca955ed70400016ea78f,54a610ad7468692cf0af14bf,,,,,,,,,,,,,,Director,RAHUL@NESTAKTECHNOLOGY.COM,ijovi.com,rahul@nestacktechnology_sample,32,management consulting
Ashleigh,Fischer,"Founder, Director",XAVVY HAUS,XAVVY HAUS,ashleigh@xavvyhaus.com,Verified,Apollo,Apollo,,Not Catch-all,2026-09-16T18:45:50+00:00,founder,c_suite,founder,RAHUL@NESTAKTECHNOLOGY.COM,,,,,,false,Cold,rahul@nestacktechnology_sample,,RAHUL@NESTAKTECHNOLOGY.COM,5,marketing & advertising,"marketing services, lifestyle brands, consulting, long-term growth strategy, industry partnerships, digital advertising, multi-platform advertising, fashion ecommerce, paid media, paid social, creative content support, marketing agency, campaign planning, ecommerce marketing, advertising campaigns, ad buying tactics, paid social media, social media advertising, market expansion strategies, ecommerce scaling, ad campaigns, brand growth, paid search, media buying, ecommerce, performance marketing agency, social media campaigns, marketplace growth, ad campaign optimization, industry connections, affiliate marketing, creative editing, b2b, digital marketing, b2c, growth marketing, advertising, brand sponsorship tactics, market growth, e-commerce, lifestyle brand marketing, performance ads, strategy consulting, content creation, growth strategies, brand relationships, market expansion, roas optimization, lifestyle, search media buying, brand relationship building, performance marketing, google ads, advertising agencies, advertising agency, customer acquisition, retail, d2c, ecommerce brands, customer experience, services, digital strategy, brand sponsorship, content strategy, fashion ecommerce support, brand strategy, brand awareness, fashion, marketing & advertising, consumer internet, consumers, internet, information technology & services, marketing, strategic consulting, management consulting",http://www.linkedin.com/in/ashleigh-fischer-a14293145,http://www.xavvyhaus.com,http://www.linkedin.com/company/xavvy-haus,,,"Burleigh Heads QLD, Australia",Burleigh Heads,Queensland,Australia,"Burleigh Heads , QLD 4220, AU",Gold Coast,Queensland,Australia,,,,,,,,,,,false,false,false,false,,7311,54181,66c3f287f6db170001297f55,675facfa1ec32002cf1ae383,66c3f287f6db170001297f55,,,,,,,,,,,,,,"Founder, Director",RAHUL@NESTAKTECHNOLOGY.COM,xavvyhaus.com,rahul@nestacktechnology_sample,5,marketing & advertising
Amy,Venhuizen,Director of Application Development,Prophase Marketing,Prophase Marketing,avenhuizen@ppmi.com,Verified,Apollo,Apollo,,Not Catch-all,2026-09-16T18:45:40+00:00,director,master_information_technology,application_development,RAHUL@NESTAKTECHNOLOGY.COM,,,,'+18662684959,,false,Cold,rahul@nestacktechnology_sample,,RAHUL@NESTAKTECHNOLOGY.COM,19,marketing & advertising,"small business marketing, marketing, software, small business software, customer loyalty, gift card program, customer survey, referafriend program, social media, digital media, website design, website hosting, direct mail, email marketing, advertising services, social media campaigns, conversion optimization, campaign management, services, marketing and advertising, marketing strategy, responsive web design, website development, management consulting services, website design & development, video marketing, user experience, customer engagement, video content creation, content marketing, brand awareness, digital marketing, manufacturing, marketing automation, information technology and services, brand strategy, e-commerce, landing page development, ppc & paid social ads, d2c, consulting, video production, direct mail marketing, local seo, healthcare, social media marketing, b2b, customer loyalty program, branding, lead generation, information technology, social media management, content creation, b2c, digital advertising, promotional products, search engine optimization, ecommerce websites, retail, seo, influencer marketing, information technology & services, consumer internet, consumers, internet, web design, marketing & advertising, web development, web design & development, ux, mechanical or industrial engineering, saas, computer software, enterprise software, enterprises, search marketing, health care, health, wellness & fitness, hospital & health care, sales",http://www.linkedin.com/in/amy-venhuizen-4b65a81a,http://www.prophasemarketing.com,http://www.linkedin.com/company/prophase-marketing,,,"Minneapolis, MN, USA",Minneapolis,Minnesota,United States,"1010 Summit Avenue N., Sauk Rapids, MN 56379, US",Sauk Rapids,Minnesota,United States,'+18662684959,,,,,,,,,,false,false,false,false,,7311,"54161, 541810",54a2a37c7468693fda2a2332,54a1355669702d3cbb2cad00,54a2a37c7468693fda2a2332,,,,,,,,,,,,,,Director of Application Development,RAHUL@NESTAKTECHNOLOGY.COM,ppmi.com,rahul@nestacktechnology_sample,19,marketing & advertising
Ben,Slater,Co-Founder/CTO,MSQ,MSQ,ben.slater@msqindex.com,Verified,Apollo,Apollo,,Not Catch-all,2026-09-16T18:45:37+00:00,founder,"c_suite, master_engineering_technical","founder, information_technology_executive, engineering_technical, technology_operations",RAHUL@NESTAKTECHNOLOGY.COM,,,,,,false,Cold,rahul@nestacktechnology_sample,,RAHUL@NESTAKTECHNOLOGY.COM,8,marketing & advertising,"marketing services, agency growth, market trend data, agency growth toolkit, market insights, client satisfaction, market trends, agency performance metrics, client upselling, agency support ecosystem, business support services, growth framework, client needs uncovering, structured questionnaires, services, client retention strategies, client needs analysis, client retention, action plans, agency differentiation, management consulting, management consulting services, b2b, agency branding, consulting, data-driven insights, customer engagement, client engagement tools, performance benchmarking, strategy audits, agency partnership tools, market benchmarking, data-driven marketing, strategy-first approach, marketing strategy, client engagement reports, client acquisition, agency tools, growth accelerator, client success roadmap, business growth tools, strategic marketing, data analytics, client relationship management, digital marketing, agency training, client success, advertising & marketing, white-label solutions, brand awareness, saas, marketing & advertising, computer software, information technology & services",http://www.linkedin.com/in/iambenslater,http://www.msqindex.com,http://www.linkedin.com/company/msqindex,,,"Brisbane QLD, Australia",Brisbane,Queensland,Australia,,,,,,,,,,,,,,,false,false,false,false,,7311,"54161, 541810, 513210",6114444edcaf950001086128,66415c6e6a455101c7ac0e75,6114444edcaf950001086128,,,,,,,,,,,,,,Co-Founder/CTO,RAHUL@NESTAKTECHNOLOGY.COM,msqindex.com,rahul@nestacktechnology_sample,8,marketing & advertising
Bernadette,King,Founder and Director,Merged Media,Merged Media,bern@mergedmedia.com.au,Verified,Apollo,Apollo,,Not Catch-all,2026-09-16T18:45:47+00:00,founder,c_suite,founder,RAHUL@NESTAKTECHNOLOGY.COM,,,,'+61437848285,,false,Cold,rahul@nestacktechnology_sample,,RAHUL@NESTAKTECHNOLOGY.COM,1,marketing & advertising,"advertising services, media negotiation expertise, media budget management, media outcome measurement, media campaign optimization, data studio, media reporting tools, predictive analytics, media analytics, media data integration, advertising agencies, performance-driven media, media spend maximization, data strategy, brand strategy, media performance, media content integration, data & reporting, media negotiation, media campaign management, australian owned, tag management, media performance metrics, digital media, independent media agency, media transparency, media channel diversification, advertising & marketing, media & communications, social media, media strategy, media planning, cross-channel media planning, media audience targeting, media buying, datorama, custom media solutions, market research, user experience, media platform analytics, media optimization, services, programmatic advertising, media channels, media platform management, search marketing, digital advertising, traditional media, media buying & planning, local media buying, social media advertising, b2b, marketing & advertising, information technology & services, enterprise software, enterprises, computer software, consumer internet, consumers, internet, ux",http://www.linkedin.com/in/bernadette-king-89569610a,http://www.mergedmedia.com.au,http://www.linkedin.com/company/merged-media,https://www.facebook.com/mergedmedia/,https://twitter.com/digitalaudience,"Melbourne VIC, Australia",Melbourne,Victoria,Australia,"melbourne, victoria, australia",Melbourne,Victoria,Australia,'+61437848285,,,,,,,,,,false,false,false,false,,7311,54181,57e0e2a7a6da987d9c452af3,5e56cf0415f95c000198d5ee,57e0e2a7a6da987d9c452af3,,,,,,,,,,,,,,Founder and Director,RAHUL@NESTAKTECHNOLOGY.COM,mergedmedia.com.au,rahul@nestacktechnology_sample,1,marketing & advertising
Bridget,Norman,Media & PR Director,McDaniels Marketing,McDaniels Marketing,bnorman@mcdmarketing.com,Verified,Apollo,Apollo,,Not Catch-all,2026-09-16T18:45:47+00:00,director,master_marketing,"advertising, public_relations, strategic_communications",RAHUL@NESTAKTECHNOLOGY.COM,,,,'+13093464230,,false,Cold,rahul@nestacktechnology_sample,,RAHUL@NESTAKTECHNOLOGY.COM,51,marketing & advertising,"marketing consultation planning, branding, market research, advertising media placement, public relations, websites interactive solutions, promotional products, advertising services, media placement, creative video content, online reputation management, content marketing, website design, event marketing, traditional media, brand storytelling, social media marketing, out-of-home advertising, campaign analytics, creative campaigns, brand identity, seo, email marketing, local and regional marketing, community storytelling, advertising agencies, content creation, generative engine optimization (geo), graphic design, services, strategic planning, ppc, integrated campaigns, website development, brand strategy, influencer marketing, customer engagement, community engagement, big data analytics, marketing and advertising, media strategy, b2b, ai chatbot, media production, video production, media buying, digital marketing, brand authenticity, healthcare, finance, consulting, marketing & advertising, web design, events, events services, consumer internet, consumers, internet, information technology & services, search marketing, marketing, web development, enterprise software, enterprises, computer software, health care, health, wellness & fitness, hospital & health care, financial services",http://www.linkedin.com/in/bridget-norman,http://www.mcdanielsmarketing.com,http://www.linkedin.com/company/mcdaniels-marketing-communications,http://www.facebook.com/McDanielsInteractive,https://twitter.com/rrmcd,"Peoria, IL, USA",Peoria,Illinois,United States,"11 Olt Ave, Pekin, IL 61554, US",Pekin,Illinois,United States,'+13093464230,,2.9M,,,,,,,,false,false,false,false,,"7311, 8743","541810, 541820",5de07312f12d140001087157,54a13c6769702dc8e4d9a901,5de07312f12d140001087157,,,,,,,,,,,,,,Media & PR Director,RAHUL@NESTAKTECHNOLOGY.COM,mcdmarketing.com,rahul@nestacktechnology_sample,51,marketing & advertising
Brett,Jager,Director of Business Development,Mailwise Solutions,Mailwise Solutions,brett@mailwisesolutions.com,Verified,Apollo,Apollo,,Not Catch-all,2026-09-16T18:45:45+00:00,director,master_sales,business_development,RAHUL@NESTAKTECHNOLOGY.COM,,,,'+18593413400,,false,Cold,rahul@nestacktechnology_sample,,RAHUL@NESTAKTECHNOLOGY.COM,13,marketing & advertising,"direct mail, design, print, menus, postcards, dinein menus, box toppers, marketing services, restaurant marketing, targeted mailing, custom marketing solutions, branding, menu printing, printing, graphic design, print and mail services, printing services, menu and postcard design, restaurant direct mail, menu design, mailing services, b2b, direct mail marketing, food industry marketing, food service, customized marketing campaigns, food service marketing, print services, pizza marketing, no contract marketing, marketing and advertising, community outreach, services, customer retention, postcard printing, customer engagement, customer service, area-specific campaigns, distribution, consumer products & retail, marketing, marketing & advertising",http://www.linkedin.com/in/brett-jager-04435086,http://www.mailwisesolutions.com,http://www.linkedin.com/company/mailwise-solutions,,,"Newport, KY 41071, USA",Newport,Kentucky,United States,"2541 SCHMIDT LN , CRESCENT SPRINGS, Kentucky 41017, US",Crescent Springs,Kentucky,United States,'+18593413400,,,,,,,,,,false,false,false,false,,2752,32311,55e2ab50f3e5bb3f2e006612,68e65bdefd147900010028bb,55e2ab50f3e5bb3f2e006612,,,,,,,,,,,,,,Director of Business Development,RAHUL@NESTAKTECHNOLOGY.COM,mailwisesolutions.com,rahul@nestacktechnology_sample,13,marketing & advertising
Caddie,Marshall,Director,Ready Marketing,Ready Marketing,caddie@readymarketing.com.au,Verified,Apollo,Apollo,,Not Catch-all,2026-09-16T18:45:40+00:00,director,,,RAHUL@NESTAKTECHNOLOGY.COM,,,,'+61263601301,,false,Cold,rahul@nestacktechnology_sample,,RAHUL@NESTAKTECHNOLOGY.COM,9,marketing & advertising,"websites, communications plan, graphic design, social media, strategy, monthly marketing management, google & seo, logo, marketing strategy, branding, advertising, instagram, marketing, facebook, advertising services, customer acquisition, promotions, digital solutions, analytics, brand development, government, video marketing, consulting, destination marketing workshops, e-commerce platforms, lead generation, google search console, services, business planning, local business support, target audience analysis, regional marketing, visitor experience development, business growth solutions, regional nsw, web design, email marketing, tourism marketing, digital marketing, tourism destination marketing, marketing and advertising, public relations, campaign management, google ads, marketing workshops, google analytics, b2b, tourism digital strategies, social media advertising, branding and design, event marketing, website hosting, business mentoring, e-commerce, seo, event planning, content marketing, website design, online presence, content creation, web development, event promotion, social media management, website development, regional tourism strategies, social media marketing, full service marketing agency, videography, seo optimization, public relations agencies, market research, digital landscape, small business marketing, community engagement, customer engagement, regional branding, retail, b2c, consumer products & retail, consumer internet, consumers, internet, information technology & services, marketing & advertising, sales, events, events services, search marketing",http://www.linkedin.com/in/caddie-marshall-73a78360,http://www.readymarketing.com.au,http://www.linkedin.com/company/ready-marketing,,,"New South Wales, Australia",,New South Wales,Australia,"1/289 Summer St, Orange, New South Wales 2800, AU",Orange,New South Wales,Australia,'+61263601301,,,,,,,,,,false,false,false,false,,7311,54182,608fc22fa5e98a0001d6415a,5da4ad6d71344e0001472cdd,608fc22fa5e98a0001d6415a,,,,,,,,,,,,,,Director,RAHUL@NESTAKTECHNOLOGY.COM,readymarketing.com.au,rahul@nestacktechnology_sample,9,marketing & advertising
Carrie,Chennault,Art Director,Mansell Media,Mansell Media,carrie@mansellmedia.net,Verified,Apollo,Apollo,,Not Catch-all,2026-09-16T18:45:43+00:00,director,design,all_design,RAHUL@NESTAKTECHNOLOGY.COM,,,,'+16013392040,,false,Cold,rahul@nestacktechnology_sample,,RAHUL@NESTAKTECHNOLOGY.COM,20,marketing & advertising,"social media marketing, facebook, twitter, linkedin, pinterest, youtube, print direct mail, radio television, instagram, graphic design, marketing, advertising, web design, web development, consulting, digital media, content planning, ad campaigns, advertising services, facebook ad guides, media buying, ad campaign management, campaign optimization, lead generation, revenue growth, advertising agency, nonprofit marketing, search engine optimization, email list opt-in setup, marketing agency, email deliverability, campaign management, nonprofit marketing solutions, advertising campaigns, public relations, email tracking and reporting, full-service marketing agency, social media management, email list management, email list building, brand awareness, paid social campaigns, email campaign analytics, digital marketing, nonprofit advertising, email automation, newsletter creation, email marketing, ad campaign optimization, text-to-join email setup, branding, online fundraising support, content creation, google ad grants management, performance marketing, google analytics integration, social media engagement, performance reporting, marketing and advertising, digital advertising, services, digital marketing strategy, email template creation, digital marketing services, advertising agencies, social media audience targeting, google ad grants, b2b, social media advertising, roi optimization, content marketing, customer engagement, email marketing services, non-profit, consumer internet, consumers, internet, information technology & services, marketing & advertising, sales, seo, search marketing, nonprofit organization management",http://www.linkedin.com/in/carriechennault,http://www.mansellmedia.net,http://www.linkedin.com/company/mansell-media,https://www.facebook.com/mansellmedia/,https://twitter.com/MansellMedia,"Clinton, MS, USA",Clinton,Mississippi,United States,"105 E Main St, Clinton, Mississippi 39056, US",Clinton,Mississippi,United States,'+16013392040,,,,,,,,,,false,false,false,false,,"7311, 8743","541810, 541820",54a814ff746869705a0bf55f,55f110a9f3e5bb50ca000bbd,54a814ff746869705a0bf55f,,,,,,,,,,,,,,Art Director,RAHUL@NESTAKTECHNOLOGY.COM,mansellmedia.net,rahul@nestacktechnology_sample,20,marketing & advertising
Cecilia,Davis,Operations Director Dodier & Company,"Dodier & Company, Inc.","Dodier & Company, Inc.",cecilia@dodier.com,Verified,Apollo,Apollo,,Not Catch-all,2026-09-16T18:45:42+00:00,director,master_operations,operations,RAHUL@NESTAKTECHNOLOGY.COM,,,,'+15202991000,,false,Cold,rahul@nestacktechnology_sample,,RAHUL@NESTAKTECHNOLOGY.COM,6,marketing & advertising,"direct mail campaigns, shopping center marketing, pr for commercial real estate retail centers, advertising, corporate brochures, social media campaigns, digital marketing, mobile marketing, web design, web maintenance, analytics, branding, advertising services, retail center branding, full-service marketing agency, full-service agency, print marketing, retailer collaboration programs, content creation, website development, direct mail, integrated marketing solutions, program evaluation, multi-channel marketing, retail promotional campaigns, digital signage campaigns, print advertising, tenant marketing support, marketing automation, media planning, website design, b2b, seasonal campaigns, retail marketing analytics, retail marketing, seasonal marketing, creative strategy, targeted campaigns, data-driven marketing, brand development, event planning, strategic marketing services, market research, visual collateral, design, tenant participation, data analytics, retailer collaboration, campaign measurement, retail tenant engagement, media buying, copywriting, multi-platform marketing, digital and print advertising, digital advertising, services, coupon solicitation, public relations, customer engagement, signage, brand strategy, advertising agencies, campaign personalization, roi tracking, event management, campaign tracking, construction & real estate, program tracking and reporting, retail, social media management, traffic and sales growth, consumer products & retail, marketing, marketing & advertising, information technology & services, web development, saas, computer software, enterprise software, enterprises, events services, writing & editing",http://www.linkedin.com/in/cecilia-davis-974772b,http://www.dodier.com,http://www.linkedin.com/company/dodier-&-company-inc.,https://facebook.com/Dodier-Company/314533859442,https://twitter.com/dodierandco,"Tucson, AZ, USA",Tucson,Arizona,United States,"1745 E. River Rd., Suite 201, Tucson, AZ 85718, US",Tucson,Arizona,United States,'+15202991000,,22.5M,,,,,,,,false,false,false,false,,"7311, 8743","541810, 541820",609ba30f09d5ad0001bfde72,6797833a2662f60001819104,609ba30f09d5ad0001bfde72,,,,,,,,,,,,,,Operations Director Dodier & Company,RAHUL@NESTAKTECHNOLOGY.COM,dodier.com,rahul@nestacktechnology_sample,6,marketing & advertising
Christiana,McCarthy-Sosna,Account Director,ROAST,ROAST,christiana.mccarthy@weareroast.com,Verified,Apollo,Apollo,,Not Catch-all,2026-09-16T18:45:42+00:00,director,master_sales,account_management,RAHUL@NESTAKTECHNOLOGY.COM,,,,'+442081028500,,false,Cold,rahul@nestacktechnology_sample,,RAHUL@NESTAKTECHNOLOGY.COM,83,marketing & advertising,"seo, ppc, display, data analytics, programmatic buying, mobile, social, insights, crm, customer experience, amazon marketing, content marketing, generative engine optimisation, media strategy planning, data measurement, organic performance, paid search social, media activation, digital traditional media, advertising services, customer retention, seo services, media strategy, first-party data utilization, whitepapers, generative engine optimization (geo), roas optimization, international market localization, tools, campaign optimization, anti-fraud strategies, b2c, services, google analytics 4, voice search & apps, d2c, media automation, lead generation, paid social services, brand awareness, retail, advertising & marketing, digital marketing strategy, b2b marketing, kpi-driven campaigns, display advertising, market insights, data science & analytics, media buying, influencer marketing, audience segmentation, performance marketing, organic listing optimization, ranking reports, amazon ecosystem leverage, ai-powered insights, e-commerce, cx & crm, cross-channel marketing, aso (app store optimization), analytics, influencer-led campaigns, in-house tech solutions, proprietary technology, data science, media buying & planning, performance media, web development, market research, b2b, audience targeting, advertising agencies, multi-touch attribution, digital transformation, display and programmatic services, ppc services, conversion tracking, conversion optimization, programmatic advertising, amazon marketing services, digital marketing, information technology & services, search marketing, marketing, marketing & advertising, internet, sales, enterprise software, enterprises, computer software, consumer internet, consumers",http://www.linkedin.com/in/christianaamccarthy,http://www.weareroast.com,http://www.linkedin.com/company/we-are-roast,,https://twitter.com/weareroast,"Phoenix, AZ, USA",Phoenix,Arizona,United States,"1st Floor, 53 Frith Street, London, England W1D 4SN, GB",London,,United Kingdom,'+442081028500,,,,,,,,,,false,false,false,false,,7311,541810,62ab11c119350600014f4b29,55f69199f3e5bb19770122a7,62ab11c119350600014f4b29,,,,,,,,,,,,,,Account Director,RAHUL@NESTAKTECHNOLOGY.COM,weareroast.com,rahul@nestacktechnology_sample,83,marketing & advertising
Cirsten,Herring,Creative Director,Relevant Marketing Solutions,Relevant Marketing Solutions,cirsten@relevantadvantage.com,Verified,Apollo,Apollo,,Not Catch-all,2026-09-16T18:45:50+00:00,director,design,all_design,RAHUL@NESTAKTECHNOLOGY.COM,,,,'+18883155407,,false,Cold,rahul@nestacktechnology_sample,,RAHUL@NESTAKTECHNOLOGY.COM,4,marketing & advertising,"ecommerce development, social media management, google ad campaign, branded apparel, vr experiences, signs banners, tradeshow booths, app development, print services, marketing consulting, brcreation, promotional products, advertising services, visual content production, event branding, services, visual marketing, brand strategy, event signage, print solutions, digital marketing, promotional merchandise, creative design, trade show displays, marketing collateral, eco-friendly printing, custom packaging, graphic design, social media marketing, brand recognition, marketing strategy, b2b, eco-friendly print, video marketing, trade show marketing, marketing and advertising, printing services, direct mail advertising, digital marketing support, video production, event marketing, content creation, brand awareness, brand storytelling, marketing automation, signs & displays, customer engagement, marketing services, branding, marketing campaign integration, custom apparel, apps, software development, information technology & services, management consulting, marketing & advertising, consumer internet, consumers, internet, events, events services, saas, computer software, enterprise software, enterprises",http://www.linkedin.com/in/cirsten-herring,http://www.relevantadvantage.com,http://www.linkedin.com/company/relevant-advantage,,,"Covington, GA, USA",Covington,Georgia,United States,"3101 Cobb Pkwy SE, 124, Atlanta, GA 30339, US",Atlanta,Georgia,United States,'+18883155407,,,,,,,,,,false,false,false,false,,7311,54186,671d7c0642ba260001c1242c,5da4fc369491960001400a1c,671d7c0642ba260001c1242c,,,,,,,,,,,,,,Creative Director,RAHUL@NESTAKTECHNOLOGY.COM,relevantadvantage.com,rahul@nestacktechnology_sample,4,marketing & advertising
Clair,Gowenlock,Director,The Digital Marketing Agency,The Digital Marketing Agency,clair.gowenlock@thedma.com.au,Verified,Apollo,Apollo,,Not Catch-all,2026-09-16T18:45:52+00:00,director,,,RAHUL@NESTAKTECHNOLOGY.COM,,,,'+19498920010,,false,Cold,rahul@nestacktechnology_sample,,RAHUL@NESTAKTECHNOLOGY.COM,4,marketing & advertising,"marketing, web design, graphic design, social media, sem, seo, viral, consulting, advertising services, b2b, services, consumer internet, consumers, internet, information technology & services, search marketing, marketing & advertising",http://www.linkedin.com/in/clair-gowenlock-690aa7220,http://www.thedigitalmarketingagency.com,http://www.linkedin.com/company/the-digital-marketing-agency,,,"Sydney NSW, Australia",Sydney,New South Wales,Australia,"santa barbara, california, united states",Santa Barbara,California,United States,'+19498920010,,,,,,,,,,false,false,false,false,,,"541810, 541820",61b4a437a7fb8d0001b54f23,54a11bf469702d97c1f47500,61b4a437a7fb8d0001b54f23,,,,,,,,,,,,,,Director,RAHUL@NESTAKTECHNOLOGY.COM,thedma.com.au,rahul@nestacktechnology_sample,4,marketing & advertising
Cortney,Saggau,Director of Operations,Carter House Copy,Carter House Copy,cortney@carterhousecopy.co,Verified,Apollo,Apollo,,Not Catch-all,2026-09-16T18:45:47+00:00,director,master_operations,operations,RAHUL@NESTAKTECHNOLOGY.COM,,,,,,false,Cold,rahul@nestacktechnology_sample,,RAHUL@NESTAKTECHNOLOGY.COM,4,marketing & advertising,"copywriting, copyediting, brdevelopment, copy audits, social media marketing, social media strategy, digital strategy, website develpment, email marketing, communication strategy, advertising services, brand strategy, web design, fintech, customer engagement, targeted ad campaigns, ai visibility optimization, lead acquisition, digital presence, technology, strategy-driven growth, web design & development, impactful marketing campaigns, growth marketing, parenttech branding, hubspot implementation, health and wellness, conversion optimization, marketing agency, marketing and advertising, full-service marketing agency, financial services, content for health and family brands, brand messaging, content creation, ai-driven seo, seo & ai visibility, search engine optimization, famtech growth, digital marketing, advertising agencies, services, startup marketing, lead generation, content marketing, paid advertising, ongoing marketing support, performance marketing, website development, strategy-first marketing, marketing strategy, customer loyalty, growth strategies, campaign management, women's health branding, marketing automation, hubspot marketing automation, market positioning, b2b, family health marketing, online presence, consulting, femtech marketing, content strategy, healthcare, writing & editing, consumer internet, consumers, internet, information technology & services, marketing & advertising, marketing, finance technology, health, wellness & fitness, seo, search marketing, sales, web development, saas, computer software, enterprise software, enterprises, health care, hospital & health care",http://www.linkedin.com/in/cortney-saggau,http://www.carterhousecopy.co,http://www.linkedin.com/company/carterhousecopy,,,"Knoxville, TN, USA",Knoxville,Tennessee,United States,"135 Confederate St, Suite 108, Fort Mill, South Carolina 29715, US",Fort Mill,South Carolina,United States,,,,,,,,,,,false,false,false,false,,7311,54181,63db07391bfad6000179dbc7,5f4aa081d33aa00001dd8756,63db07391bfad6000179dbc7,,,,,,,,,,,,,,Director of Operations,RAHUL@NESTAKTECHNOLOGY.COM,carterhousecopy.co,rahul@nestacktechnology_sample,4,marketing & advertising
Chris,Sullivan,Director of Operations,AAkron,AAkron,csullivan@aakronline.com,Verified,Apollo,Apollo,,Not Catch-all,2026-09-16T18:45:58+00:00,director,master_operations,operations,RAHUL@NESTAKTECHNOLOGY.COM,,,,'+17165425483,,false,Cold,rahul@nestacktechnology_sample,,RAHUL@NESTAKTECHNOLOGY.COM,260,marketing & advertising,"full color digital printing, manufacturing, customization, mood products, the zing line, made in the usa, maglites with fcd printing, nite glow items, color changing, made in usa, bpa free, full color direct printing, promotional products, promotional, advertising services, b2b, advertising & marketing, fast turnaround, color-changing mood products, government, gift sets, recyclable polypropylene, product safety, domestic manufacturing, award-winning promotional items, fast production services, recyclable materials, industry awards, full color digital printing capacity, home goods, award-winning products, custom color options, color-changing heat/cold/sunlight products, customization services, custom packaging, custom branding, color-changing products, product safety standards, laser engraving, domestic production, e-commerce, custom promotional products, eco-friendly products, digital printing, product personalization, laser engraving services, event planning, custom product design, retail trade, fast shipping, services, sign manufacturing, recycled materials, full color imprinting, wholesale trade, promotional items, education, non-profit, distribution, consumer products & retail, mechanical or industrial engineering, marketing & advertising, consumer internet, consumers, internet, information technology & services, events services, nonprofit organization management",http://www.linkedin.com/in/chris-sullivan-36915112,http://www.aakronline.com,http://www.linkedin.com/company/aakron,https://www.facebook.com/pages/Aakron-Rule/119237921008,https://twitter.com/AAkronLine,"Buffalo-Niagara Falls, NY, NY, USA",,New York,United States,"8 Indianola Avenue, Akron, NY 14001-0418, US",Akron,New York,United States,'+17165425483,,31.7M,,,,,,,,false,false,false,false,,7389,33995,6435c1e9fc08310001ef3a6a,62a8686b4783d7000119b745,6435c1e9fc08310001ef3a6a,,,,,,,,,,,,,,Director of Operations,RAHUL@NESTAKTECHNOLOGY.COM,aakronline.com,rahul@nestacktechnology_sample,260,marketing & advertising
Darryl,Watherston,Director,The Branding Business,The Branding Business,darryl@thebrandingbusiness.com.au,Verified,Apollo,Apollo,,Not Catch-all,2026-09-16T18:45:48+00:00,director,,,RAHUL@NESTAKTECHNOLOGY.COM,,,,'+61733560402,,false,Cold,rahul@nestacktechnology_sample,,RAHUL@NESTAKTECHNOLOGY.COM,8,marketing & advertising,"promotional products, clothing apparel, headwear, branded stationery, warehousing, ecommerce, corporate uniforms, tailored uniforms, branded business gifts, digital design, screenprinting, embroidery, pad printing, print management, procurement, advertising services, custom solutions, customer engagement, reconciliation, merchandising campaigns, services, eco-friendly products, sustainable & green business, lead generation, ethical standards, sourcing products, advertising & marketing, custom apparel, supply chain management, other services related to advertising, sustainable practices, circular economy, branding, event signage, apparel & uniforms, supply chain transparency, production, e-commerce, local sourcing, market research, b2b, diversity & inclusion, responsive design, brand activation, textile & apparel, brand management, direct marketing, non-profit, distribution, consumer products & retail, consumer internet, consumers, internet, information technology & services, textiles, marketing & advertising, sales, logistics & supply chain, nonprofit organization management",http://www.linkedin.com/in/darryl-watherston-57157623,http://www.thebrandingbusiness.com.au,http://www.linkedin.com/company/the-branding-business,,,"Brisbane QLD, Australia",Brisbane,Queensland,Australia,"32 Northlink Pl, Unit 1 , Virginia, Queensland 4014, AU",Mangoplah,New South Wales,Australia,'+61733560402,,,,,,,,,,false,false,false,false,,"7389, 7311, 2759","54189, 541810, 323111",54a4fbaf7468693676acf272,5e218ad1c1cf82010dc9b54e,54a4fbaf7468693676acf272,,,,,,,,,,,,,,Director,RAHUL@NESTAKTECHNOLOGY.COM,thebrandingbusiness.com.au,rahul@nestacktechnology_sample,8,marketing & advertising
David,Kim,Managing Director,A-One Promotional Products,A-One Promotional Products,david@a-one.com.au,Verified,Apollo,Apollo,,Not Catch-all,2026-09-16T18:45:45+00:00,director,,,RAHUL@NESTAKTECHNOLOGY.COM,,,,'+61296833699,,false,Cold,rahul@nestacktechnology_sample,,RAHUL@NESTAKTECHNOLOGY.COM,5,marketing & advertising,"bradvisory, branded uniforms, promotional merchandise, advertising services, marketing & advertising",http://www.linkedin.com/in/david-kim-66b52b14,http://www.a-one.com.au,http://www.linkedin.com/company/a-one-promotional-products,https://facebook.com/aonepromotionalproducts,https://twitter.com/aonepromotional,"Silverwater NSW, Australia",Silverwater,New South Wales,Australia,"3/24 Vore St, Silverwater, NSW 2128, AU",Sydney,New South Wales,Australia,'+61296833699,,28.4M,,,,,,,,false,false,false,false,,,"423990, 323113, 315250",5f51ca83b99e65010327b49e,54a11db769702d77c2ef3f01,5f51ca83b99e65010327b49e,,,,,,,,,,,,,,Managing Director,RAHUL@NESTAKTECHNOLOGY.COM,a-one.com.au,rahul@nestacktechnology_sample,5,marketing & advertising
Dustin,Leiblein,Director of Technology Infrastructure,Squid X Media,Squid X Media,dleiblein@squidxmedia.com,Verified,Apollo,Apollo,,Not Catch-all,2026-09-16T18:45:47+00:00,director,master_information_technology,infrastructure,RAHUL@NESTAKTECHNOLOGY.COM,,,,'+18134006855,,false,Cold,rahul@nestacktechnology_sample,,RAHUL@NESTAKTECHNOLOGY.COM,7,marketing & advertising,"growth strategy, brcreation, fractional cmo leadership, performance marketing, paid media strategy, google ads search marketing, social media advertising, search everywhere optimization, audience targeting segmentation, website conversion optimization, marketing automation, lifecycle marketing, crm workflow integration, creative production, influencer marketing, ctv advertising, digital product app development, custom web solutions ux design, advertising services, digital marketing, services, video production, organic traffic, b2b, public relations, social media marketing, flexible marketing strategies, creative storytelling, video ads on hulu and youtube, full-service marketing agency, social media influencer outreach, brand visibility, email marketing, customer engagement, campaign management, advertising agencies, paid social campaigns, video content, digital advertising, ppc advertising, media production, content creation, multichannel marketing, creative content, data-driven creative, brand identity, ott advertising, website development, custom marketing solutions, roi-focused advertising, no long-term contracts, agile marketing, brand marketing, search engine optimization, integrated advertising solutions, marketing and advertising, b2c, marketing & advertising, saas, computer software, information technology & services, enterprise software, enterprises, consumer internet, consumers, internet, web development, seo, search marketing, marketing",http://www.linkedin.com/in/dustin-leiblein-85551250,http://www.squidxmedia.com,http://www.linkedin.com/company/squidxmedia,https://www.facebook.com/squidxmedia,,"Wilmington, NC, USA",Wilmington,North Carolina,United States,"St. Augustine, FL 32084, US",St. Augustine,Florida,United States,'+18134006855,,,,,,,,,,false,false,false,false,,"7311, 8743, 7812","541810, 541820, 512110",54a76e41746869705a4d7534,67b211c9fe62900001df2ee4,54a76e41746869705a4d7534,,,,,,,,,,,,,,Director of Technology Infrastructure,RAHUL@NESTAKTECHNOLOGY.COM,squidxmedia.com,rahul@nestacktechnology_sample,7,marketing & advertising
Douglas,Darroch,Managing Director,Renaissance Digital Marketing,Renaissance Digital Marketing,doug@renaissancedm.com,Verified,Apollo,Apollo,,Not Catch-all,2026-09-16T18:45:48+00:00,director,,,RAHUL@NESTAKTECHNOLOGY.COM,,,,'+13068022296,,false,Cold,rahul@nestacktechnology_sample,,RAHUL@NESTAKTECHNOLOGY.COM,4,marketing & advertising,"facebook ads, instagram ads, youtube ads, advertising services, marketing & advertising",http://www.linkedin.com/in/renaissance,http://www.renaissancemarketing.ca,http://www.linkedin.com/company/renaissance-digital-marketing,,,"Saint Augustine, FL, USA",Saint Augustine,Florida,United States,"Saskatoon, Saskatchean S7H0N8, CA",Saskatoon,Saskatchewan,Canada,'+13068022296,,,,,,,,,,false,false,false,false,,,,5faee79ed3548c0001308836,60afac7f324d4f0001a2664a,5faee79ed3548c0001308836,,,,,,,,,,,,,,Managing Director,RAHUL@NESTAKTECHNOLOGY.COM,renaissancedm.com,rahul@nestacktechnology_sample,4,marketing & advertising
David,Villavicencio,Account Director,Chemistry Cultura,Chemistry Cultura,dvillavicencio@pintausa.com,Verified,Apollo,Apollo,,Not Catch-all,2026-09-16T18:45:45+00:00,director,master_sales,account_management,RAHUL@NESTAKTECHNOLOGY.COM,,,,'+13056151111,,false,Cold,rahul@nestacktechnology_sample,,RAHUL@NESTAKTECHNOLOGY.COM,26,marketing & advertising,"advertising, media buying planning, digital, communications, strategic planning, research, experiential, grassroots, advertising services, b2b, services, marketing & advertising",http://www.linkedin.com/in/david-villavicencio-250a9a219,http://www.pintausa.com,http://www.linkedin.com/company/chemistrycultura,https://facebook.com/PintaUSA/,https://twitter.com/pintausa,"Miami, FL, USA",Miami,Florida,United States,"220 Alhambra Circle, Penthouse, Coral Gables, Florida 33134, US",Coral Gables,Florida,United States,'+13056151111,,2.5M,,,,,,,,false,false,false,false,,"7311, 8743","541810, 541820",6169374f8179450001266921,61db0bb0dd5e4b00019c9089,6169374f8179450001266921,,,,,,,,,,,,,,Account Director,RAHUL@NESTAKTECHNOLOGY.COM,pintausa.com,rahul@nestacktechnology_sample,26,marketing & advertising
Ed,Burleigh,Founder and Managing Director,Reverb Marketing,Reverb Marketing,ed@reverbmarketing.agency,Verified,Apollo,Apollo,,Not Catch-all,2026-09-16T18:46:00+00:00,founder,c_suite,founder,RAHUL@NESTAKTECHNOLOGY.COM,,,,,,false,Cold,rahul@nestacktechnology_sample,,RAHUL@NESTAKTECHNOLOGY.COM,8,marketing & advertising,"digital marketing, bramplification, social media, marketing strategy, communications, content marketing, copywriting, personal branding, email marketing, seo, sem, data analysis, storytelling, events, stakeholder engagement, pr, advertising, linkedin, facebook, b2b, marketing automation, b2c, localisation, apac, advertising services, content creation, performance marketing, multinational marketing, internal communications, martech implementation, advertising agencies, brand positioning, competitive analysis, technology reselling, investor relations, media training, customer segmentation, community engagement programs, public relations & communications, website management, public relations, investor relations management, content storytelling, internal communication strategies, crisis management, performance tracking, crisis communications, martech solutions, demand generation campaigns, services, media buying, gtm strategy, digital marketing & advertising, campaign management, sales enablement, product marketing, advertising & marketing services, search marketing, apac localisation, demand generation, data analytics, market research, community engagement, crisis communication strategies, event planning, affiliate marketing, internal comms, display advertising, social media advertising, event management, consulting, marketing & advertising, consumer internet, consumers, internet, information technology & services, writing & editing, marketing, saas, computer software, enterprise software, enterprises, events services",http://www.linkedin.com/in/edburleigh,http://www.reverbmarketing.agency,http://www.linkedin.com/company/reverbmarketing,https://www.facebook.com/wix,,Singapore,Singapore,,Singapore,"singapore, singapore",Singapore,,Singapore,,,,,,,,,,,false,false,false,false,,7311,541810,60fa443b3ced7e00019dd209,6049542d724b810001158b80,60fa443b3ced7e00019dd209,,,,,,,,,,,,,,Founder and Managing Director,RAHUL@NESTAKTECHNOLOGY.COM,reverbmarketing.agency,rahul@nestacktechnology_sample,8,marketing & advertising
Elley,Castle,B2B Accounts Director,"Four String Media, LLC","Four String Media, LLC",elley@fourstringmedia.com,Verified,Apollo,Apollo,,Not Catch-all,2026-09-16T18:45:50+00:00,director,,,RAHUL@NESTAKTECHNOLOGY.COM,,,,'+12034516026,,false,Cold,rahul@nestacktechnology_sample,,RAHUL@NESTAKTECHNOLOGY.COM,11,publishing,"subscription direct marketing, email marketing, subscription fulfillment, paywalls, digital content delivery, promotion analysis, business planning budgeting, postal circulation audits, subscription agents, copy design for subscription sales, automatic credit card renewals, print order management, print bidding procurement, book & periodical publishing, aam bpa cvc audits, publishing, magazine revenue forecasting, cost reduction, email marketing campaigns, fulfillment house review, magazine profitability analysis, outsource management, outsource circulation management, media, publication revenue modeling, industry expertise, subscription auto-renewal strategies, services, audience modeling, advertising, circulation audit, magazine distribution, metered paywall management, prospect targeting, magazine launch models, cost-effective subscriber acquisition, email series development, postal audit management, newsstand distribution, cooperative database utilization, cost savings in mailing, magazine revenue growth, audience analytics, mailing optimization, rfp process, project management, b2b, subscription renewal optimization, web search portals, libraries, archives, and other information services, audience development, mailing list segmentation, magsource360 resource directory, circulation consulting, audience growth, fulfillment management, paywall development, subscription management, magazine marketing, print order projections, newsstand sales optimization, subscription marketing, marketing services, direct mail marketing, auto-renewal process, direct mail creative, subscription renewal campaigns, publication strategy, circulation management, 5-year circulation planning, magazine circulation, subscription renewal strategies, audience consulting, consulting, publisher services, distribution, marketing & advertising, productivity",http://www.linkedin.com/in/elley-c-115a3566,http://www.fourstringmedia.com,http://www.linkedin.com/company/four-string-media-llc,,,"Liverpool, NY, USA",Liverpool,New York,United States,"7 Otter Trail, Westport, Connecticut 06880, US",Westport,Connecticut,United States,'+12034516026,,,,,,,,,,false,false,false,false,,"2731, 7311, 8742","519, 541810, 541613",6861e3004cab2a00013a21fe,60b26e0be7eac60001830de8,6861e3004cab2a00013a21fe,,,,,,,,,,,,,,B2B Accounts Director,RAHUL@NESTAKTECHNOLOGY.COM,fourstringmedia.com,rahul@nestacktechnology_sample,11,publishing
Ernest,Krause,Account Director,Media Monkey,Media Monkey,ernest@mediamonkey.co,Verified,Apollo,Apollo,,Not Catch-all,2026-09-16T18:45:40+00:00,director,master_sales,account_management,RAHUL@NESTAKTECHNOLOGY.COM,,,,'+16307734402,,false,Cold,rahul@nestacktechnology_sample,,RAHUL@NESTAKTECHNOLOGY.COM,18,marketing & advertising,"social media, direct mail, marketing, consulting, creative design, advertising, branding, custom printing, website development, seo, digital marketing, traditional marketing, advertising services, event planning, brand awareness, retail, custom print, custom signage, printing and publishing, hybrid mailing campaigns, software development, social media marketing, small business growth, advertising agencies, inventory management, campaign management, order fulfillment, business consulting, customer retention, content creation, brand strategy, out-of-home advertising, online store development, email marketing, logistics, logistics and supply chain, print materials, content marketing, video marketing, b2b, website design, customer engagement, e-commerce, ecommerce, marketing automation, targeted mailing, targeted advertising, media buying, conversion optimization, digital signage, d2c, market research, marketing agency, lead generation, graphic design, app and software development, customer acquisition, fulfillment services, local business marketing, services, community outreach, search engine optimization, digital advertising, market segmentation, app development, performance marketing, public relations, customer loyalty programs, ppc, marketing and advertising, distribution, consumer products & retail, transportation & logistics, consumer internet, consumers, internet, information technology & services, marketing & advertising, web development, search marketing, events services, management consulting, logistics & supply chain, web design, saas, computer software, enterprise software, enterprises, sales, apps",http://www.linkedin.com/in/ernest-krause-26503959,http://www.mediamonkeymarketing.com,http://www.linkedin.com/company/media-monkey-marketing,https://www.facebook.com/mediamonkeymarketing/,https://twitter.com/MediaMonkeyLLC,"Itasca, IL, USA",Itasca,Illinois,United States,"1360 Hamilton Pkwy, Itasca, Illinois 60143, US",Itasca,Illinois,United States,'+16307734402,,3.7M,,,,,,,,false,false,false,false,,"7311, 2752","541810, 323111",54a2623f7468693825e1f31e,57c4c675a6da983682816ac3,54a2623f7468693825e1f31e,,,,,,,,,,,,,,Account Director,RAHUL@NESTAKTECHNOLOGY.COM,mediamonkey.co,rahul@nestacktechnology_sample,18,marketing & advertising
Fred,Madgen,Director,Hype Promotions,Hype Promotions,fred@hypepromotions.com.au,Verified,Apollo,Apollo,,Not Catch-all,2026-09-16T18:45:53+00:00,director,,,RAHUL@NESTAKTECHNOLOGY.COM,,,,,,false,Cold,rahul@nestacktechnology_sample,,RAHUL@NESTAKTECHNOLOGY.COM,2,marketing & advertising,"promotional products merchandising, corporate sporting uniforms, corporate gifts, advertising services, printing & packaging, product sourcing, industry expertise, branding techniques, other services related to advertising, product manufacturing, fast delivery, custom logo design, product design, custom promotional items, e-commerce, services, branding solutions, product variety, branded conference materials, government, quality control, product customization, sports team branding, client support, business services, giveaway items, logo imprinting, nationwide delivery, premium corporate gifts, advertising & marketing, b2b, reliable delivery, event merchandise, custom embroidery, promotional stationery, eco products, promotional gift ideas, event management, product quality assurance, logo printing, corporate apparel customization, specialty promotional products, branded headwear, brand visibility, eco-friendly promotional items, business branding, client satisfaction, promotional products, client relationships, branded apparel, branded merchandise, corporate branding, textile & apparel manufacturing, education, non-profit, distribution, marketing & advertising, consumer internet, consumers, internet, information technology & services, events services, nonprofit organization management",http://www.linkedin.com/in/fred-madgen-668b09a0,http://www.hypepromotions.com.au,http://www.linkedin.com/company/hypepromotions,,,"Brisbane QLD, Australia",Brisbane,Queensland,Australia,"sunnybank hills, manly, queensland, australia",Brisbane,Queensland,Australia,,,,,,,,,,,false,false,false,false,,7389,54189,54ab47f47468690d2a6af000,54a19f9b74686945fac8c602,54ab47f47468690d2a6af000,,,,,,,,,,,,,,Director,RAHUL@NESTAKTECHNOLOGY.COM,hypepromotions.com.au,rahul@nestacktechnology_sample,2,marketing & advertising
Gabriel,Flores,Founder & Creative Director,Heron Studio,Heron Studio,gabo@heron-studio.com,Verified,Apollo,Apollo,,Not Catch-all,2026-09-16T18:45:50+00:00,founder,"c_suite, design","founder, all_design",RAHUL@NESTAKTECHNOLOGY.COM,,,,,,false,Cold,rahul@nestacktechnology_sample,,RAHUL@NESTAKTECHNOLOGY.COM,2,marketing & advertising,"seo, social media marketing management, email marketing marketing automation, lead generation demgeneration, content marketing content strategy copywriting, digital strategy media planning, brdevelopment brstrategy, website design development, paid media advertising, market research audience insights datadriven strategy analytics reporting, influencer marketing creator partnerships socialaffiliate strategy, content creation creative services, video multimedia production, email sms direct marketing retargeting campaigns, social media advertising paid social targeted social campaigns, omnichannel campaign management, creative direction bridentity visual branding design strategy, conversion rate optimization  performance optimization, strategic partnerships communications pr media relations integrated communications strategy, sem ppc, advertising services, information technology & services, search marketing, marketing, marketing & advertising",http://www.linkedin.com/in/gabriel-flores-a23177a,http://www.heron-studio.com,http://www.linkedin.com/company/heron-marketing-studio,,,"Houston, TX, USA",Houston,Texas,United States,"Houston, Texas, US",Houston,Texas,United States,,,,,,,,,,,false,false,false,false,,,,60cf5957c9acd4000162e4ec,6a666a22d74f410001145663,60cf5957c9acd4000162e4ec,,,,,,,,,,,,,,Founder & Creative Director,RAHUL@NESTAKTECHNOLOGY.COM,heron-studio.com,rahul@nestacktechnology_sample,2,marketing & advertising
George,Huene,Fractional CTO / CIO,able.digital,able.digital,george.huene@able.digital,Verified,Apollo,Apollo,,Not Catch-all,2026-09-16T18:45:37+00:00,c_suite,"c_suite, master_engineering_technical, master_information_technology","information_technology_executive, engineering_technical, technology_operations, information_technology",RAHUL@NESTAKTECHNOLOGY.COM,,,,'+13126258490,,false,Cold,rahul@nestacktechnology_sample,,RAHUL@NESTAKTECHNOLOGY.COM,20,information technology & services,"salesforce consulting, crm modernization, salesforce implementation, data reporting, ai growth systems, ai agents, workflow automation, revenue operations, marketing automation, sales operations, customer experience, website conversion optimization, websitetopipeline systems, fractional ctocio advisory, technology roadmapping, crm data health checks, nearshore implementation teams, digital transformation, systems integration, customer service automation, advertising services, it services & it consulting, data governance, graphic design, advanced technology leadership, performance analytics tools, performance enhancement, information technology and services, customer engagement, digital transformation consulting, ai-powered marketing, automation tools, operational efficiency, enterprise ai solutions, ai-driven customer insights, performance strategies, mid-market digital solutions, ai-powered solutions, mid-sized companies, enterprise cloud solutions, strategic consulting, data-driven decision making, performance improvement consulting, crm integration, crm implementation, digital experience platforms, business growth, customer service optimization, ai-powered insights, b2b, salesforce ecosystem, cloud-based crm, it support, advanced tech leadership, ai in customer service, data-driven marketing, managed services, customer engagement platforms, cloud security solutions, digital transformation tools, lead generation, social media management, digital marketing, mobile app solutions, customer retention, cloud infrastructure, consulting, performance marketing, tailored solutions, customer journey mapping, mobile app for business, cloud solutions, custom crm solutions, security and compliance, technology partnerships, salesforce solutions, content marketing, branding, digital strategy development, software development, business process automation, data management, crm customization, management consulting, tailored digital marketing, customer data management, mobile app development, customer relationship management, technology consulting, performance optimization, lead generation strategies, security solutions, cloud computing, customer engagement automation, performance metrics optimization, computer systems design and related services, web development, services, inbound marketing, crm data integration, tailored digital solutions, business scalability, ai integration, top technology providers, top tech partnerships, performance analytics, data security, performance enhancement strategies, digital experience management, data analytics, enterprise software, custom software development, digital marketing tools, tailored enterprise software, digital experience, video production, cloud infrastructure management, performance metrics, digital experience agency, salesforce services, ai solutions, e-commerce solutions, branding strategy, seo optimization, user experience design, analytics services, operations governance, business strategy, data-driven solutions, product personalization, marketing strategy, ad management, sales strategies, e-commerce platforms, web analytics, training services, privacy compliance, staff augmentation, financial services cloud, community cloud, marketing cloud, integration development, consulting services, digital asset management, marketing & advertising, saas, computer software, information technology & services, enterprises, sales, internet infrastructure, internet, crm, computer & network security, consumer internet, consumers",http://www.linkedin.com/in/georgehuene,http://www.able.digital,http://www.linkedin.com/company/able-digital-us,,,"Chicago, IL, USA",Chicago,Illinois,United States,"300 Delaware Ave, Ste 210-251, Wilmington, Delaware 19801, US",Wilmington,Delaware,United States,'+13126258490,,,,,,,,,,false,false,false,false,,"7375, 7371, 8742","541512, 541611",610a1bec682b3100014c6867,64ba49721f9a1000a392b275,610a1bec682b3100014c6867,,,,,,,,,,,,,,Fractional CTO / CIO,RAHUL@NESTAKTECHNOLOGY.COM,able.digital,rahul@nestacktechnology_sample,20,information technology & services
Gauge,Hill,Co-Founder | CTO,Bitemark Media,Bitemark Media,ghill@bitemarkmedia.com,Verified,Apollo,Apollo,,Not Catch-all,2026-09-16T18:45:37+00:00,founder,"c_suite, master_engineering_technical","founder, information_technology_executive, engineering_technical, technology_operations",RAHUL@NESTAKTECHNOLOGY.COM,,,,,,false,Cold,rahul@nestacktechnology_sample,,RAHUL@NESTAKTECHNOLOGY.COM,1,marketing & advertising,"social media, branding, seo, b2b, community marketing, digital creation, influencer collaborations, dental product affiliations, marketing services, local seo, lead generation, seo growth, content creation, marketing and advertising, brand campaigns, healthcare, online presence, influencer marketing, google map pack, dental marketing, community engagement, local seo for dental practices, eblast campaigns, digital marketing, social media marketing, services, brand awareness, community marketing for dentists, logo tips, dental niche marketing, email marketing, keyword optimization, roi enhancement, advertising agencies, analytics, reels and photos, patient engagement strategies, consulting, organic brand growth, content marketing, seo services, social media management, consumer internet, consumers, internet, information technology & services, search marketing, marketing, marketing & advertising, sales, health care, health, wellness & fitness, hospital & health care",http://www.linkedin.com/in/gauge-hill,http://www.bitemarkmedia.com,http://www.linkedin.com/company/bitemark-media,,,"Redlands, CA, USA",Redlands,California,United States,,,,,,,,,,,,,,,false,false,false,false,,7311,54181,66e0118e3eef1f0001a35933,678ceeead9fff60001255e56,66e0118e3eef1f0001a35933,,,,,,,,,,,,,,Co-Founder | CTO,RAHUL@NESTAKTECHNOLOGY.COM,bitemarkmedia.com,rahul@nestacktechnology_sample,1,marketing & advertising
Holly,Arend,Director of Sports,HAZZE MEDIA,HAZZE MEDIA,holly@hazzemedia.com,Verified,Apollo,Apollo,,Not Catch-all,2026-09-16T18:45:53+00:00,director,master_operations,,RAHUL@NESTAKTECHNOLOGY.COM,,,,,,false,Cold,rahul@nestacktechnology_sample,,RAHUL@NESTAKTECHNOLOGY.COM,30,telecommunications,"editorial magazine, podcast network, marketing, content production, creative storytelling, media & telecommunications, organic marketing, media production, influencer collaborations, web editorial content, multimedia content, web search portals, libraries, archives, and other information services, social media marketing & management, content creation, sports, sports media, creative agency, services, publicity & pr, digital expression platform, digital marketing, youth-focused marketing, brand marketing, diverse voices, content marketing, b2c, video content, campaign management, creative agency services, business, nil marketing, content creation & production, entertainment, photography, influencer marketing, webitorials, digital media, digital magazine, media and publishing, talent representation, press services, entertainment content, marketing and advertising, content creation and management, fashion, b2b, fashion media, marketing & advertising, enterprise software, enterprises, computer software, information technology & services",http://www.linkedin.com/in/hollyarend,http://www.hazzemedia.com,http://www.linkedin.com/company/hazze-media,,,"Portland, ME, USA",Portland,Maine,United States,"mesquite, texas, united states",Mesquite,Texas,United States,,,,,,,,,,,false,false,false,false,,2711,"519, 516210, 513120, 541810",63f390a832aa170001a60846,61ec4aee758edd00015cfddc,63f390a832aa170001a60846,,,,,,,,,,,,,,Director of Sports,RAHUL@NESTAKTECHNOLOGY.COM,hazzemedia.com,rahul@nestacktechnology_sample,30,telecommunications
Ivor,Wan,CTO & Co Founder,Everlong Media,Everlong Media,iwan@everlongmedia.com,Verified,Apollo,Apollo,,Not Catch-all,2026-09-16T18:45:37+00:00,founder,"c_suite, master_engineering_technical","founder, information_technology_executive, engineering_technical, technology_operations",RAHUL@NESTAKTECHNOLOGY.COM,,,,,,false,Cold,rahul@nestacktechnology_sample,,RAHUL@NESTAKTECHNOLOGY.COM,4,marketing & advertising,"advertising services, data-driven marketing, advertising agencies, campaign optimization, media buying, vertical marketing, mobile codes, mobile coupons, content marketing, recruiting websites, content creation, digital marketing, lead generation, financial services websites, marketing and advertising, customer acquisition, performance marketing solutions, omni-channel media buying, customer education, traffic ranking, cpa campaigns, content strategy, website ranking, email marketing, performance marketing, customer engagement, targeted campaigns, cost-effective advertising, customer retention, b2b, finance, marketing & advertising, sales, financial services",http://www.linkedin.com/in/ivorwan,http://www.everlongmedia.com,http://www.linkedin.com/company/everlongmedia,,,"Los Angeles, CA, USA",Los Angeles,California,United States,"4025 Spencer Street, Suite #103, Torrance, California 90503, US",Torrance,California,United States,,,,,,,,,,,false,false,false,false,,7311,54181,66fd61e9dd3bf2000188e389,64135909f0166c00dae54833,66fd61e9dd3bf2000188e389,,,,,,,,,,,,,,CTO & Co Founder,RAHUL@NESTAKTECHNOLOGY.COM,everlongmedia.com,rahul@nestacktechnology_sample,4,marketing & advertising
Jack,Stiller,Managing Director - APAC,Wordsearch,Wordsearch,jack.stiller@wordsearch.co.uk,Verified,Apollo,Apollo,,Not Catch-all,2026-09-16T18:45:48+00:00,director,,,RAHUL@NESTAKTECHNOLOGY.COM,,,,'+449178337570,,false,Cold,rahul@nestacktechnology_sample,,RAHUL@NESTAKTECHNOLOGY.COM,60,marketing & advertising,"marketing, strategy, design, property marketing, architecture, branding, real estate marketing, cgi, film production, website design, advertising services, property branding, visual storytelling, customer engagement, renderings, demand generation, urban development branding, luxury property branding, real estate, digital marketing, b2b, art district branding, digital media, graphic design, construction & real estate, architectural services, property campaigns, architecture branding, luxury residential branding, digital assets, art deco-inspired design, visual identity, creative campaigns, live-work-play districts, video production, photography, heritage branding, property development, services, video marketing, brand strategy, consulting, motion pictures & film, entertainment, web design, marketing & advertising",http://www.linkedin.com/in/jack-stiller-b8015b104,http://www.wordsearch.co.uk,http://www.linkedin.com/company/wordsearch_2,,https://twitter.com/wordsearchldn,Singapore,Singapore,,Singapore,"Magdalen House, 148 Tooley Street, London, UK SE1 2TU, GB",London,England,United Kingdom,'+449178337570,,,,,,,,,,false,false,false,false,,7389,"54131, 541810, 541430",5dea65a61f12d900d4c17de3,675c1f100801290001be7e9a,5dea65a61f12d900d4c17de3,,,,,,,,,,,,,,Managing Director - APAC,RAHUL@NESTAKTECHNOLOGY.COM,wordsearch.co.uk,rahul@nestacktechnology_sample,60,marketing & advertising
Jamie,Christoforou,Director,Zero to Exit® Ltd,Zero to Exit® Ltd,jamie@zerotoexit.co.uk,Verified,Apollo,Apollo,,Not Catch-all,2026-09-16T18:45:58+00:00,director,,,RAHUL@NESTAKTECHNOLOGY.COM,,,,'+442034517166,,false,Cold,rahul@nestacktechnology_sample,,RAHUL@NESTAKTECHNOLOGY.COM,1,marketing & advertising,"google ads account management, business growth, social media management, keynote talks, digital marketing, marketing services, business owner support, educational services, business strategy, business process improvement, professional, scientific, and technical services, management consulting, business strategy formulation, services, growth hacking, business exit, entrepreneurship support, wealth creation, zoom meetings, business webinars, multi-million exit, online training courses, online courses, market research, real-life business experience, customer acquisition, risk management, executive coaching, professional services, group workshops, b2b, other scientific and technical consulting services, operational efficiency, business success, business scaling, business development, consulting, financial planning, business mentoring, business coaching, education, marketing & advertising, professional training & coaching",http://www.linkedin.com/in/jamie-christoforou-fcim,http://www.zerotoexit.co.uk,http://www.linkedin.com/company/zero-to-exit-ltd,https://www.facebook.com/ZerotoExit,,"Exeter, CA 93221, USA",Exeter,California,United States,"Broadwalk House. Southernhay West, Exeter, Devon EX1 1TS, GB",,England,United Kingdom,'+442034517166,,,,,,,,,,false,false,false,false,,8742,54169,688891b42c41f10001518696,615e672809b79f000134b01c,688891b42c41f10001518696,,,,,,,,,,,,,,Director,RAHUL@NESTAKTECHNOLOGY.COM,zerotoexit.co.uk,rahul@nestacktechnology_sample,1,marketing & advertising
Jane,Englehart,Executive Director,Ford Dealer Advertising,Ford Dealer Advertising,jane@thinkfordfirst.com,Verified,Apollo,Apollo,,Not Catch-all,2026-09-16T18:45:40+00:00,director,,,RAHUL@NESTAKTECHNOLOGY.COM,,,,'+12489324030,,false,Cold,rahul@nestacktechnology_sample,,RAHUL@NESTAKTECHNOLOGY.COM,17,marketing & advertising,"advertising services, local dealership marketing, michigan automotive advertising, client portfolio, full-service agency, customer engagement, website development, ford dealer advertising, advertising and marketing, ford dealerships marketing, public relations, services, advertising agency, experience in automotive sector, promotional campaign execution, client relations, branding strategies, strategic communication, lead generation, brand awareness, michigan advertising, content creation, brand development, local advertising, dealership branding support, automotive marketing, email marketing, strategic counsel, branding, campaign management, media buying, automotive promotional campaigns, campaign planning, professional services, advertising solutions, promotional strategies, advertising campaign management, automotive, automotive brand management, promotional activities, creative solutions, analytics, automotive sector marketing, event marketing, client management, marketing, michigan ford dealers, responsive services, brand promotion, market research, b2b, marketing and branding, advertising agencies, advertising, social media marketing, promotions, brand strategy for dealerships, regional advertising services, full-service advertising agency, marketing consultancy, digital marketing, digital advertising, marketing & advertising, web development, information technology & services, sales, professional training & coaching, events, events services, consumer internet, consumers, internet, marketing consulting, consulting, management consulting",http://www.linkedin.com/in/jane-englehart-9248b430,http://www.forddealeradvertising.net,http://www.linkedin.com/company/ford-dealer-advertising,,,"Detroit, MI, USA",Detroit,Michigan,United States,"29100 Northwestern Hwy, Southfield, Michigan, US",Southfield,Michigan,United States,'+12489324030,,,,,,,,,,false,false,false,false,,7311,54181,58a058a0f65125b0144bc910,5e56ecb65ec9c30001a783a6,58a058a0f65125b0144bc910,,,,,,,,,,,,,,Executive Director,RAHUL@NESTAKTECHNOLOGY.COM,thinkfordfirst.com,rahul@nestacktechnology_sample,17,marketing & advertising
Jeff,Polley,Director,Rebel Media,Rebel Media,jeff.polley@au.harveynorman.com,Verified,Apollo,Apollo,,Not Catch-all,2026-09-16T18:45:58+00:00,director,,,RAHUL@NESTAKTECHNOLOGY.COM,,,,'+48533338086,,false,Cold,rahul@nestacktechnology_sample,,RAHUL@NESTAKTECHNOLOGY.COM,34,marketing & advertising,"advertising services, digital vod campaigns, b2b, influencer marketing, market research, advertising agencies, content marketing, tv program integration, digital marketing, media planning and buying, content creation for tv, product placement in serials, analytics, media agency, product placement, ambient media activities, tv sponsorship, media campaigns, press campaigns, media buying, local ooh campaigns, media and advertising, media strategy, off-screen activities, media planning, services, performance marketing, event marketing, digital advertising, media placement, tv advertising, campaign planning, branded content, cinema advertising, content creation, brand awareness, media integration, marketing & advertising, information technology & services, events, events services",http://www.linkedin.com/in/jeff-polley-printshop,http://www.rebelmedia.pl,http://www.linkedin.com/company/rebelmediapl,,,"Sydney NSW, Australia",Sydney,New South Wales,Australia,"Igańska, 5, Warszawa, Mazowieckie 04-087, PL",Warszawa,woj. mazowieckie,Poland,'+48533338086,,,,,,,,,,false,false,false,false,,7389,"541810, 512110",54a70b8a7468696220f62a10,624d28a30f39fb00011649e8,54a70b8a7468696220f62a10,,,,,,,,,,,,,,Director,RAHUL@NESTAKTECHNOLOGY.COM,au.harveynorman.com,rahul@nestacktechnology_sample,34,marketing & advertising
Jeff,Raymond,"VP, Solution Architecture Engineer, Digital Infrastructure at Prudential Financial | Chief Technology Officer (CTO)",Stampede Social,Stampede Social,jeff.raymond@stampede.social,Verified,Apollo,Apollo,,Not Catch-all,2026-09-16T18:45:40+00:00,c_suite,"c_suite, master_engineering_technical, master_finance, master_information_technology","information_technology_executive, engineering_technical, technology_operations, finance, enterprise_architecture, infrastructure",RAHUL@NESTAKTECHNOLOGY.COM,,,,'+12482408222,,false,Cold,rahul@nestacktechnology_sample,,RAHUL@NESTAKTECHNOLOGY.COM,5,marketing & advertising,"marketing services, ai comment responses, marketing automation, multi-account management, fan-generated content, campaign performance, lead generation, social media management, social media engagement, instagram dm automation, management consulting services, live database, post management hub, conversion optimization, influencer marketing, b2c, comment response automation, real-time analytics, qr code tool, ai-powered insights, retail, social media, giveaway management, social media marketing, fan content tracking, e-commerce, services, data analytics, dm automation, content engagement, automated giveaway, digital marketing, d2c, campaign tracking, saas, consumer products & retail, b2b, marketing & advertising, computer software, information technology & services, enterprise software, enterprises, sales, consumer internet, consumers, internet",http://www.linkedin.com/in/heyjeffraymond,http://www.stampede.social,http://www.linkedin.com/company/hashtag-stampede,,,"Tampa Bay, Florida, USA",,Florida,United States,"detroit, michigan, united states",Detroit,Michigan,United States,'+12482408222,,,,,,,,,,false,false,false,false,,"7375, 7372, 7311","54161, 518210, 541810",6114b51e0b12540001eb76c9,5f5a0f18e3cd82008c80be83,6114b51e0b12540001eb76c9,,,,,,,,,,,,,,"VP, Solution Architecture Engineer, Digital Infrastructure at Prudential Financial | Chief Technology Officer (CTO)",RAHUL@NESTAKTECHNOLOGY.COM,stampede.social,rahul@nestacktechnology_sample,5,marketing & advertising
Jeff,Grady,Cio/cto,LEAD ME Media,LEAD ME Media,jeff@leadmemedia.com,Verified,Apollo,Apollo,,Not Catch-all,2026-09-16T18:45:37+00:00,c_suite,"c_suite, master_engineering_technical, master_information_technology","information_technology_executive, engineering_technical, technology_operations, information_technology",RAHUL@NESTAKTECHNOLOGY.COM,,,,'+15615040704,,false,Cold,rahul@nestacktechnology_sample,,RAHUL@NESTAKTECHNOLOGY.COM,32,marketing & advertising,"email marketing, retargeting, digital display, data enrichment, graphic design, postal data, advertising services, compliance with can-spam and casl, list segmentation, interest-based list, campaign performance tracking, lead generation, feedback loop certification, data hygiene, deliverability, multi-channel marketing, email deliverability, email list building, campaign optimization, geographical targeting, micro-targeting factors, marketing and advertising, consumer data, marketing automation, opt-in profile enrichment, multi-platform retargeting, real-time reporting, trigger data, business data, data analytics, targeted audience, opt-in records, digital marketing, campaign analytics, geographical accuracy, daily triggers, digital advertising, services, brand awareness, audience targeting, behavioral analytics, micro-surveys, permission-based email marketing, advertising agencies, b2c, ip verification, pre-targeting, behavioral targeting, campaign personalization, roi maximization, geolocation targeting, interest-based micro-surveys, education, consumer products & retail, b2b, marketing & advertising, sales, saas, computer software, information technology & services, enterprise software, enterprises",http://www.linkedin.com/in/jeffgrady,http://www.leadmemedia.com,http://www.linkedin.com/company/lead-me-media,https://facebook.com/pages/Lead-Me-Media/1502329096687167,https://twitter.com/LeadMeMedia,"Boca Raton, FL, USA",Boca Raton,Florida,United States,"150 E. Palmetto Park Rd., Suite 200, Boca Raton, FL 33432, US",Boca Raton,Florida,United States,'+15615040704,,4.5M,,,,,,,,false,false,false,false,,"7319, 7311",541810,54a7aa5e746869705ab1eb4a,6765a3fc5c0ff70001e581e0,54a7aa5e746869705ab1eb4a,,,,,,,,,,,,,,Cio/cto,RAHUL@NESTAKTECHNOLOGY.COM,leadmemedia.com,rahul@nestacktechnology_sample,32,marketing & advertising
Jessica,Ayala,Director of Operations,Buddy + Co.,Buddy + Co.,jessica@buddyandco.com,Verified,Apollo,Apollo,,Not Catch-all,2026-09-16T18:45:40+00:00,director,master_operations,operations,RAHUL@NESTAKTECHNOLOGY.COM,,,,'+12016936567,,false,Cold,rahul@nestacktechnology_sample,,RAHUL@NESTAKTECHNOLOGY.COM,5,marketing & advertising,"product development, merchandising, strategy, budgeting forecasts, shopify, paid media, ecommerce, marketing, direct mail, advertising services, marketing services, digital marketing, services, market positioning, on-demand ecommerce experts, creative agency, social media management, home goods, growth hacking, b2b, founder support, social media marketing, tailor-made support, expert network, content strategy, brand building, growth planning, brand positioning, performance marketing, customer experience, growth roadmap, dtc brands support, consulting services, brand scaling, retail, ecommerce growth, customer acquisition, ecommerce strategy, customer engagement, email marketing, full-service agency, brand identity development, conversion optimization, brand incubator, community of founders, fashion, founder-led brands, product roadmap, d2c, user experience, content creation, go-to-market strategy, content marketing, influencer marketing, brand strategy, operational efficiency, digital transformation, shopify optimization, marketing consulting, business support services, management consulting services, e-commerce, consulting, brand identity, business consulting, ecommerce performance, market research, marketing and advertising, consumer products & retail, consumer internet, consumers, internet, information technology & services, marketing & advertising, management consulting, ux",http://www.linkedin.com/in/jessica-ayala-03b57b190,http://www.buddyandco.com,http://www.linkedin.com/company/buddy-co,,,United States,,,United States,"dallas, texas, united states",Dallas,Texas,United States,'+12016936567,,,,,,,,,,false,false,false,false,,"8742, 7311","541611, 541810",645b94854ed58e00012eaf96,61ad3398988fcb00014e215b,645b94854ed58e00012eaf96,,,,,,,,,,,,,,Director of Operations,RAHUL@NESTAKTECHNOLOGY.COM,buddyandco.com,rahul@nestacktechnology_sample,5,marketing & advertising
Jessie,Freeland,Social Media Director,Minor Details Marketing,Minor Details Marketing,jessie@honeycreativegroup.com,Verified,Apollo,Apollo,,Not Catch-all,2026-09-16T18:45:42+00:00,director,master_marketing,"advertising, social_media_marketing",RAHUL@NESTAKTECHNOLOGY.COM,,,,'+15044539982,,false,Cold,rahul@nestacktechnology_sample,,RAHUL@NESTAKTECHNOLOGY.COM,3,marketing & advertising,"social media marketing, branding, website creation, marketing services, social media management, visual storytelling, social media strategy, online presence, social media content, print design, marketing resources, target audience, email marketing, digital marketing, brand strategy, website design, marketing and advertising, consulting, visual branding, video marketing, client-focused marketing, content creation, content creation for brands, digital presence, business growth, marketing campaign execution, market research, market engagement, branding and identity, content marketing, marketing campaigns, advertising agency, web development, small business marketing, print marketing, visual content, small business branding, brand differentiation, brand positioning, b2c, video production, customer retention, media and content creation, video and photo content, visual identity development, services, email campaigns, seo, campaign management, web design, full-service marketing agency, creative solutions, digital advertising, conversion optimization, brand identity, customer engagement, advertising agencies, social media, client engagement, graphic design, photography, client collaboration, consumer internet, consumers, internet, information technology & services, marketing & advertising, branding & identity, search marketing, marketing",http://www.linkedin.com/in/jessie-freeland,http://www.honeycreativegroup.com,http://www.linkedin.com/company/honeymarketingco,https://www.facebook.com/MinorDetailsMarketing,,"Slidell, LA, USA",Slidell,Louisiana,United States,"11671 skyhawk court, fishers, in, united states",Fishers,Indiana,United States,'+15044539982,,,,,,,,,,false,false,false,false,,7311,54181,63592a2762b34b0001d92daa,6545c9e2b1d0510001a8b48c,63592a2762b34b0001d92daa,,,,,,,,,,,,,,Social Media Director,RAHUL@NESTAKTECHNOLOGY.COM,honeycreativegroup.com,rahul@nestacktechnology_sample,3,marketing & advertising
Jimit,Mehta,CEO/CTO/Co-Founder,Abmatic AI,Abmatic AI,jimit@abmatic.ai,Verified,Apollo,Apollo,,Not Catch-all,2026-09-16T18:45:37+00:00,founder,"c_suite, master_engineering_technical","executive, founder, information_technology_executive, engineering_technical, technology_operations",RAHUL@NESTAKTECHNOLOGY.COM,,,,'+13179932160,,false,Cold,rahul@nestacktechnology_sample,,RAHUL@NESTAKTECHNOLOGY.COM,4,information technology & services,"martech, accountbased marketing, abm, ai agent, technology, information & internet, inbound marketing, retargeting, marketing and advertising, ai automation, hyper-personalized landing pages, website visitor reveal, customer engagement, intent signal scanning, behavioral analytics, ai campaign orchestration, linkedin ads, demand generation, integrated marketing ecosystem, hyper-targeted campaigns, display ads optimization, web personalization, crm integration, campaign orchestration, real-time engagement, ai-powered retargeting, conversion rate optimization, account-based marketing, marketing analytics, visitor identification, soc 2, ai-driven campaign optimization, intent data, automated marketing workflows, personalization at scale, information technology and services, marketing roi, b2b saas, data analytics, ai personalization, ad bidding optimization, audience segmentation, hyper-personalization, computer systems design and related services, roi measurement, b2b, multi-channel marketing, email sequencing, attribution analytics, ai-powered customer insights, campaign performance tracking, conversion optimization, b2b marketing, campaign optimization, lead generation, customer targeting, multi-channel ad management, automated audience discovery, security and compliance, data-driven marketing, ai agents, marketing automation, a/b testing, campaign analytics, ai for b2b marketing, custom dashboards, demand gen tools, personalized marketing, ai-powered marketing agents, intent signal analysis, software as a service, software development, multi-channel campaigns, ai-driven abm, ai bid optimization, ai marketing platform, demand generation automation, campaign automation, campaign management, automated content personalization, services, ai-driven attribution, abm solutions, ai-driven marketing, personalization engine, automated campaign management, multi-channel advertising, linkedin ads management, intent data analysis, customer engagement strategies, data integration, analytics and attribution, ai dynamic bidding, a/b testing tools, sales sequencing, retargeting campaigns, real-time engagement tracking, custom reporting, performance optimization, outbound marketing, predictive analysis, target account identification, multi-touch attribution, digital marketing, marketing insights, lead nurturing, user experience enhancement, banners and pop-ups, growth marketing strategies, marketing dashboard, ai agent automation, data-driven decisions, revenue operations, pipeline scaling, customer retention strategies, information technology & services, marketing & advertising, marketing, sales, saas, computer software, enterprise software, enterprises",http://www.linkedin.com/in/jimmehta,http://www.abmatic.ai,http://www.linkedin.com/company/abmatic-ai,,https://twitter.com/abmaticai,"San Francisco, CA, USA",San Francisco,California,United States,"san francisco, california, united states, 94105",San Francisco,California,United States,'+13179932160,,,,,,,,,,false,false,false,false,,7375,"54151, 513210, 541810",62459b3e3308e4000199e3d0,64b0fa11078cb500db5536d4,62459b3e3308e4000199e3d0,,,,,,,,,,,,,,CEO/CTO/Co-Founder,RAHUL@NESTAKTECHNOLOGY.COM,abmatic.ai,rahul@nestacktechnology_sample,4,information technology & services
Jonathan,Kolmetz,Chief Marketing Officer,All American Bonds and Insurance,All American Bonds and Insurance,jonathan@laconicdigitalexpo.com,Verified,Apollo,Apollo,,Not Catch-all,2026-09-16T18:45:45+00:00,c_suite,"c_suite, master_marketing","marketing_executive, marketing",RAHUL@NESTAKTECHNOLOGY.COM,,,,'+18443212663,,false,Cold,rahul@nestacktechnology_sample,,RAHUL@NESTAKTECHNOLOGY.COM,20,insurance,"garage liability insurance, surety bonds, commercial auto insurance, construction bid bonds, construction performance bonds, motor vehicle dealer bonds, contractor bonds, commercial property insurance, cannabis bonds, agriculture dealer bonds, pawnbroker bonds, commercial liability insurance, payment performance bonds, bid bonds, license permit bonds",http://www.linkedin.com/in/jonathan-kolmetz-344325218,http://www.quickerbonds.com,http://www.linkedin.com/company/all-american-bonds-and-insurance,https://www.facebook.com/Quickerbonds/,,"Greater Trail, Clermont, FL 34711, USA",Clermont,Florida,United States,"7224 Sandscove Ct, Unit 7, Winter Park, FL 32792, US",Winter Park,Florida,United States,'+18443212663,,,,,,,,,,false,false,false,false,,,,623650c205c9c60001f358ca,66ffc14d346d600001dd1136,623650c205c9c60001f358ca,,,,,,,,,,,,,,Chief Marketing Officer,RAHUL@NESTAKTECHNOLOGY.COM,laconicdigitalexpo.com,rahul@nestacktechnology_sample,20,insurance
Joseph,Gillam,Growth & Strategy Director,FARQ,FARQ,joseph@farq-media.com,Verified,Apollo,Apollo,,Not Catch-all,2026-09-16T18:45:55+00:00,director,"master_marketing, master_operations","demand_generation, corporate_strategy",RAHUL@NESTAKTECHNOLOGY.COM,,,,,,false,Cold,rahul@nestacktechnology_sample,,RAHUL@NESTAKTECHNOLOGY.COM,17,public relations & communications,"public relations & communications services, content creation, project management, talent management, market research, influencer marketing, digital marketing, public relations, brand strategy, b2b, services, productivity, marketing & advertising",http://www.linkedin.com/in/gillamjoseph,http://www.farq-media.com,http://www.linkedin.com/company/farq-media,,,"Dallas, TX, USA",Dallas,Texas,United States,"28 glen view road, london, england, united kingdom",London,England,United Kingdom,,,,,,,,,,,false,false,false,false,,7311,541810,54a78f8d7468696b7f2adb3f,68a35d5bea9d5900017660fb,54a78f8d7468696b7f2adb3f,,,,,,,,,,,,,,Growth & Strategy Director,RAHUL@NESTAKTECHNOLOGY.COM,farq-media.com,rahul@nestacktechnology_sample,17,public relations & communications
Jacklyn,Overby,Executive Director,V for Victory,V for Victory,joverby@vforvictory.org,Verified,Apollo,Apollo,,Not Catch-all,2026-09-16T18:45:45+00:00,director,,,RAHUL@NESTAKTECHNOLOGY.COM,,,,,,false,Cold,rahul@nestacktechnology_sample,,RAHUL@NESTAKTECHNOLOGY.COM,8,marketing & advertising,"digital media, media buying planning, creative, traditional media, performance marketing, advertising services, marketing & advertising",http://www.linkedin.com/in/jacklyn-overby-msw-a5718243,http://www.vforvictory.co,http://www.linkedin.com/company/v-for-victory,,,"Ponte Vedra Beach, FL 32082, USA",Ponte Vedra Beach,Florida,United States,,,,,,,,,,,,,,,false,false,false,false,,,,6091afd90a671900012918ab,6731d6d8287ff300017e935e,6091afd90a671900012918ab,,,,,,,,,,,,,,Executive Director,RAHUL@NESTAKTECHNOLOGY.COM,vforvictory.org,rahul@nestacktechnology_sample,8,marketing & advertising
Julian,Field,Owner/ Director,Field Group,Field Group,julian@fieldgroup.co.nz,Verified,Apollo,Apollo,,Not Catch-all,2026-09-16T18:45:47+00:00,owner,,,RAHUL@NESTAKTECHNOLOGY.COM,,,,'+15099651780,,false,Cold,rahul@nestacktechnology_sample,,RAHUL@NESTAKTECHNOLOGY.COM,11,marketing & advertising,"branding, public relations, direct mail, media buying & planning, tv, radio, print ads, consulting, website design, logo deveopment, special event planning, graphic design, copywriting, marketing, advertising campaigns, motion graphics, digital advertising, videos, advertising services, website development, brand development, b2c, social media marketing, media buying, project management, branding and design, e-commerce, digital marketing, community outreach campaigns, retail, advertising & marketing, services, d2c, email marketing, creative agency, nonprofit organization, logo design, nonprofit branding, video marketing, content marketing, creative design, social media strategy, media production, content creation, seo management, cause-driven marketing, online presence, brand refresh, marketing strategy, advertising agencies, video production, custom marketing solutions, education, campaign management, lead generation, b2b, non-profit, marketing & advertising, web design, writing & editing, web development, information technology & services, consumer internet, consumers, internet, productivity, sales, nonprofit organization management",http://www.linkedin.com/in/julian-field-b8390b29,http://www.fgsayshello.com,http://www.linkedin.com/company/the-field-group,https://www.facebook.com/FieldGroup,https://twitter.com/fgAdvertising,New Zealand,,,New Zealand,"103 N 3rd Street, Suite 1, Yakima, Washington 98901, US",Yakima,Washington,United States,'+15099651780,,2.4M,,,,,,,,false,false,false,false,,7311,"541810, 541430",623aa1607930910001b98706,54a135c869702d3cbb04ef00,623aa1607930910001b98706,,,,,,,,,,,,,,Owner/ Director,RAHUL@NESTAKTECHNOLOGY.COM,fieldgroup.co.nz,rahul@nestacktechnology_sample,11,marketing & advertising
Kane,Carpenter,Managing Director,Daggerfinn,Daggerfinn,kane.carpenter@daggerfinn.com,Verified,Apollo,Apollo,,Not Catch-all,2026-09-16T18:45:55+00:00,director,,,RAHUL@NESTAKTECHNOLOGY.COM,,,,'+12486591010,,false,Cold,rahul@nestacktechnology_sample,,RAHUL@NESTAKTECHNOLOGY.COM,5,management consulting,"marketing, digital marketing, growth strategies, brdevelopment, brmanagement, audience insights, advertising, profitdriven marketing, market positioning, employer branding, recruitment marketing, employer brand, talent brand, market research, competitive analysis, market analysis, human resources, recruiting, business consulting & services, employee engagement, consulting, employer value proposition, management consulting, services, employee surveys, candidate experience testing, technology, digital marketing strategies, organizational development, management consulting services, brand clarity solutions, information technology, employee engagement insights, marketing and advertising, pr & communications, exit surveys for employees, b2b, managed marketing services, digital transformation, ai workplace productivity, employee experience testing, sustainable growth, evp development, workforce culture change, healthcare, finance, manufacturing, distribution, marketing & advertising, health care, health, wellness & fitness, hospital & health care, financial services, mechanical or industrial engineering",http://www.linkedin.com/in/kanedcarpenter,http://www.daggerfinn.com,http://www.linkedin.com/company/daggerfinn-media,,https://twitter.com/kanedcarpenter,"Chicago, IL, USA",Chicago,Illinois,United States,"515 N State St, Floor 14, Chicago, Illinois 60654, US",Chicago,Illinois,United States,'+12486591010,,,,,,,,,,false,false,false,false,,8742,"541611, 541612, 541613",609e9c1098546b000181785e,5e58cf22c20ba20001c48cc1,609e9c1098546b000181785e,,,,,,,,,,,,,,Managing Director,RAHUL@NESTAKTECHNOLOGY.COM,daggerfinn.com,rahul@nestacktechnology_sample,5,management consulting
Kel,Ashley,Director,Marketwrite Promotional Branding,Marketwrite Promotional Branding,kel.ashley@marketwrite.co.nz,Verified,Apollo,Apollo,,Not Catch-all,2026-09-16T18:45:53+00:00,director,,,RAHUL@NESTAKTECHNOLOGY.COM,,,,'+64800047367,,false,Cold,rahul@nestacktechnology_sample,,RAHUL@NESTAKTECHNOLOGY.COM,2,marketing & advertising,"promotional products corporate gifts, advertising services, marketing & advertising",http://www.linkedin.com/in/kel-ashley-204212a,http://www.marketwritepromo.com,http://www.linkedin.com/company/marketwrite-promotional-branding,https://facebook.com/pages/Marketwrite/312842502192699,,"Pegasus 7691, New Zealand",Pegasus,Canterbury,New Zealand,"9 Eaves Bush Parade, Orewa, Auckland 0931, NZ",Auckland,Auckland,New Zealand,'+64800047367,,,,,,,,,,false,false,false,false,,7380,,54abb2fe7468692ca16c3b07,5fc95094691fef0001337a51,54abb2fe7468692ca16c3b07,,,,,,,,,,,,,,Director,RAHUL@NESTAKTECHNOLOGY.COM,marketwrite.co.nz,rahul@nestacktechnology_sample,2,marketing & advertising
Kayla,Frauenheim,Account Director,Perowne International,Perowne International,krf@perowneinternational.com,Verified,Apollo,Apollo,,Not Catch-all,2026-09-16T18:45:55+00:00,director,master_sales,account_management,RAHUL@NESTAKTECHNOLOGY.COM,,,,'+442070780295,,false,Cold,rahul@nestacktechnology_sample,,RAHUL@NESTAKTECHNOLOGY.COM,76,public relations & communications,"pr, sales marketing, social media, consultancy, partnership pr, luxury travel, public relations & communications services, marketing and advertising, luxury travel brands, media outreach, luxury brand reputation management, brand development, luxury travel content marketing, luxury hotel branding strategy, luxury hospitality publicity, strategic communication, brand awareness, luxury travel influencer outreach, client consultancy, luxury hotel media relations, luxury hospitality pr, influencer marketing, strategic consultancy, campaign execution, luxury hotels, luxury hotel media outreach, campaign management, luxury hotel influencer marketing, luxury hotel reputation management, luxury travel media relations, luxury travel brand storytelling, luxury hotel digital campaigns, brand reputation, content creation, luxury brands, luxury travel media campaigns, luxury travel influencer collaborations, luxury travel pr, luxury sector marketing, public relations agencies, pr campaigns, market positioning, client services, event marketing, social media strategy, media relations agency, luxury travel campaigns, luxury brand consultancy, online presence, luxury hotel influencer outreach, digital marketing, luxury brand storytelling, publicity campaigns, luxury hotel marketing, digital content creation, luxury hotel pr, luxury hotel storytelling campaigns, event planning, luxury hotel influencer campaigns, event management, luxury hotel content creation, campaign strategy, public relations, luxury travel influencer marketing, luxury travel publicity, luxury brand development, social media marketing, media engagement, luxury sector, luxury hospitality, brand strategy, luxury travel media, luxury travel brand positioning, luxury travel marketing, luxury travel influencer strategy, luxury travel sector, brand visibility, luxury brand positioning, luxury hospitality influencer marketing, market expansion, luxury hospitality storytelling, storytelling, brand positioning, marketability, global reach, content marketing, luxury hotel branding campaigns, luxury hospitality brand development, boutique hotel marketing, luxury branding, client reputation, luxury hospitality marketing, influencer outreach, media outreach campaigns, luxury travel communications, digital content strategy, luxury travel storytelling, public relations strategy, luxury hotel branding, media relations, consulting, pr agency, international campaigns, guest experience, b2b, client engagement, luxury branding agency, services, luxury travel influencer campaigns, social media management, travel and tourism, luxury brand awareness, luxury hospitality campaigns, luxury hotel publicity, luxury hotel publicity campaigns, hospitality, luxury hospitality digital marketing, global marketing, travel brands, hospitality consultancy, international media relations, bespoke campaigns, targeted marketing strategies, cultural landmarks, hospitality management, private villas, executive retreats, high-end travel, luxury brand partnerships, brand storytelling, marketing consultancy, campaign development, market analysis, travel experiences, hotel rebranding, luxury living, destination marketing, media planning, guest experience enhancement, luxury brand representation, commercial strategy, client relationship management, hotel collections, art collections, wellness retreats, fine dining experiences, client retention, creative collaboration, strategic branding, enhanced guest experiences, customer loyalty programs, sustainability in tourism, luxury lifestyle, exclusive partnerships, tourism strategy, reputation management, luxury travel trends, target audience engagement, consumer internet, consumers, internet, information technology & services, management consulting, leisure, travel & tourism, marketing & advertising, events, events services, public relations & communications, marketing consulting",http://www.linkedin.com/in/kayla-frauenheim,http://www.perowneinternational.com,http://www.linkedin.com/company/perowne-international,https://www.facebook.com/perowneinternational,https://twitter.com/PerowneInt,"New York, NY, USA",New York,New York,United States,"31 Saint James's Place, London, England SW1A 1NR, GB",London,England,United Kingdom,'+442070780295,,4M,,,,,,,,false,false,false,false,,"7021, 7311, 8743","541810, 541820",6128aad7e021560001a2a545,57c4c7a0a6da983714f6f666,6128aad7e021560001a2a545,,,,,,,,,,,,,,Account Director,RAHUL@NESTAKTECHNOLOGY.COM,perowneinternational.com,rahul@nestacktechnology_sample,76,public relations & communications
Kristen,Condon,Director of Operations,Hammerdubs,Hammerdubs,kristen@hammerdubs.com,Verified,Apollo,Apollo,,Not Catch-all,2026-09-16T18:45:42+00:00,director,master_operations,operations,RAHUL@NESTAKTECHNOLOGY.COM,,,,'+19853177805,,false,Cold,rahul@nestacktechnology_sample,,RAHUL@NESTAKTECHNOLOGY.COM,3,marketing & advertising,"branded merchandise, promotional products, sports uniforms, awards, uniforms, signage, tents, marketing, advertising, branding, marketing services, other services related to advertising, veteran-owned business, e-commerce, services, market research, custom promotional items, branding solutions, event signage, digital marketing, personalized marketing items, branded drinkware, customer retention, sustainable promotional products, events, custom branding, marketing merchandise, advertising & marketing, apparel, b2b, printing & signage, eco-friendly promotional products, small business marketing, custom tents and banners, locally made products, promotional gift items, corporate merchandise, personalized corporate gifts, customer engagement, custom apparel, b2c, consumer products & retail, marketing & advertising, consumer internet, consumers, internet, information technology & services",http://www.linkedin.com/in/kristen-condon-590134385,http://www.hammerdubs.com,http://www.linkedin.com/company/hammerdubs,,,United States,,,United States,"220 Girod St, Unit 203, Mandeville, Louisiana 70448, US",Mandeville,Louisiana,United States,'+19853177805,,,,,,,,,,false,false,false,false,,7389,54189,68e8e8eecd6bf80001b0d696,67161ae42d1bea0001633d00,68e8e8eecd6bf80001b0d696,,,,,,,,,,,,,,Director of Operations,RAHUL@NESTAKTECHNOLOGY.COM,hammerdubs.com,rahul@nestacktechnology_sample,3,marketing & advertising
Kristi,Buckner,Director of Digital Marketing,Defined Digital Marketing™,Defined Digital Marketing™,kristi@socialmediamarketingtk.com,Verified,Apollo,Apollo,,Not Catch-all,2026-09-16T18:45:47+00:00,director,master_marketing,"digital_marketing, marketing",RAHUL@NESTAKTECHNOLOGY.COM,,,,'+15867846984,,false,Cold,rahul@nestacktechnology_sample,,RAHUL@NESTAKTECHNOLOGY.COM,12,marketing & advertising,"marketing services, youtube advertising, holistic wellness marketing, analytics, digital advertising campaigns, social media content creation, health and wellness, conversion optimization, marketing and advertising, social proof building, branding, medical practice marketing, client growth, content creation, digital marketing, advertising agencies, services, social media marketing, lead generation, content marketing, conversion rate optimization, website design, website development, small business marketing, data-driven advertising, instagram marketing, digital advertising, social media management, full-funnel marketing, customer relationship management, ad campaign optimization, client engagement, targeted marketing strategies, facebook ads, b2b, healthcare marketing, online presence, information technology and services, google ads, consulting, healthcare, marketing & advertising, information technology & services, health, wellness & fitness, consumer internet, consumers, internet, sales, web design, web development, crm, enterprise software, enterprises, computer software, health care, hospital & health care",http://www.linkedin.com/in/kristikanan,http://www.defined-digitalmarketing.com,http://www.linkedin.com/company/defined-digitalmarketing,https://www.facebook.com/defineddigitalmkt/,,"Nashville, TN, USA",Nashville,Tennessee,United States,"308 tara blvd, tullahoma, tennessee, united states, 37388-4938",Tullahoma,Tennessee,United States,'+15867846984,,,,,,,,,,false,false,false,false,,"7311, 7336","541810, 541430",5e7d049c96614f0001c25117,654b37f9a2d5670001e713e5,5e7d049c96614f0001c25117,,,,,,,,,,,,,,Director of Digital Marketing,RAHUL@NESTAKTECHNOLOGY.COM,socialmediamarketingtk.com,rahul@nestacktechnology_sample,12,marketing & advertising
Kristin,Crawford,CEO & Director of SEO,Haller It Digital Marketing,Haller It Digital Marketing,kristin@hallerit.com,Verified,Apollo,Apollo,,Not Catch-all,2026-09-16T18:45:45+00:00,c_suite,"c_suite, master_marketing","executive, search_engine_optimization_pay_per_click",RAHUL@NESTAKTECHNOLOGY.COM,,,,,,false,Cold,rahul@nestacktechnology_sample,,RAHUL@NESTAKTECHNOLOGY.COM,1,marketing & advertising,"digital marketing, search engine optimization, website design, content development, social media marketing, email marketing, google maps rankings, authority building for seo, backlinking, citation building nap consistency, reputation management, paid advertising campaigns, local business online marketing, website audits for design, content, seo, technical issues more, traffic generation, marketing services, marketing & advertising, information technology & services, search marketing, marketing, web design, consumer internet, consumers, internet",http://www.linkedin.com/in/kristinmcrawford,http://www.hallerit.com,http://www.linkedin.com/company/hallerit,,,"Tampa Bay, Florida, USA",,Florida,United States,"9800 4th St. N., STE 108, St. Petersburg, FL 33702, US",Saint Petersburg,Florida,United States,,,,,,,,,,,false,false,false,false,,,,65588df27bec440001d63e35,69399466d4e34900191bd712,65588df27bec440001d63e35,,,,,,,,,,,,,,CEO & Director of SEO,RAHUL@NESTAKTECHNOLOGY.COM,hallerit.com,rahul@nestacktechnology_sample,1,marketing & advertising
Kunal,Jasani,Director,MadOverDigital,MadOverDigital,kunal@madoverdigital.com.au,Verified,Apollo,Apollo,,Not Catch-all,2026-09-16T18:45:58+00:00,director,,,RAHUL@NESTAKTECHNOLOGY.COM,,,,'+11300004623,,false,Cold,rahul@nestacktechnology_sample,,RAHUL@NESTAKTECHNOLOGY.COM,3,marketing & advertising,"web designing, branding, search engine optimisation, social media marketing, google ads, social media ads, content marketing, orm, digital marketing, advertising services, holistic marketing, conversion campaigns, facebook advertising, customer engagement, email marketing, market research, conversion rate optimization, content creation, a/b testing, traffic generation, seo, inventory management, website development, omnichannel marketing, ppc, user experience, e-commerce, web development, landing page optimization, brand awareness, marketing automation, website design, competitor analysis, management consulting services, lead generation, digital strategy, b2b, b2c, information technology & services, search marketing, marketing, marketing & advertising, consumer internet, consumers, internet, ux, saas, computer software, enterprise software, enterprises, web design, sales",http://www.linkedin.com/in/kunal-jasani-878130117,http://www.madoverdigital.com.au,http://www.linkedin.com/company/madoverdigital,,,"Melbourne VIC, Australia",Melbourne,Victoria,Australia,"270 Blackburn Rd, Glen Waverley, Victoria 3150, AU",Glen Waverley,Victoria,Australia,'+11300004623,,,,,,,,,,false,false,false,false,,7375,54161,57d9001ea6da9872625edec2,61eb95f0589d05000182d010,57d9001ea6da9872625edec2,,,,,,,,,,,,,,Director,RAHUL@NESTAKTECHNOLOGY.COM,madoverdigital.com.au,rahul@nestacktechnology_sample,3,marketing & advertising
Kym,Clements,Director and Senior Consultant,Ink Communications,Ink Communications,kym@inkcommunications.com.au,Verified,Apollo,Apollo,,Not Catch-all,2026-09-16T18:45:58+00:00,director,consulting,consultant,RAHUL@NESTAKTECHNOLOGY.COM,,,,'+61439160994,,false,Cold,rahul@nestacktechnology_sample,,RAHUL@NESTAKTECHNOLOGY.COM,4,public relations & communications,"copywriting, investor communications, corporate communications, internal communications, marketing, digital marketing, public relations, website development, social media, annual reports, investor reporting, asx listing, crisis management, recruitment marketing, sustainability reporting, email marketing, analytics, media training, sustainability strategy, corporate presentations, investor engagement, transactions, infographics, change management, brstrategy, search engine optimisation, corporate events, search engine marketing, market announcements, public relations & communications services, b2b, visual communication, stakeholder engagement, global communication standards, investor relations, content marketing, marketing communications, brand strategy, consulting, industry-specific messaging, crisis support, industry experience, corporate messaging, professional, scientific, and technical services, value-driven communication, audience engagement, public affairs, social media management, multi-channel messaging, services, strategy development, public and private sector experience, content strategy, media outreach, resource augmentation, integrated communications, content writing, stakeholder management, crisis communication support, reputation management, communication strategy, media relations, public relations agencies, messaging consistency, branding, content creation, tailored communication solutions, writing & editing, public relations & communications, marketing & advertising, web development, information technology & services, consumer internet, consumers, internet, seo, search marketing, events services, sem",http://www.linkedin.com/in/kym-clements-956ba624,http://www.inkcommunications.com.au,http://www.linkedin.com/company/ink-corporate-communications,,,"Perth WA, Australia",Perth,Western Australia,Australia,"136 Stirling Hwy, Nedlands, Western Australia 6009, AU",Perth,Western Australia,Australia,'+61439160994,,,,,,,,,,false,false,false,false,,7389,54182,54a4099a7468692abffce726,559229dd7369641739ca4600,54a4099a7468692abffce726,,,,,,,,,,,,,,Director and Senior Consultant,RAHUL@NESTAKTECHNOLOGY.COM,inkcommunications.com.au,rahul@nestacktechnology_sample,4,public relations & communications
Latha,Sathya,Global Sales Director - Multicultural Marketing,Billiontags®,Billiontags®,latha@billiontags.com,Verified,Apollo,Apollo,,Not Catch-all,2026-09-16T18:45:43+00:00,director,"master_marketing, master_sales","marketing, sales",RAHUL@NESTAKTECHNOLOGY.COM,,,,'+919791111585,,false,Cold,rahul@nestacktechnology_sample,,RAHUL@NESTAKTECHNOLOGY.COM,89,marketing & advertising,"programmatic advertising, display video advertising, media buying planning, mobile advertising, ctvottyoutube advertising, social media marketing, multicultural marketing, crosscultural marketing strategy, diversity inclusion marketing, newcomer audience targeting, south asian audience marketing, ethnic media buying, digital branding, multilingual ads, datadriven audience targeting, media partnerships, advertising services, media and communications, digital marketing, customer engagement, display advertising, multicultural campaign management, market research, marketing and advertising, localization strategy, multicultural pr, b2b, cultural voice and tone, diverse audience targeting, content production, media channels, affiliate marketing, cultural perception positioning, data management, social media, audience segmentation, analytics, audience research, lead generation, campaign optimization, brand awareness, services, content marketing, cross-cultural storytelling, content creation, identity celebration, data analytics, cultural diversity analytics, performance marketing, cultural perception evaluation, conversion rate optimization, inclusive storytelling, advertising agencies, media planning and buying, advertising, ethnic audience engagement, cultural relevance, email marketing, ethnocultural strategy, cultural insight-driven campaigns, multilingual transcreation, brand relevance, influencer marketing, cultural fluency, internet, information technology & services, marketing & advertising, consumer internet, consumers, sales",http://www.linkedin.com/in/latha-sathya-multicultural,http://www.billiontags.com,http://www.linkedin.com/company/billiontagsofficial,https://facebook.com/billiontags,https://twitter.com/billiontags,United States,,,United States,"Texas, US",,Texas,United States,'+919791111585,,2M,,,,,,,,false,false,false,false,,"7311, 7371","541810, 541511",611647a62870b600016992ef,5a9d5ef9a6da98d93bdf54c0,611647a62870b600016992ef,,,,,,,,,,,,,,Global Sales Director - Multicultural Marketing,RAHUL@NESTAKTECHNOLOGY.COM,billiontags.com,rahul@nestacktechnology_sample,89,marketing & advertising
Liane,Cunio-Rockmael,Media Director,MJA Advertising,MJA Advertising,liane@mjala.com,Verified,Apollo,Apollo,,Not Catch-all,2026-09-16T18:45:42+00:00,director,master_marketing,advertising,RAHUL@NESTAKTECHNOLOGY.COM,,,,'+13102059999,,false,Cold,rahul@nestacktechnology_sample,,RAHUL@NESTAKTECHNOLOGY.COM,34,marketing & advertising,"research, media buying, creative, branding, television, radio, print outdoor, digital marketing, digital media, advertising services, music production, award-winning creative team, demand side platform (dsp), 55 years of experience, consumer research, digital campaign management, print advertising, media & communications, b2c, media partnerships, services, media ratings, integrated marketing campaigns, outdoor advertising, focus group management, media buying expertise, advertising agencies, proprietary research sources, campaign optimization, television advertising, target audience analysis, radio advertising, media rates leverage, customer journey analysis, cross-device targeting, full-service advertising agency, advertising & marketing, consumer products & retail, media, marketing & advertising",http://www.linkedin.com/in/liane-cunio-rockmael-8913b31b9,http://www.mjala.com,http://www.linkedin.com/company/mjaadvertising,,,"Beverly Hills, CA, USA",Beverly Hills,California,United States,"9440 south santa monica boulevard, beverly hills, california, united states",Beverly Hills,California,United States,'+13102059999,,,,,,,,,,false,false,false,false,,7311,541810,66321e403e73fd00071906da,5ef0b72b0db2cc008c92e2cd,66321e403e73fd00071906da,,,,,,,,,,,,,,Media Director,RAHUL@NESTAKTECHNOLOGY.COM,mjala.com,rahul@nestacktechnology_sample,34,marketing & advertising
Linda,Neering,Network Director,"OFFERweb, LLC","OFFERweb, LLC",linda@offerwebmail.com,Verified,Apollo,Apollo,,Not Catch-all,2026-09-16T18:45:50+00:00,director,master_information_technology,networking,RAHUL@NESTAKTECHNOLOGY.COM,,,,'+19545333235,,false,Cold,rahul@nestacktechnology_sample,,RAHUL@NESTAKTECHNOLOGY.COM,13,marketing & advertising,"online advertising, online, affiliate industry, affiliate, cpa, cpl, rev share, pay per performance, marketing, advertising, ppcall, advertising services, compliance tracking, search marketing, customer acquisition, advertiser-publisher network, quality leads, long-term relationships, reliable top performers, performance based marketing, distribution, exclusive campaigns, campaign management, b2b, display advertising, media distribution channels, predictive analytics, social media marketing, management consulting services, lead generation, call center campaigns, campaign opportunities, marketing and advertising, mobile marketing, email marketing, digital marketing, brand awareness, social media advertising, roi enhancement, conversion optimization, media placement, performance marketing, pay-per-call, compliance, services, analytics, marketing & advertising, information technology & services, enterprise software, enterprises, computer software, consumer internet, consumers, internet, sales",http://www.linkedin.com/in/linda-neering-7b87a323,http://www.offerweb.com,http://www.linkedin.com/company/offerweb-llc,https://facebook.com/offerweb,,"Gastonia, NC, USA",Gastonia,North Carolina,United States,"256 Commercial Blvd. Second Floor, Lauderdale by the Sea, FL 33308, US",Lauderdale-by-the-Sea,Florida,United States,'+19545333235,,32M,,,,,,,,false,false,false,false,,7311,"54161, 541810",56359c8da6da9827d2007e08,66ffc138b399d10001cdc4ce,56359c8da6da9827d2007e08,,,,,,,,,,,,,,Network Director,RAHUL@NESTAKTECHNOLOGY.COM,offerwebmail.com,rahul@nestacktechnology_sample,13,marketing & advertising
Lindsay,Williams,Sales Director,SWAG Marketing,SWAG Marketing,lwilliams@swagmkt.com,Verified,Apollo,Apollo,,Not Catch-all,2026-09-16T18:45:53+00:00,director,master_sales,sales,RAHUL@NESTAKTECHNOLOGY.COM,,,,'+18132405474,,false,Cold,rahul@nestacktechnology_sample,,RAHUL@NESTAKTECHNOLOGY.COM,1,marketing & advertising,"advertising services, custom apparel, retail, corporate recognition programs, event giveaways, online store fulfillment, product customization, e-commerce, b2b, printing services, manufacturing, sustainable promotional products, sports merchandise, graphic design, distribution, eco-friendly materials, sports equipment, branded merchandise, promotional products, other services related to advertising, corporate apparel, eco-friendly promotional items, event marketing, services, employee awards, business gifts, trade show products, marketing & advertising, consumer internet, consumers, internet, information technology & services, mechanical or industrial engineering, events, events services",http://www.linkedin.com/in/lindsay-williams-19019436,http://www.swagmkt.com,http://www.linkedin.com/company/swagmkt,,,"Odessa, FL, USA",Odessa,Florida,United States,"13266 byrd drive, odessa, florida, united states",Odessa,Florida,United States,'+18132405474,,,,,,,,,,false,false,false,false,,7389,54189,55c0684a7369645028b70b00,5b146eefa6da9870e99e66e7,55c0684a7369645028b70b00,,,,,,,,,,,,,,Sales Director,RAHUL@NESTAKTECHNOLOGY.COM,swagmkt.com,rahul@nestacktechnology_sample,1,marketing & advertising
Matt,Davidson,Director,GoldLadder Ltd,GoldLadder Ltd,matt@goldladder.co.uk,Verified,Apollo,Apollo,,Not Catch-all,2026-09-16T18:45:53+00:00,director,,,RAHUL@NESTAKTECHNOLOGY.COM,,,,'+441392275554,,false,Cold,rahul@nestacktechnology_sample,,RAHUL@NESTAKTECHNOLOGY.COM,6,marketing & advertising,"ppc management, seo, search engine optimisation, analytics, conversion rate optimisation, bing ads, google ads, google partner, linkedin partner, semrush seo partner, ga4, paid media management, linkedin marketing experts, digital marketing, digital marketing agency, linkedin ads, b2b digital marketing agency, b2b digital marketing, b2b digital marketing experts, adobe analytics, marketing services, platform integrations, customer engagement, workflow management, content planning, hubspot, customer journey, market research, growth marketing, marketing and advertising, demand generation, b2b, brand and audience acquisition, marketing data stream management, information technology and services, project management, marketing analytics, data studio, lead nurturing, marketing automation, tracking and analytics, social media branding, marketing strategy support, big brand marketing support, payment solutions, lead generation, salesforce integration, campaign performance analytics, services, marketing resource alignment, editorial promotion, enterprise b2b marketing, growth and migration support, performance optimization, big brand digital acquisition, ai optimization in marketing, performance marketing, marketing project timelines, consulting, marketing technology support, ai optimization, paid promotion, abm strategies, kpi reporting, email marketing, enterprise marketing solutions, campaign management, organic promotion, measurable marketing change, supermetrics, audience targeting, wordpress, campaign execution, platform support, advertising agencies, seo & sem, information technology & services, search marketing, marketing, marketing & advertising, productivity, saas, computer software, enterprise software, enterprises, sales",http://www.linkedin.com/in/mattjdavidson,http://www.goldladder.co.uk,http://www.linkedin.com/company/goldladder,https://facebook.com/GoldladderLtd,https://twitter.com/goldladder,"Exeter, CA 93221, USA",Exeter,California,United States,"Queensgate House, 48 Queen Street, Exeter, Devon EX4 3SR, GB",Exeter,England,United Kingdom,'+441392275554,,8.9M,,,,,,,,false,false,false,false,,7311,541810,645bcc425f262e00012b6473,54a133fc69702d2f9f7e2200,645bcc425f262e00012b6473,,,,,,,,,,,,,,Director,RAHUL@NESTAKTECHNOLOGY.COM,goldladder.co.uk,rahul@nestacktechnology_sample,6,marketing & advertising
Matthieu,Petruzzi,CTO,Influentials,Influentials,matthieu@influentials.com,Verified,Apollo,Apollo,,Not Catch-all,2026-09-16T18:45:37+00:00,c_suite,"c_suite, master_engineering_technical","information_technology_executive, engineering_technical, technology_operations",RAHUL@NESTAKTECHNOLOGY.COM,,,,'+31858088303,,false,Cold,rahul@nestacktechnology_sample,,RAHUL@NESTAKTECHNOLOGY.COM,19,information technology & services,"influencer marketing, content creation, saas, marketplace, social media marketing, brand marketing, marketing, sales and marketing, social media, enterprise software, consumer internet, internet, software, information technology, technology, information & internet, creator economy, campaign analytics, audience insights, multi-platform campaigns, lead generation, services, campaign automation, influencer agreement automation, brand engagement, tiktok influencers, influencer campaign management, audience demographic data, user generated content, influencer payments, creator marketplace, verified influencer network, content performance, verified creators, digital marketing, campaign success measurement, influencer outreach, youtube influencers, brand awareness, campaign management, ugc creation tools, b2b, ugc platform, content collaboration platform, influencer payout automation, content marketing, advertising & marketing, creator network, influencer insights, media & content creation, authentic content, brand collaborations, influencer performance insights, content management, instagram creators, creator verification, content automation, influencer marketing platform, customer engagement, campaign tracking, advertising agencies, campaign optimization, computer software, information technology & services, consumers, marketing & advertising, enterprises, sales & marketing, sales",http://www.linkedin.com/in/matthieu-petruzzi-dev,http://www.influentials.com,http://www.linkedin.com/company/influentials,,,"New York, NY, USA",New York,New York,United States,"1250 connecticut avenue northwest, rotterdam, south holland, netherlands",Rotterdam,South Holland,Netherlands,'+31858088303,,,,,,,,,,false,false,false,false,,7311,"541810, 519290",5f559df8e3b9a70001495d08,5c216f70a3ae6122365c9bf1,5f559df8e3b9a70001495d08,,,,,,,,,,,,,,CTO,RAHUL@NESTAKTECHNOLOGY.COM,influentials.com,rahul@nestacktechnology_sample,19,information technology & services
Melissa,Carrillo,Director of Accounts,Jeffrey Scott Agency,Jeffrey Scott Agency,melissa@wearejsa.com,Verified,Apollo,Apollo,,Not Catch-all,2026-09-16T18:45:45+00:00,director,master_finance,accounting,RAHUL@NESTAKTECHNOLOGY.COM,,,,'+15592689741,,false,Cold,rahul@nestacktechnology_sample,,RAHUL@NESTAKTECHNOLOGY.COM,40,marketing & advertising,"brstrategy, web app development, social media, media buying, public relations, multi cultural marketing, creative development, audio video production, digital marketing, google partner, strategic development, advertising services, media strategy, marketing strategy, services, creative services, video and audio production, lead generation, social media management, awareness and advocacy campaigns, advertising & marketing, product branding, client partnerships, campaign development, public relations services, web development, client engagement, client acquisition, website design and development, community campaigns, advertising, media buying and planning, advertising campaigns, content marketing, retargeting, outdoor signage, content creation, media production, email marketing, campaign management, content creation and management, digital media, influencer marketing, performance marketing, digital outreach, healthcare marketing, rebranding projects, b2b, responsive design, brand strategy, branding strategy, outdoor advertising, campaign analytics, customer engagement, customer experience, awareness campaigns, b2c, advertising agency, educational marketing, event planning, public relations campaigns, client consulting, creative solutions, event marketing, graphic design, user experience, public awareness campaigns, conversion optimization, campaign collateral, campaign execution, web design, full-service agency, website development, event branding, video production, product packaging, non-profit campaigns, full-service marketing agency, community relations, website design, branding, fresno marketing, media planning, brand building, community organization campaigns, local business branding, local client campaigns, community outreach, marketing, market research, advertising agencies, social media marketing, regional marketing, digital advertising, healthcare, education, non-profit, consumer internet, consumers, internet, information technology & services, marketing & advertising, sales, web design & development, events services, events, ux, health care, health, wellness & fitness, hospital & health care, nonprofit organization management",http://www.linkedin.com/in/melissa-r-carrillo,http://www.wearejsa.com,http://www.linkedin.com/company/jeffreyscottagency,https://facebook.com/pages/Jeffrey-Scott-Agency/230127697055862,https://twitter.com/wearejsa,"Visalia St, Hanford, CA 93230, USA",Hanford,California,United States,"1544 Fulton Street, Fresno, California 93721, US",Fresno,California,United States,'+15592689741,,32M,,,,,,,,false,false,false,false,,"7311, 8743, 7812","541810, 541820, 512110",6368e13bf8f7910001dc84a1,6a2d71478d4cad0014fcd2cd,6368e13bf8f7910001dc84a1,,,,,,,,,,,,,,Director of Accounts,RAHUL@NESTAKTECHNOLOGY.COM,wearejsa.com,rahul@nestacktechnology_sample,40,marketing & advertising
Monica,Hill,Director of Operations,Advertising Plus,Advertising Plus,melwood@advertising-plus.com,Verified,Apollo,Apollo,,Not Catch-all,2026-09-16T18:45:53+00:00,director,master_operations,operations,RAHUL@NESTAKTECHNOLOGY.COM,,,,'+16303211756,,false,Cold,rahul@nestacktechnology_sample,,RAHUL@NESTAKTECHNOLOGY.COM,20,marketing & advertising,"screen printing, embroidery, promotional products, corporate gifts, advertising services, event planning, branded apparel, wearable branding items, event giveaways, customer service, event signage, custom promotional items, brand visibility, premium corporate gifts, product customization, custom-branded items, eco-friendly promotional products, advertising & marketing, accessories, b2b, apparel, trend-focused products, customer engagement, e-commerce, branding solutions, other services related to advertising, services, tech accessories, product design, event services, apparel & accessories, logo printing, marketing merchandise, textiles, marketing & advertising, events services, consumer internet, consumers, internet, information technology & services",http://www.linkedin.com/in/monica-hill-035b9b7,http://www.advertising-plus.com,http://www.linkedin.com/company/advertising-plus,,,"Springfield, MO, USA",Springfield,Missouri,United States,"2130 W. Vista St., Springfield, Missouri (MO) 65807, US",Springfield,Missouri,United States,'+16303211756,,45.5M,,,,,,,,false,false,false,false,,7389,54189,5ad85941a6da98e49215d495,5e56e62eb85d2400018cb728,5ad85941a6da98e49215d495,,,,,,,,,,,,,,Director of Operations,RAHUL@NESTAKTECHNOLOGY.COM,advertising-plus.com,rahul@nestacktechnology_sample,20,marketing & advertising
Michelle,Chua,Director,Gecko,Gecko,michelle.chua@gecko-graphix.com,Verified,Apollo,Apollo,,Not Catch-all,2026-09-16T18:45:55+00:00,director,,,RAHUL@NESTAKTECHNOLOGY.COM,,,,'+919820669065,,false,Cold,rahul@nestacktechnology_sample,,RAHUL@NESTAKTECHNOLOGY.COM,13,public relations & communications,"public relations, social media, creative marketing collaterals, branding, content, activations, web development, crisis management, strategic brmanagement, public relations & communications services, event activation, seo, social media marketing, event management, pr strategy, website development, public relations agencies, brand strategy, social media management, content creation, email marketing, media training, media relations, content marketing, b2b, influencer collaborations, customer engagement, influencer marketing, influencer outreach, design, market research, graphic design, services, brand positioning, community management, digital advertising, brand reputation, media campaigns, brand storytelling, digital marketing, content writing, b2c, healthcare, education, consumer products & retail, construction & real estate, consumer internet, consumers, internet, information technology & services, search marketing, marketing, marketing & advertising, events services, public relations & communications, writing & editing, health care, health, wellness & fitness, hospital & health care",http://www.linkedin.com/in/michelle-chua-b581a211b,http://www.geckoworldwide.in,http://www.linkedin.com/company/gecko-worldwide,https://www.facebook.com/geckoworldwide/,,Singapore,Singapore,,Singapore,"306, Kalpataru Plaza, above madame Home,, chincholi bunder road, malad west, Mumbai, Maharashtra 400064, IN",Mumbai,Maharashtra,India,'+919820669065,,,,,,,,,,false,false,false,false,,"7311, 8743","541810, 541820",5ad8d939a6da98e37f89dbf7,5592231173696425291c1000,5ad8d939a6da98e37f89dbf7,,,,,,,,,,,,,,Director,RAHUL@NESTAKTECHNOLOGY.COM,gecko-graphix.com,rahul@nestacktechnology_sample,13,public relations & communications
Mike,Griffiths,Director,PromoSpark,PromoSpark,mike@promospark.com.au,Verified,Apollo,Apollo,,Not Catch-all,2026-09-16T18:45:53+00:00,director,,,RAHUL@NESTAKTECHNOLOGY.COM,,,,'+611800571825,,false,Cold,rahul@nestacktechnology_sample,,RAHUL@NESTAKTECHNOLOGY.COM,3,marketing & advertising,"print solutions, signage production, branded merchandise, promotional products, ecommerce branding, fast turnaround, competitive pricing, custom printing, event marketing, retail displays, logo merchandise, corporate branding, marketing materials, custom signage, point of sale displays, wide format printing, business promotion, branding solutions, ecofriendly products, nationwide delivery, marketing services, marketing & advertising, events, events services",http://www.linkedin.com/in/mikgriffiths,http://www.promospark.com.au,http://www.linkedin.com/company/promo-spark,,,"Sydney NSW, Australia",Sydney,New South Wales,Australia,"Sydney, AU",Sydney,New South Wales,Australia,'+611800571825,,,,,,,,,,false,false,false,false,,,,666b83c65859760001f41076,69792043e909a7001d9d5c51,666b83c65859760001f41076,,,,,,,,,,,,,,Director,RAHUL@NESTAKTECHNOLOGY.COM,promospark.com.au,rahul@nestacktechnology_sample,3,marketing & advertising
Dany,Minaker,Executive Creative Director,ISLA,ISLA,minaker@islarepublica.com,Verified,Apollo,Apollo,,Not Catch-all,2026-09-16T18:45:50+00:00,director,design,all_design,RAHUL@NESTAKTECHNOLOGY.COM,,,,'+551130810091,,false,Cold,rahul@nestacktechnology_sample,,RAHUL@NESTAKTECHNOLOGY.COM,35,marketing & advertising,"advertising, creativity, strategy, advertising services, brand positioning, full-funnel marketing, services, channel strategy, d2c, brand experiences, performance marketing techniques, performance improvement, performance tracking, performance marketing insights, performance analysis, performance marketing campaigns, performance reporting, campaign development, strategy and creativity, performance analytics, performance-driven marketing, performance marketing strategies, visual design, performance management tools, performance marketing kpis, data analytics, performance management, performance marketing analytics, brand campaigns, performance results, data transformation, audience insights, content strategy, channel planning, advertising and marketing, digital marketing, content marketing, customer journey, performance analytics tools, performance marketing technology, audience engagement, performance campaigns, research, cultural trends, brand growth, content creation, research insights, social ecosystems, digital content production, influencer marketing, performance marketing, performance marketing solutions, cultural relevance, kpis monitoring, long-term relationships, research methods, regional presence, performance marketing software, performance metrics, performance marketing metrics, performance optimization, brand strategy, digital content, performance kpis, performance evaluation, performance marketing tactics, project management, b2c, brand storytelling, brand relevance, full-funnel campaigns, kpis and analytics, innovation strategy, performance insights, data-driven marketing, brand identity, performance marketing services, e-commerce, performance results tracking, storytelling, performance data, performance reporting tools, content production, performance measurement, audience connection, performance measurement tools, performance-driven campaigns, retail, research and insights, performance data analysis, consulting, performance marketing tools, social media, branding, brand building, visual identity, performance marketing data, human understanding, creative agency, performance marketing agency, creative storytelling, market research, advertising agencies, performance marketing platforms, social media marketing, performance marketing automation, innovation, b2b, consumer products & retail, marketing & advertising, productivity, consumer internet, consumers, internet, information technology & services",http://www.linkedin.com/in/minakerdany,http://www.islarepublica.com,http://www.linkedin.com/company/islatheagency,,,"Miami Road, Fort Lauderdale, FL 33316, USA",Fort Lauderdale,Florida,United States,"Calle Edgar Allan Poe 102, Mexico City, Mexico City 11540, MX",Mexico City,Federal District,Mexico,'+551130810091,,,,,,,,,,false,false,false,false,,7311,541810,54a592a97468692cf0529b9b,5e5689faad3e7900010d143f,54a592a97468692cf0529b9b,,,,,,,,,,,,,,Executive Creative Director,RAHUL@NESTAKTECHNOLOGY.COM,islarepublica.com,rahul@nestacktechnology_sample,35,marketing & advertising
Mary,Serpa,Food Service Director,Creative Alternatives,Creative Alternatives,mserpa@creative-alternatives.org,Verified,Apollo,Apollo,,Not Catch-all,2026-09-16T18:45:55+00:00,director,master_operations,operations,RAHUL@NESTAKTECHNOLOGY.COM,,,,'+17184965268,,false,Cold,rahul@nestacktechnology_sample,,RAHUL@NESTAKTECHNOLOGY.COM,3,marketing & advertising,"promotional products, swag, marketing, logo creation, branded merchandise, marketing services, marketing & advertising",http://www.linkedin.com/in/mary-serpa-88794634a,http://www.creativealternatives.com,http://www.linkedin.com/company/creativealternatives,,,"Modesto, CA, USA",Modesto,California,United States,"223 west 29th street, new york, new york, united states",New York,New York,United States,'+17184965268,,,,,,,,,,false,false,false,false,,,,6a2963c3cc66b10001e03b96,695ed15185018300118640d7,6a2963c3cc66b10001e03b96,,,,,,,,,,,,,,Food Service Director,RAHUL@NESTAKTECHNOLOGY.COM,creative-alternatives.org,rahul@nestacktechnology_sample,3,marketing & advertising
Natalie,Lambert,Director & Co-Founder,Cheetah Promotional Products,Cheetah Promotional Products,natalie@cheetahpromo.com.au,Verified,Apollo,Apollo,,Not Catch-all,2026-09-16T18:45:40+00:00,founder,c_suite,founder,RAHUL@NESTAKTECHNOLOGY.COM,,,,'+61409237775,,false,Cold,rahul@nestacktechnology_sample,,RAHUL@NESTAKTECHNOLOGY.COM,2,marketing & advertising,"advertising services, client satisfaction, recognition programs, long-term relationships, logistics management, brand activation products, brand visibility, custom event giveaways, product sourcing, large order capacity, event marketing, product customization, premium brands, timely fulfillment, client needs assessment, corporate recognition gifts, advertising & marketing, b2b, product delivery, corporate gifts, warehousing, apparel, event planning & management, promotional products, customer engagement, brand application, client partnerships, brand impact, eco-friendly promotional items, premium branded merchandise, event merchandise, branding solutions, premium promotional items, personalized service, other services related to advertising, fulfillment services, marketing campaigns, brand activations, services, eco-friendly products, tailored marketing solutions, printing & promotional products, large-scale warehousing, quality assurance, product innovation, product curations, government, speedy delivery, custom merchandise, budget management, logistics support, education, non-profit, distribution, marketing & advertising, events, events services, nonprofit organization management",http://www.linkedin.com/in/natalielambertcheetahpromo,http://www.cheetahpromo.com.au,http://www.linkedin.com/company/cheetah-promotional-products,,,"Canberra ACT, Australia",Canberra,Australian Capital Territory,Australia,"X, Cheetah, Canberra, ACT, AU",Canberra,Australian Capital Territory,Australia,'+61409237775,,,,,,,,,,false,false,false,false,,7389,54189,642322086aa1f500015b5074,6260f91c262c6a00a59f7a40,642322086aa1f500015b5074,,,,,,,,,,,,,,Director & Co-Founder,RAHUL@NESTAKTECHNOLOGY.COM,cheetahpromo.com.au,rahul@nestacktechnology_sample,2,marketing & advertising
Niaz,Eghrari,Director,Luminur Projects,Luminur Projects,niaz@luminurprojects.com.au,Verified,Apollo,Apollo,,Not Catch-all,2026-09-16T18:45:55+00:00,director,,,RAHUL@NESTAKTECHNOLOGY.COM,,,,'+611300806809,,false,Cold,rahul@nestacktechnology_sample,,RAHUL@NESTAKTECHNOLOGY.COM,6,real estate,"project marketing, real estate sales, off the plan sales, real estate marketing, property branding, off-market property sales, property management, investment opportunities, market analysis, off-the-plan sales, seo, real estate, referral partner network, project promotion, developer services, property acquisition, digital marketing, luxury property marketing, website development, branding, feasibility study, property feasibility assessment, sales strategy, market trend analysis, development project promotion, b2b, real estate branding, multi-residential project marketing, real estate development, construction, engineering services, property sales strategy, property promotion, services, market evaluation, digital marketing services, sales solutions, target audience engagement, targeted digital campaigns, project management, property sales, market research, project design review, client partnerships, consulting, social media marketing, developer support services, enterprise software, enterprises, computer software, information technology & services, search marketing, marketing, marketing & advertising, web development, productivity, consumer internet, consumers, internet",http://www.linkedin.com/in/niaz-eghrari-09534a12,http://www.luminurprojects.com.au,http://www.linkedin.com/company/luminur-projects,,,"Mount Waverley VIC 3149, Australia",Mount Waverley,Victoria,Australia,"1 Ricketts Rd, 20, Mount Waverley, Victoria 3149, AU",Mount Waverley,Victoria,Australia,'+611300806809,,,,,,,,,,false,false,false,false,,"6799, 6531, 7311","54133, 531210, 541810",54a9206e7468692d1c19fc0c,659bd5101a404200013383ba,54a9206e7468692d1c19fc0c,,,,,,,,,,,,,,Director,RAHUL@NESTAKTECHNOLOGY.COM,luminurprojects.com.au,rahul@nestacktechnology_sample,6,real estate
Natalie,Sorge,Digital Director,NPS Media Group,NPS Media Group,nsorge@npsmediagroup.com,Verified,Apollo,Apollo,,Not Catch-all,2026-09-16T18:45:58+00:00,director,master_marketing,digital_marketing,RAHUL@NESTAKTECHNOLOGY.COM,,,,,,false,Cold,rahul@nestacktechnology_sample,,RAHUL@NESTAKTECHNOLOGY.COM,30,marketing & advertising,"print digital marketing, single copy retail sales, list brokerage management, international publisher management, creative services, printing mailing cooperative, research, custom publishing, seo, paid media, email marketing, marketing services, cost savings in mailing, b2c marketing, subscription marketing, roi optimization, print order management, paid search, retail, digital requalification, digital advertising, retail marketing, distribution, subscription renewal marketing, paid social, digital marketing, audience development, transportation & logistics, market intelligence, marketing and advertising, circulation management, campaign management, performance analytics, b2b marketing, revenue growth, data & analytics, print management, market insights, strategic planning, email campaigns, sem, multi-channel marketing, content marketing, audience segmentation, newsstand marketing, list management, direct mail, audience growth, vendor management, publishing expertise, market research, market expansion, advertising agencies, publishing, campaign optimization, b2b, b2c, consumer products & retail, services, consulting, information technology & services, search marketing, marketing, marketing & advertising, media",http://www.linkedin.com/in/natalie-dayton-sorge,http://www.npsmediagroup.com,http://www.linkedin.com/company/nps-media-group,,,"West Des Moines, IA, USA",West Des Moines,Iowa,United States,"Urbandale, IA 50323, US",Urbandale,Iowa,United States,,,,,,,,,,,false,false,false,false,,7311,"541810, 541613",57de65e1a6da987af124e88b,54a138de69702d231f432500,57de65e1a6da987af124e88b,,,,,,,,,,,,,,Digital Director,RAHUL@NESTAKTECHNOLOGY.COM,npsmediagroup.com,rahul@nestacktechnology_sample,30,marketing & advertising
Omar,Rodriguez,Chief Technology Officer (CTO),Rohring Results,Rohring Results,omar@rohringresults.com,Verified,Apollo,Apollo,,Not Catch-all,2026-09-16T18:45:37+00:00,c_suite,"c_suite, master_engineering_technical","information_technology_executive, engineering_technical, technology_operations",RAHUL@NESTAKTECHNOLOGY.COM,,,,'+13053306054,,false,Cold,rahul@nestacktechnology_sample,,RAHUL@NESTAKTECHNOLOGY.COM,20,marketing & advertising,"business strategy consulting, social media marketing, business growth constulting, business accelerator, marketing strategies, website development, app development, business automation, business mastermind, marketing funnels, seo, reverse engineering strategies, unique value proposition, business plans, entrepreneur mindset coaching, business operations consulting, logistics consulting, meta ads, google ads, advertising services, client collaboration, social good campaigns, marketing automation, user engagement strategies, information technology and services, digital impact tracking, a/b testing, content creation, website audit, digital advertising, impact measurement apps, local seo, retargeting, off-page seo, google my business optimization, charity website design, public relations agencies, lead generation, conversion rate optimization, client feedback automation, brand building, donated websites, user experience, marketing and advertising, performance marketing, full funnel marketing, google ranking, geotargeting, marketing automation tools, retail, influencer marketing, traffic growth, social media content, reputation management, remarketing campaigns, national seo, foster care awareness, visual storytelling, chatbot automation, b2b, conversion optimization, full marketing funnel, nonprofit branding, marketing strategy, ad copywriting, growth hacking, speed optimization, cause marketing, social responsibility marketing, conversion psychology, a/b testing tools, b2c, facebook ads, on-page seo, qr code integration, ecommerce marketing, kindness app, e-commerce, traffic behavior analytics, email marketing, targeted ads, blog distribution, content distribution, automated client feedback, ecommerce seo, marketing case studies, digital branding, landing page optimization, website speed tools, virtual tour website, organic growth, website design, community impact projects, foster system rebuilding, nonprofit marketing, website speed optimization, services, backlink building, keyword research, paid advertising, video marketing, nonprofit website donation, industry-specific seo, ppc, lead nurturing, social media management, d2c, geofencing, seo services, social media campaigns, content marketing, website visitor audit, local and national seo, volunteer engagement tools, paid media campaigns, traffic analytics, custom website design, nonprofit seo, digital marketing, customer journey mapping, community outreach digital tools, consulting, website analytics, non-profit, consumer internet, consumers, internet, information technology & services, marketing & advertising, web development, apps, software development, search marketing, marketing, business planning, saas, computer software, enterprise software, enterprises, sales, ux, web design, nonprofit organization management",http://www.linkedin.com/in/omar-rodriguez-cto,http://www.rohringresults.com,http://www.linkedin.com/company/rohring-results,,,"Bradenton, FL, USA",Bradenton,Florida,United States,"1201 6th St W, 100, Bradenton, 34205 34205, US",Bradenton,Florida,United States,'+13053306054,,,,,,,,,,false,false,false,false,,"7375, 7311","54182, 541810",5cf1dd7ff65125900952e914,5d337c08a3ae615e4750b6d7,5cf1dd7ff65125900952e914,,,,,,,,,,,,,,Chief Technology Officer (CTO),RAHUL@NESTAKTECHNOLOGY.COM,rohringresults.com,rahul@nestacktechnology_sample,20,marketing & advertising
Paul,Hanley,Managing Director,Beyond Your Base,Beyond Your Base,phanley@beyondyourbase.com,Verified,Apollo,Apollo,,Not Catch-all,2026-09-16T18:45:45+00:00,director,,,RAHUL@NESTAKTECHNOLOGY.COM,,,,'+17204324435,,false,Cold,rahul@nestacktechnology_sample,,RAHUL@NESTAKTECHNOLOGY.COM,4,public relations & communications,"public policy training, voter analytics, task force facilitation, messaging, creative, direct mail, digital media, social media, public opinion research, ballot language, campaign support, public relations & communications services, consulting, pre-referendum consulting, public engagement programs, strategic communications, community stakeholder engagement, election strategy consulting, branding, digital media campaigns, social media strategy, public policy education, messaging development, community development, government, public opinion surveys, public relations agencies, community-driven capital projects, b2b, direct mail marketing, voter turnout analysis, public relations, community stakeholder facilitation, taxpayer engagement strategies, content creation, ballot language review, community outreach, services, political consulting, public policy, information technology & services, marketing, marketing & advertising, consumer internet, consumers, internet",http://www.linkedin.com/in/paul-hanley-abab60a,http://www.beyondyourbase.com,http://www.linkedin.com/company/beyond-your-base,,,"Denver, CO, USA",Denver,Colorado,United States,"8181 Arista Pl, Suite 100, Broomfield, Colorado 80021, US",Broomfield,Colorado,United States,'+17204324435,,,,,,,,,,false,false,false,false,,8742,54182,54a38f0174686938ac52d602,64630136ea5d5f0001fa3940,54a38f0174686938ac52d602,,,,,,,,,,,,,,Managing Director,RAHUL@NESTAKTECHNOLOGY.COM,beyondyourbase.com,rahul@nestacktechnology_sample,4,public relations & communications
Randall,McCune,Director of Engineering,Cox Media Group Ohio,Cox Media Group Ohio,randy.mccune@cmg.com,Verified,Apollo,Apollo,,Not Catch-all,2026-09-16T18:45:40+00:00,director,"master_engineering_technical, master_information_technology","engineering_technical, software_development, infrastructure",RAHUL@NESTAKTECHNOLOGY.COM,,,,'+19372252000,,false,Cold,rahul@nestacktechnology_sample,,RAHUL@NESTAKTECHNOLOGY.COM,750,marketing & advertising,"television, radio, digital, direct mail, advertising services, b2b, services, media, marketing, marketing & advertising",http://www.linkedin.com/in/randall-mccune-1598957,https://coxmediagroupohio.com,http://www.linkedin.com/company/cox-media-group-ohio,,,"Dayton, OH, USA",Dayton,Ohio,United States,"1611 S. Main St., Dayton, OH 45409, US",Dayton,Ohio,United States,'+19372252000,,34.3M,,,,,,,,false,false,false,false,,,"51612, 51611, 541810",5fb269cc0992a600011034ea,556dc6dd736964127e3b9101,5fb269cc0992a600011034ea,,,,,,,,,,,,,,Director of Engineering,RAHUL@NESTAKTECHNOLOGY.COM,cmg.com,rahul@nestacktechnology_sample,750,marketing & advertising
Rashi,Ray,Director,Response India Pvt Ltd,Response India Pvt Ltd,rashiray@responseindia.com,Verified,Apollo,Apollo,,Not Catch-all,2026-09-16T18:45:55+00:00,director,,,RAHUL@NESTAKTECHNOLOGY.COM,,,,,,false,Cold,rahul@nestacktechnology_sample,,RAHUL@NESTAKTECHNOLOGY.COM,47,marketing & advertising,"brstrategy, advertising, pr influence, digital media, social media, communications, creative, facebook ad, google ad, advertising services, brand & communication consultancy, software solutions, marketing communication, calcutta advertising, digital branding, public relations services, brand consultancy, alliance partnerships, content marketing, graphic and web design specialists, consulting, end-to-end communication, brand development, design and development, graphic design, creative services, web strategy, web solutions, b2b, public relations, marketing resources, signage design, advertising agency, digital marketing, personal expressions, strategic alliances, services, advertising and marketing, advertising agencies, brand strategy, software development, product concepts, calcutta-based, branding, personal expression services, web development, corporate identity, all-round communication, creative agency, software and web solutions, packaging strategy, market research, event marketing, consumer products, marketing, consumer internet, consumers, internet, information technology & services, marketing & advertising, events, events services, consumer goods",http://www.linkedin.com/in/rashiray,http://www.responseindia.com,http://www.linkedin.com/company/response-india-pvt-ltd,https://facebook.com/ResponseIndia/,,Singapore,Singapore,,Singapore,"Ballygunge Circular Road, 103 Tivoli Court, Kolkata, West Bengal 700019, IN",Kolkata,West Bengal,India,,,,,,,,,,,false,false,false,false,,"7311, 8743","541810, 541820",557116557369641565e00100,54a1295669702d9b8bd99801,557116557369641565e00100,,,,,,,,,,,,,,Director,RAHUL@NESTAKTECHNOLOGY.COM,responseindia.com,rahul@nestacktechnology_sample,47,marketing & advertising
Rebecca,Vella,Director,Flying Pigs,Flying Pigs,rebeccavella@hogmail.com.au,Verified,Apollo,Apollo,,Not Catch-all,2026-09-16T18:46:00+00:00,director,,,RAHUL@NESTAKTECHNOLOGY.COM,,,,'+61461568936,,false,Cold,rahul@nestacktechnology_sample,,RAHUL@NESTAKTECHNOLOGY.COM,12,marketing & advertising,"digital marketing, search engine optimisation, search engine marketing, social media paid advertising, copywriting, web development, web design, uxui, conversion rate optimisation, digital tracking infrastructure, data analysis, analytics implementations, web hosting services, digital design, html5, advertising services, analytics, melbourne, social media, performance marketing, pay-per-click advertising, digital branding, website development, influencer marketing, email marketing, digital marketing services, market research, services, campaign management, branding solutions, information technology and services, brand strategy, full-service agency, user experience, graphic design, brand positioning, online advertising, social media marketing, creative branding, online advertising campaigns, b2b, conversion optimization, digital advertising, advertising agencies, video marketing, marketing and advertising, local seo, website design, search engine optimization, seo, event marketing, website optimization, content creation, digital media planning, marketing automation, digital strategy, media buying, customer engagement, creative marketing, branding, branding identity, content marketing, social media management, lead generation, b2c, consumer products & retail, consulting, marketing & advertising, information technology & services, search marketing, marketing, sem, writing & editing, data analytics, consumer internet, consumers, internet, ux, events, events services, saas, computer software, enterprise software, enterprises, sales",http://www.linkedin.com/in/rebeccavella,http://www.flyingpigs.com.au,http://www.linkedin.com/company/flyingpigs,,,"Melbourne VIC, Australia",Melbourne,Victoria,Australia,"344 Johnston St, Level 3, Abbotsford, Victoria 3067, AU",Abbotsford,Victoria,Australia,'+61461568936,,,,,,,,,,false,false,false,false,,7311,541810,611d4bd7ffc2800001ca88d6,62eb44d00fcbe40001b2d0f7,611d4bd7ffc2800001ca88d6,,,,,,,,,,,,,,Director,RAHUL@NESTAKTECHNOLOGY.COM,hogmail.com.au,rahul@nestacktechnology_sample,12,marketing & advertising
Richard,Rae,Creative Director,CORE Marketing Communications,CORE Marketing Communications,richardr@coremarketingcommunications.com,Verified,Apollo,Apollo,,Not Catch-all,2026-09-16T18:45:42+00:00,director,design,all_design,RAHUL@NESTAKTECHNOLOGY.COM,,,,'+17342051540,,false,Cold,rahul@nestacktechnology_sample,,RAHUL@NESTAKTECHNOLOGY.COM,3,marketing & advertising,"print ad, email marketing, copywriting, logo, rebranding, website development, ux design, direct mail marketing, social media marketing, creative direction, photoshoot, marketing services, marketing & advertising, writing & editing, web development, information technology & services, consumer internet, consumers, internet",http://www.linkedin.com/in/richardrae,http://www.core-marketing.com,http://www.linkedin.com/company/core-marketing-plymouth,,,"Belleville, MI 48111, USA",Belleville,Michigan,United States,"47585 Galleon Dr, Plymouth, Michigan 48170, US",Plymouth Township,Michigan,United States,'+17342051540,,,,,,,,,,false,false,false,false,,,,54abe2fa746869332dd52014,6598d906317286000183d912,54abe2fa746869332dd52014,,,,,,,,,,,,,,Creative Director,RAHUL@NESTAKTECHNOLOGY.COM,coremarketingcommunications.com,rahul@nestacktechnology_sample,3,marketing & advertising
Rakesh,Joshi,Owner & Managing Director,Brand Easy Australia,Brand Easy Australia,rick@brandeasyaustralia.com.au,Verified,Apollo,Apollo,,Not Catch-all,2026-09-16T18:45:53+00:00,owner,,,RAHUL@NESTAKTECHNOLOGY.COM,,,,'+61291686966,,false,Cold,rahul@nestacktechnology_sample,,RAHUL@NESTAKTECHNOLOGY.COM,9,marketing & advertising,"business marketing packages, business promotional products, web designing hosting, business directory, advertising services, brand strategy, google maps ranking, print solutions, small business marketing, branding and logo design, seo optimization, website support for trades, user experience, google ads management, responsive web solutions, website maintenance, search engine ranking, wordpress customization, digital advertising, content creation, digital marketing, search engine optimization, business branding, printing services, responsive web design, online visibility for smbs, content marketing, services, print and digital branding, business growth strategies, local seo services, branding services, scalable websites, branding, small business digital marketing, responsive design, advertising and marketing, local business support, social media management, web development, website design services, b2b, local seo, social media marketing, lead generation, small business solutions, google my business management, flyer and banner design, graphic design, quick website turnaround, wordpress development, responsive websites, information technology and services, ui/ux design, online presence enhancement, computer systems design and related services, website design, local business branding, marketing & advertising, ux, seo, information technology & services, search marketing, marketing, consumer internet, consumers, internet, sales, web design",http://www.linkedin.com/in/rakesh-joshi-01926120,http://www.brandeasyaustralia.com.au,http://www.linkedin.com/company/brand-easy-australia,https://www.facebook.com/BrandEasyAu/,,"Sydney NSW, Australia",Sydney,New South Wales,Australia,"1, cooks Ave, Canterbury, NSW 2193, AU",Sydney,New South Wales,Australia,'+61291686966,,,,,,,,,,false,false,false,false,,"7375, 7311, 7336, 2752","54151, 541810, 541430, 323111",54ebc171746869431174d81d,556d0bbc7369641202f38500,54ebc171746869431174d81d,,,,,,,,,,,,,,Owner & Managing Director,RAHUL@NESTAKTECHNOLOGY.COM,brandeasyaustralia.com.au,rahul@nestacktechnology_sample,9,marketing & advertising
Rishabh,Chatterjee,Co-Founder & CTO,Passionfruit,Passionfruit,rishabh@getpassionfruit.com,Verified,Apollo,Apollo,,Not Catch-all,2026-09-16T18:45:37+00:00,founder,"c_suite, master_engineering_technical","founder, information_technology_executive, engineering_technical, technology_operations",RAHUL@NESTAKTECHNOLOGY.COM,,,,'+16504502792,,false,Cold,rahul@nestacktechnology_sample,,RAHUL@NESTAKTECHNOLOGY.COM,86,marketing & advertising,"seo, artificial intelligence, digital marketing, marketing services, e-commerce, user experience, content marketing, ai search optimization, link building, software development, ai referral traffic, ai content authority, seo optimization, ai content citations, ai traffic optimization, ai search disruption, content citations, ai native digital marketing, ai content deconstruction, advertising agencies, data-driven marketing, omni channel ads management, marketing and advertising, generative engine optimization, data analytics, services, market research, product-led growth, ai search rankings, authority building, growth engine development, b2c, multi-channel advertising, ai content strategy, content authority building, ai citation analysis, data-backed strategies, ad campaign optimization, schema markup, ai content blueprinting, ai search, ai-driven seo, ad optimization, ai referrals, b2b, growth marketing, geo, utm tagging, performance tracking, real-time performance tracking, d2c, retail, ai traffic tracking, consulting, portfolio management, llm search engines, information technology and services, ai prompt engineering, information technology & services, search marketing, marketing, marketing & advertising, consumer internet, consumers, internet, ux",http://www.linkedin.com/in/rishabhc,http://www.getpassionfruit.com,http://www.linkedin.com/company/getpassionfruit,,,"New York, NY, USA",New York,New York,United States,"169 Madison Ave, New York, NY 10016, US",New York,New York,United States,'+16504502792,,,,,,,,,,false,false,false,false,,"7375, 7372, 7311","54181, 513210, 541613",66f748cfad1cfb00013e8a63,641776e816e83100015864d2,66f748cfad1cfb00013e8a63,,,,,,,,,,,,,,Co-Founder & CTO,RAHUL@NESTAKTECHNOLOGY.COM,getpassionfruit.com,rahul@nestacktechnology_sample,86,marketing & advertising
Roman,Novoa,Sales Director and Business Developer,Lince Digital Marketing,Lince Digital Marketing,rnovoa@lincedigitalmarketing.com,Verified,Apollo,Apollo,,Not Catch-all,2026-09-16T18:45:45+00:00,director,"master_engineering_technical, master_information_technology, master_sales","software_development, application_development, sales",RAHUL@NESTAKTECHNOLOGY.COM,,,,'+19543054001,,false,Cold,rahul@nestacktechnology_sample,,RAHUL@NESTAKTECHNOLOGY.COM,13,marketing & advertising,"paginas web profesionales, redes sociales, campana seo sem, asistencia virtual, chat virtual online, crm automation, gohighlevel, south florida, marketing services, client retention, conversion optimization, advertising agencies, search engine optimization, website design, online presence, crm integration, lookalike audience creation, customer engagement, remarketing campaigns, web development, lead generation, online marketing, email marketing, b2b, information technology, real estate, crm management, roi tracking, social media management, ads management, google maps optimization, social media campaigns, campaign optimization, seo, legal, website development, local business marketing, mobile-friendly design, professional services, data-driven marketing, content creation, targeted advertising, digital advertising, brand growth, consulting, marketing automation, digital marketing, local seo, education, interactive social media, brand visibility, customer relationship management, google maps management, services, content marketing, digital presence enhancement, customer loyalty programs, performance analytics, digital strategy, email automation, responsive web design, digital branding, b2c, social networks, marketing & advertising, information technology & services, search marketing, marketing, web design, sales, professional training & coaching, saas, computer software, enterprise software, enterprises, crm",http://www.linkedin.com/in/romanerasmonovoa,http://www.lincedigitalmarketing.com,http://www.linkedin.com/company/lincedigitalmarketing,https://www.facebook.com/profile.php,https://twitter.com/Lince_Marketing,"Hollywood, FL, USA",Hollywood,Florida,United States,"Pembroke Pines, 33024, US",Pembroke Pines,Florida,United States,'+19543054001,,,,,,,,,,false,false,false,false,,"7311, 7336","541810, 541430",54a2db857468693825385142,56dd8b11f3e5bb1ae9005ab4,54a2db857468693825385142,,,,,,,,,,,,,,Sales Director and Business Developer,RAHUL@NESTAKTECHNOLOGY.COM,lincedigitalmarketing.com,rahul@nestacktechnology_sample,13,marketing & advertising
Ross,Currie,"VP, Director of Client Services","Conroy Media, Ltd.","Conroy Media, Ltd.",ross.currie@conroymedialtd.com,Verified,Apollo,Apollo,,Not Catch-all,2026-09-16T18:45:40+00:00,vp,master_sales,customer_success,RAHUL@NESTAKTECHNOLOGY.COM,,,,'+16309207800,,false,Cold,rahul@nestacktechnology_sample,,RAHUL@NESTAKTECHNOLOGY.COM,14,marketing & advertising,"media planning, media buying, digital advertising, advertising media management, advertising, digital media, marketing, integrated marketing communications, streaming video, streaming audio, programmatic display, social media, paid sociak, paid search, advertising services, analytics, government, services, data-driven marketing, b2c, media-neutral imc, advertising agencies, paid media management, multi-platform media, media performance analytics, holistic marketing, email marketing, media activation, accountable marketing solutions, broadcast media, digital marketing, print advertising, full-service marketing agency, media activation strategies, marketing and advertising, public relations, campaign management, b2b, media optimization, customized media plans, media planning and buying, sem, media roi measurement, media-neutral approach, media campaign optimization, local and national media, media strategy, google adwords, state and local government media, media analytics, social media marketing, consumer targeting, direct response marketing, consumer behavior analysis, consumer-centric strategies, out-of-home advertising, multi-channel campaigns, media research tools, retail, healthcare, finance, education, consumer products & retail, consulting, marketing & advertising, consumer internet, consumers, internet, information technology & services, health care, health, wellness & fitness, hospital & health care, financial services",http://www.linkedin.com/in/rossstewartcurrie,http://www.conroymedialtd.com,http://www.linkedin.com/company/conroy-media,https://facebook.com/pages/Conroy-Media-Ltd/127321110703959,https://twitter.com/mediaexperts,"Thousand Palms, CA 92276, USA",Thousand Palms,California,United States,"2015 Spring Road, 235, Oak Brook, Illinois 60523, US",Oak Brook,Illinois,United States,'+16309207800,,4.9M,,,,,,,,false,false,false,false,,7311,541810,5570301c73696434898dd600,688b1715e5a8b0000199cac5,5570301c73696434898dd600,,,,,,,,,,,,,,"VP, Director of Client Services",RAHUL@NESTAKTECHNOLOGY.COM,conroymedialtd.com,rahul@nestacktechnology_sample,14,marketing & advertising
Ross,Fuller,Managing Director,Star Digital Marketing,Star Digital Marketing,ross@stardigital.com.au,Verified,Apollo,Apollo,,Not Catch-all,2026-09-16T18:45:48+00:00,director,,,RAHUL@NESTAKTECHNOLOGY.COM,,,,'+611300928199,,false,Cold,rahul@nestacktechnology_sample,,RAHUL@NESTAKTECHNOLOGY.COM,12,marketing & advertising,"advertising services, marketing & advertising",http://www.linkedin.com/in/ross-fuller-2982a68b,http://www.stardigital.com.au,http://www.linkedin.com/company/star-digital-marketing,,,"Melbourne VIC, Australia",Melbourne,Victoria,Australia,"Suite 47/10/20 Gwynne Street, Cremorne, Victoria 3121, AU",Cremorne,New South Wales,Australia,'+611300928199,,,,,,,,,,false,false,false,false,,,,629583f4240a280001fd3784,6127058622793a00014e6855,629583f4240a280001fd3784,,,,,,,,,,,,,,Managing Director,RAHUL@NESTAKTECHNOLOGY.COM,stardigital.com.au,rahul@nestacktechnology_sample,12,marketing & advertising
Sana,Khatoon,Managing Director,"HEBS Digital Marketing,LLC","HEBS Digital Marketing,LLC",sana.k@hebsdigitals.com,Verified,Apollo,Apollo,,Not Catch-all,2026-09-16T18:45:42+00:00,director,,,RAHUL@NESTAKTECHNOLOGY.COM,,,,'+12127528186,,false,Cold,rahul@nestacktechnology_sample,,RAHUL@NESTAKTECHNOLOGY.COM,1,marketing & advertising,"advertising services, inbound traffic, website development, data processing, digital marketing solution, social media marketing, marketing & advertising, web development, information technology & services, consumer internet, consumers, internet",http://www.linkedin.com/in/sana-k-b7b63b198,http://www.hebsdigitals.com,http://www.linkedin.com/company/hebs-digital-marketing-llc,,,"Ada, MI 49301, USA",Ada,Michigan,United States,"6749 Fulton St E, Ada, Michigan 49301, US",Ada,Michigan,United States,'+12127528186,,,,,,,,,,false,false,false,false,,,,63e0cb90a5b41e0001dfbb9d,6743920fac14570001489724,63e0cb90a5b41e0001dfbb9d,,,,,,,,,,,,,,Managing Director,RAHUL@NESTAKTECHNOLOGY.COM,hebsdigitals.com,rahul@nestacktechnology_sample,1,marketing & advertising
Sonya,Cornett,Account Director,Osceola Group Marketing,Osceola Group Marketing,scornett@osceolagroup.com,Verified,Apollo,Apollo,,Not Catch-all,2026-09-16T18:45:45+00:00,director,master_sales,account_management,RAHUL@NESTAKTECHNOLOGY.COM,,,,,,false,Cold,rahul@nestacktechnology_sample,,RAHUL@NESTAKTECHNOLOGY.COM,7,marketing & advertising,"strategic planning, creative development, media planning buying, social media, interactive strategy design, casino gaming, entertainment, hotel, native, digital strategy, advertising services, media outreach, media campaign analysis, native business development, media planning & buying, media monitoring, native america marketing, media engagement strategies, media analytics, tribal enterprise marketing, media audience targeting, customer engagement, entertainment marketing, campaign management, brand development, media negotiation, b2b, advertising agency, media budget optimization, native-owned business marketing, customer relationship management, social media marketing, media research tools, advertising agencies, media planning and buying, tribal gaming marketing, media optimization, cultural branding, media analytics tools, media roi tracking, marketing and advertising, native american business services, media buying, digital marketing, media experience, brand awareness, media strategy, media execution, marketing communications, brand strategy, native community engagement, full-service marketing agency, results-driven campaigns, hotel marketing, tribal hotel marketing, entertainment event promotion, gaming industry marketing, media management software, services, media value enhancement, customer relationship building, consumer internet, consumers, internet, information technology & services, hospitality, leisure, travel & tourism, marketing, marketing & advertising, crm, sales, enterprise software, enterprises, computer software, public relations & communications",http://www.linkedin.com/in/guptasonya,http://www.osceolagroupmarketing.com,http://www.linkedin.com/company/osceola-group-marketing,,,"Kansas City, MO, USA",Kansas City,Missouri,United States,"Mission, KS 66205, US",,Kansas,United States,,,,,,,,,,,false,false,false,false,,7311,"541810, 541830, 541910",60d3a032bbcc4c0001e7214d,556d7a3a73696411fdc31401,60d3a032bbcc4c0001e7214d,,,,,,,,,,,,,,Account Director,RAHUL@NESTAKTECHNOLOGY.COM,osceolagroup.com,rahul@nestacktechnology_sample,7,marketing & advertising
Shakti,Misra,Founder & CTO,Panthos Labs,Panthos Labs,shakti.m@panthos.com.au,Verified,Apollo,Apollo,,Not Catch-all,2026-09-16T18:45:37+00:00,founder,"c_suite, master_engineering_technical","founder, information_technology_executive, engineering_technical, technology_operations",RAHUL@NESTAKTECHNOLOGY.COM,,,,'+611300622316,,false,Cold,rahul@nestacktechnology_sample,,RAHUL@NESTAKTECHNOLOGY.COM,8,information technology & services,"google cloud platform, data warehouse, data solutions, data pipelines, machine learning, app development, bi analytics, it services & it consulting, custom app development, ai in marketing, ai and ml integration, ai chatbots for startups, computer systems design and related services, predictive analytics, regulation-ready app development, consulting, security and compliance, ai chatbots, scalable apps, react native, native ios android apps, security audits, growth and user acquisition, software development, continuous app updates, ai integration, app performance analytics, app launch support, digital marketing, performance monitoring, real-time market testing, flutter, ai-powered features, b2b, data analytics, user acquisition, cross-platform development, growth strategies, regulation compliance, market validation mvp, custom app solutions, app store optimization, system integration, ai-driven app optimization, mvp development, scalable mobile apps, cloud infrastructure for startups, ongoing updates, digital marketing for apps, services, ai-powered automation, information technology and services, cloud solutions, app marketing campaigns, app security and compliance, secure apps, predictive user insights, app store submission, product scaling, ai-powered app features, cross-platform apps, ai automation in apps, growth funnels, user feedback loops, market testing, cloud deployment, business intelligence, cloud computing, b2c, artificial intelligence, information technology & services, apps, enterprise software, enterprises, computer software, marketing & advertising, analytics",http://www.linkedin.com/in/shakti-misra-2a5900151,http://www.panthos.au,http://www.linkedin.com/company/panthos-labs,,,"Upper Coomera QLD, Australia",Upper Coomera,Queensland,Australia,"8 Clunies Ross Ct, Suite No 47 Level 1, Eight Mile Plains, Queensland 4113, AU",Eight Mile Plains,Queensland,Australia,'+611300622316,,,,,,,,,,false,false,false,false,,"7375, 7371, 7311, 7336","541511, 541512, 541430, 541810",66fb28c74f270c0001d4405e,6048e51abd4c980001ea1e94,66fb28c74f270c0001d4405e,,,,,,,,,,,,,,Founder & CTO,RAHUL@NESTAKTECHNOLOGY.COM,panthos.com.au,rahul@nestacktechnology_sample,8,information technology & services
Sharon,Teo,Associate Business Development Director — Singapore,FABCOM,FABCOM,sharon.teo@fabcom.hk,Verified,Apollo,Apollo,,Not Catch-all,2026-09-16T18:45:58+00:00,director,master_sales,business_development,RAHUL@NESTAKTECHNOLOGY.COM,,,,'+85223873138,,false,Cold,rahul@nestacktechnology_sample,,RAHUL@NESTAKTECHNOLOGY.COM,120,marketing & advertising,"programmatic display, social advertising, search engine marketing, direct media buy, kol collaboration, 3rd party tracking, advertising services, market updates, regional agency, speed to market, performance-driven campaigns, online presence, social media marketing, advertising agencies, campaign management, passionate team, b2c, brand strategy, efficient campaign management, content creation, information technology and services, campaign optimization, media execution, b2b media, content marketing, performance marketing strategies, marketing, advertising, media planning, client collaboration, best practices, media agency, customer relationship management, media buying, client success focus, lead generation, market research, all-rounded services, digital transformation, professional digital marketing, data-driven strategies, services, global media solutions, reliable media partner, market responsiveness, digital advertising, b2b media solutions, holistic media solutions, digital marketing services, ad-hoc campaign support, performance marketing, digital marketing, client support, digital agency, marketing and advertising, b2b, consulting, sem, marketing & advertising, consumer internet, consumers, internet, information technology & services, crm, sales, enterprise software, enterprises, computer software",http://www.linkedin.com/in/sharon-teo-professional,http://www.fabcom.hk,http://www.linkedin.com/company/fabcomhongkong,,,Singapore,Singapore,,Singapore,"No.1 Sheung Yuet Road, Kowloon Bay, 36F, Hong Kong, Hong Kong 00000, HK",Hong Kong,Kowloon,Hong Kong,'+85223873138,,,,,,,,,,false,false,false,false,,7311,541810,5d40c86cf65125cbee80eb5c,5d62de979522ba08d6a8cba8,5d40c86cf65125cbee80eb5c,,,,,,,,,,,,,,Associate Business Development Director — Singapore,RAHUL@NESTAKTECHNOLOGY.COM,fabcom.hk,rahul@nestacktechnology_sample,120,marketing & advertising
Sue,Bilginer,Marketing Director,Online Digital Marketing,Online Digital Marketing,susan@oceanpacificyachts.com,Verified,Apollo,Apollo,,Not Catch-all,2026-09-16T18:45:50+00:00,director,master_marketing,marketing,RAHUL@NESTAKTECHNOLOGY.COM,,,,,,false,Cold,rahul@nestacktechnology_sample,,RAHUL@NESTAKTECHNOLOGY.COM,180,marketing & advertising,"advertising services, marketing & advertising",http://www.linkedin.com/in/sue-bilginer,https://onlinedigitalmarketing.ai,http://www.linkedin.com/company/online-dm,,,"Seattle, WA, USA",Seattle,Washington,United States,"Paris, FR",Paris,Ile-de-France,France,,,,,,,,,,,false,false,false,false,,7311,541810,57d6f745a6da986b1d4f0240,63c2d3a93e7f070001084390,57d6f745a6da986b1d4f0240,,,,,,,,,,,,,,Marketing Director,RAHUL@NESTAKTECHNOLOGY.COM,oceanpacificyachts.com,rahul@nestacktechnology_sample,180,marketing & advertising
Tammy,Ari,"Founder, Brand & Content Marketing Director",Veirtu Marketing,Veirtu Marketing,tammy@veirtu.com,Verified,Apollo,Apollo,,Not Catch-all,2026-09-16T18:46:00+00:00,founder,"c_suite, master_marketing","founder, brand_management, content_marketing, marketing, product_marketing",RAHUL@NESTAKTECHNOLOGY.COM,,,,'+14242035657,,false,Cold,rahul@nestacktechnology_sample,,RAHUL@NESTAKTECHNOLOGY.COM,1,marketing & advertising,"brand strategy, digital marketing, marketing strategy, marketing automation, market research, workflow automation, market intelligence, seo, brand design, marketing services, marketing & advertising, saas, computer software, information technology & services, enterprise software, enterprises, b2b, search marketing, marketing",http://www.linkedin.com/in/tammyari,http://www.veirtumarketing.com,http://www.linkedin.com/company/veirtu-marketing,,,"Los Angeles, CA, USA",Los Angeles,California,United States,"7080 Hollywood Blvd, Suite 700, Los Angeles, California 90028, US",Los Angeles,California,United States,'+14242035657,,,,,,,,,,false,false,false,false,,,,66fec227b5d14e00011acd5d,68faf2019332f000019945c2,66fec227b5d14e00011acd5d,,,,,,,,,,,,,,"Founder, Brand & Content Marketing Director",RAHUL@NESTAKTECHNOLOGY.COM,veirtu.com,rahul@nestacktechnology_sample,1,marketing & advertising
Tonya,Tinney,Director of Operations,The Personal Touch,The Personal Touch,tonya@ptmailer.com,Verified,Apollo,Apollo,,Not Catch-all,2026-09-16T18:45:40+00:00,director,master_operations,operations,RAHUL@NESTAKTECHNOLOGY.COM,,,,'+18177957895,,false,Cold,rahul@nestacktechnology_sample,,RAHUL@NESTAKTECHNOLOGY.COM,20,marketing & advertising,"advertising services, direct mail, mail tracking, addressing services, barcoding, mail preparation, mailing lists, data services, deduplication, cass processing, ncoa update, variable data printing, direct mail advertising, customer outreach, mail piece design, personalized marketing, postal regulations compliance, automation compatible mail, direct mail marketing, targeted marketing, sales lead generation, customer retention, market research, postage savings, direct mail campaigns, database management, response rate improvement, mail sorting, mail piece folding, letter mail merge, direct mail services, digital marketing comparison, customer relationship building, printing services, high-speed addressing, automation solutions, mail sorting equipment, direct mail strategy, customer loyalty programs, data enrichment, tracking mail delivery, regional mail services, custom mailing solutions, outdated address correction, service area coverage, nationwide service, mail processing efficiency, cost-effective mailing, response optimization, campaign planning, b2b, b2c, d2c, non-profit, consulting, services, marketing & advertising, marketing, nonprofit organization management",http://www.linkedin.com/in/tonya-tinney-48b276232,http://www.ptmailer.com,http://www.linkedin.com/company/the-personal-touch,,,"Arlington, TX, USA",Arlington,Texas,United States,"2321 Michigan Ct, Dalworthington Gardens, Texas 76016, US",Dalworthington Gardens,Texas,United States,'+18177957895,,,,,,,,,,false,false,false,false,,7331,54186,651b95f0fdee60000146e5fa,54a1365569702d407ff41001,651b95f0fdee60000146e5fa,,,,,,,,,,,,,,Director of Operations,RAHUL@NESTAKTECHNOLOGY.COM,ptmailer.com,rahul@nestacktechnology_sample,20,marketing & advertising
Thomas,Wetzel,Group Media Director,Rainstorm Direct (Formerly Known as MMSI),Rainstorm Direct (Formerly Known as MMSI),twetzel@rainstormdirect.com,Verified,Apollo,Apollo,,Not Catch-all,2026-09-16T18:45:55+00:00,director,master_marketing,advertising,RAHUL@NESTAKTECHNOLOGY.COM,,,,'+14017376465,,false,Cold,rahul@nestacktechnology_sample,,RAHUL@NESTAKTECHNOLOGY.COM,180,marketing & advertising,"direct response advertising, pay for performance advertising, lead generation, media buying, analytics, strategy, direct to consumer, ott, media planning, advertising services, advertising agencies, performance marketing, media campaign agility, tv and video advertising, media outcome tracking, media inventory access, media data feeds, media analytics, media attribution, advertising & marketing, media buying & planning, digital advertising, media reporting, media cost reduction, media reach and frequency, media performance analytics, media shift navigation, media inventory exclusives, network and syndicated inventory, b2b, hidden inventory access, media partner relationships, media partnerships, media buying automation, media performance measurement, media inventory, media negotiation, media campaign management, media inventory discounts, proprietary media tools, services, media reporting tools, industry-leading technology, media audience segmentation, d2c, audience targeting, audience addressable media, media campaign optimization, drtv, media cost savings, media outcome guarantees, media optimization, media strategy, ctv, cost-per-lead optimization, b2c, marketing & advertising, sales, information technology & services",http://www.linkedin.com/in/thomas-wetzel-619875b,http://www.rainstormdirect.com,http://www.linkedin.com/company/rainstormdirect,,,"Cranston, RI, USA",Cranston,Rhode Island,United States,"249 NW Park Ave, Portland, Oregon 97209, US",Portland,Oregon,United States,'+14017376465,,,,,,,,,,false,false,false,false,,"7311, 7812","541810, 512110",61106a9fa970a400013db39b,6797843b386cf70001fe9d4c,61106a9fa970a400013db39b,,,,,,,,,,,,,,Group Media Director,RAHUL@NESTAKTECHNOLOGY.COM,rainstormdirect.com,rahul@nestacktechnology_sample,180,marketing & advertising
Tarek,Delavallade,Executive Director,Fent Promo,Fent Promo,ty@fentinc.com,Verified,Apollo,Apollo,,Not Catch-all,2026-09-16T18:45:53+00:00,director,,,RAHUL@NESTAKTECHNOLOGY.COM,,,,,,false,Cold,rahul@nestacktechnology_sample,,RAHUL@NESTAKTECHNOLOGY.COM,1,marketing & advertising,"promo, branding, promotional products, advertising products, giveaways, swag, swagbags, welcome gifts, supplier diversity, diverse supplier, marketing services, marketing & advertising",http://www.linkedin.com/in/tarekdelavallade,http://www.fentpromo.com,http://www.linkedin.com/company/fent-promo,,,"Memphis, TN, USA",Memphis,Tennessee,United States,"9100 conroy windermere road, windermere, fl, united states",Windermere,Florida,United States,,,,,,,,,,,false,false,false,false,,,,67a280bf0b624800018a695f,62d508b00a001000cba9dd72,67a280bf0b624800018a695f,,,,,,,,,,,,,,Executive Director,RAHUL@NESTAKTECHNOLOGY.COM,fentinc.com,rahul@nestacktechnology_sample,1,marketing & advertising
Victoria,Lawhead,Director,"Scribes, Inc.","Scribes, Inc.",victoria.lawhead@scribesinc.com,Verified,Apollo,Apollo,,Not Catch-all,2026-09-16T18:45:58+00:00,director,,,RAHUL@NESTAKTECHNOLOGY.COM,,,,'+16306543800,,false,Cold,rahul@nestacktechnology_sample,,RAHUL@NESTAKTECHNOLOGY.COM,23,marketing & advertising,"advertising services, product fulfillment, laser engraved plaques, genuine bamboo plaques, engraving services, customer service, awards and recognition, retail, e-commerce, services, custom recognition solutions, recognition programs, plaques, custom recognition items, award design, custom awards, award manufacturing, certification products, b2b, awards products, foil logo certificates, international recognition programs, manufacturing, sign manufacturing, padded leatherette frames, certificate covers, recognition products, promotional products, awards, international recognition, product customization, timely delivery, quality craftsmanship, value, service, marketing & advertising, consumer internet, consumers, internet, information technology & services, mechanical or industrial engineering",http://www.linkedin.com/in/victoria-lawhead-4b8435113,http://www.scribesinc.com,http://www.linkedin.com/company/scribes-inc.,,,"Willowbrook, IL, USA",Willowbrook,Illinois,United States,"7725 S Grant St, Burr Ridge, IL 60527, US",Burr Ridge,Illinois,United States,'+16306543800,,,,,,,,,,false,false,false,false,,3999,33995,57de0b01a6da987b2ca27bd9,68fd3b948c9cb8000168e6b6,57de0b01a6da987b2ca27bd9,,,,,,,,,,,,,,Director,RAHUL@NESTAKTECHNOLOGY.COM,scribesinc.com,rahul@nestacktechnology_sample,23,marketing & advertising
Wayne,Dring,Managing Director,intune digital marketing,intune digital marketing,wayne.dring@intunedigitalmarketing.com,Verified,Apollo,Apollo,,Not Catch-all,2026-09-16T18:45:50+00:00,director,,,RAHUL@NESTAKTECHNOLOGY.COM,,,,,,false,Cold,rahul@nestacktechnology_sample,,RAHUL@NESTAKTECHNOLOGY.COM,1,marketing & advertising,"seo, web design, hosting, content creation, video production, copy writing, press releases, google ads, facebook ads, lead generation, sales, advertising services, information technology & services, search marketing, marketing, marketing & advertising, copywriting, writing & editing, public relations & communications",http://www.linkedin.com/in/wayne-dring,http://www.intunedigitalmarketing.com,http://www.linkedin.com/company/intune-digital-marketing,,https://twitter.com/waynedring,"Brisbane QLD, Australia",Brisbane,Queensland,Australia,"Brisbane, Queensland 4120, AU",Brisbane,Queensland,Australia,,,,,,,,,,,false,false,false,false,,,,57df8604a6da980b2ff9cda8,5f3da8bc6cc3760001afc08f,57df8604a6da980b2ff9cda8,,,,,,,,,,,,,,Managing Director,RAHUL@NESTAKTECHNOLOGY.COM,intunedigitalmarketing.com,rahul@nestacktechnology_sample,1,marketing & advertising
Naohiro,Yamaura,Director and COO,"Ayudante, Inc.","Ayudante, Inc.",yamaura@ayudante.jp,Verified,Apollo,Apollo,,Not Catch-all,2026-09-16T18:45:50+00:00,c_suite,"c_suite, master_information_technology, master_operations","operations_executive, business_service_management_itsm, operations",RAHUL@NESTAKTECHNOLOGY.COM,,,,,,false,Cold,rahul@nestacktechnology_sample,,RAHUL@NESTAKTECHNOLOGY.COM,85,marketing & advertising,"organic search strategies marketing, paid search management, google analytics consulting, mobile software development, social media platform development, advertising services, data-driven marketing, ai insights, gtm (google tag manager), ai content optimization, sem, bigquery, seo services, ai gemini, ai forecasting, cloud services, capi (conversion api), ai data privacy, ai perplexity, power bi, business intelligence, marketing automation, ai anomaly detection, data science, consulting, google analytics, google cloud, data analytics, powerpoint, ai predictive analytics, ai marketing automation, google marketing platform, seo, social media marketing, management consulting services, google ads, b2b, ai chatgpt, digital marketing, data visualization, information technology, cloud computing, tableau, serps max, firebase analytics, ai, information technology and services, excel, web analytics, services, looker studio, serps optimization, ppc, ai overview, ai robots.txt, marketing & advertising, information technology & services, search marketing, marketing, enterprise software, enterprises, computer software, analytics, saas, consumer internet, consumers, internet",http://www.linkedin.com/in/naohiro-yamaura-00772043,http://www.ayudante.jp,http://www.linkedin.com/company/ayudante-inc-,,,Singapore,Singapore,,Singapore,"2-2-4 Kojimachi, Kojimachi Central Bldg. 6F, Chiyoda, Tokyo 102-0083, JP",Chiyoda,Tokyo,Japan,,,,,,,,,,,false,false,false,false,,7375,"541613, 541512",54a20b5d74686935beeac907,54a13c6869702d231f6a2702,54a20b5d74686935beeac907,,,,,,,,,,,,,,Director and COO,RAHUL@NESTAKTECHNOLOGY.COM,ayudante.jp,rahul@nestacktechnology_sample,85,marketing & advertising
